source_id,source_region_id,group_id,prediction_4096,confidence_4096,dvbt_probability_4096,prediction_512_mean,confidence_512_mean,dvbt_probability_512_mean,dvbt_window_count,lte_window_count,wifi_window_count,vote_tie,category,window_top1_labels,window_top1_confidences,window_dvbt_probabilities
tr_external_uz_dvbt_f482_r01,0,6281,DVB-T,0.9860314130783081,0.9860314130783081,DVB-T,0.8617638684809208,0.8617638684809208,6,2,0,False,both_correct,LTE|DVB-T|LTE|DVB-T|DVB-T|DVB-T|DVB-T|DVB-T,0.49929485|0.99803978|0.50733960|0.99067503|0.99759394|0.93053550|0.99944323|0.99747664,0.49355349|0.99803978|0.48679334|0.99067503|0.99759394|0.93053550|0.99944323|0.99747664
tr_external_uz_dvbt_f482_r01,1,6282,DVB-T,0.9998279809951782,0.9998279809951782,DVB-T,0.9817838445305824,0.9817838445305824,8,0,0,False,both_correct,DVB-T|DVB-T|DVB-T|DVB-T|DVB-T|DVB-T|DVB-T|DVB-T,0.99904996|0.99697888|0.86261374|0.99983418|0.99963355|0.99792731|0.99986374|0.99836940,0.99904996|0.99697888|0.86261374|0.99983418|0.99963355|0.99792731|0.99986374|0.99836940
tr_external_uz_dvbt_f482_r01,2,6283,DVB-T,0.9980781078338623,0.9980781078338623,DVB-T,0.8015797084663063,0.8015797084663063,6,2,0,False,both_correct,DVB-T|LTE|DVB-T|DVB-T|DVB-T|DVB-T|DVB-T|LTE,0.99930203|0.54214990|0.99933273|0.99782938|0.99400604|0.98961967|0.95936817|0.97602004,0.99930203|0.45281667|0.99933273|0.99782938|0.99400604|0.98961967|0.95936817|0.02036299
tr_external_uz_dvbt_f482_r01,3,6284,DVB-T,0.9988277554512024,0.9988277554512024,DVB-T,0.9716554656624794,0.9716554656624794,8,0,0,False,both_correct,DVB-T|DVB-T|DVB-T|DVB-T|DVB-T|DVB-T|DVB-T|DVB-T,0.92240685|0.99761128|0.99932289|0.99801242|0.99938560|0.86047912|0.99781454|0.99821103,0.92240685|0.99761128|0.99932289|0.99801242|0.99938560|0.86047912|0.99781454|0.99821103
tr_external_uz_dvbt_f482_r01,4,6285,DVB-T,0.9997414946556091,0.9997414946556091,DVB-T,0.9806109741330147,0.9806109741330147,8,0,0,False,both_correct,DVB-T|DVB-T|DVB-T|DVB-T|DVB-T|DVB-T|DVB-T|DVB-T,0.99728107|0.99891603|0.99221593|0.99794942|0.86455625|0.99654418|0.99778146|0.99964345,0.99728107|0.99891603|0.99221593|0.99794942|0.86455625|0.99654418|0.99778146|0.99964345
tr_external_uz_dvbt_f482_r01,5,6286,DVB-T,0.9997343420982361,0.9997343420982361,DVB-T,0.9532699584960938,0.9532699584960938,8,0,0,False,both_correct,DVB-T|DVB-T|DVB-T|DVB-T|DVB-T|DVB-T|DVB-T|DVB-T,0.78141892|0.99762326|0.99960917|0.90580553|0.99911696|0.97285807|0.99633479|0.97339296,0.78141892|0.99762326|0.99960917|0.90580553|0.99911696|0.97285807|0.99633479|0.97339296
tr_external_uz_dvbt_f482_r01,6,6287,DVB-T,0.9998040795326233,0.9998040795326233,DVB-T,0.9057332873344421,0.9057332873344421,7,1,0,False,both_correct,DVB-T|DVB-T|DVB-T|DVB-T|LTE|DVB-T|DVB-T|DVB-T,0.99928755|0.98480046|0.99862528|0.99529856|0.72041440|0.99964190|0.99913722|0.99403292,0.99928755|0.98480046|0.99862528|0.99529856|0.27504241|0.99964190|0.99913722|0.99403292
tr_external_uz_dvbt_f482_r01,7,6288,DVB-T,0.9994688630104065,0.9994688630104065,DVB-T,0.9973741248250008,0.9973741248250008,8,0,0,False,both_correct,DVB-T|DVB-T|DVB-T|DVB-T|DVB-T|DVB-T|DVB-T|DVB-T,0.98872036|0.99605942|0.99966526|0.99864835|0.99917763|0.99747914|0.99960536|0.99963748,0.98872036|0.99605942|0.99966526|0.99864835|0.99917763|0.99747914|0.99960536|0.99963748
tr_external_uz_dvbt_f482_r01,8,6289,DVB-T,0.9997389912605286,0.9997389912605286,DVB-T,0.9988946914672852,0.9988946914672852,8,0,0,False,both_correct,DVB-T|DVB-T|DVB-T|DVB-T|DVB-T|DVB-T|DVB-T|DVB-T,0.99986088|0.99958247|0.99952650|0.99951816|0.99863750|0.99965465|0.99940109|0.99497628,0.99986088|0.99958247|0.99952650|0.99951816|0.99863750|0.99965465|0.99940109|0.99497628
tr_external_uz_dvbt_f482_r01,9,6290,DVB-T,0.9993650317192078,0.9993650317192078,DVB-T,0.9976246878504753,0.9976246878504753,8,0,0,False,both_correct,DVB-T|DVB-T|DVB-T|DVB-T|DVB-T|DVB-T|DVB-T|DVB-T,0.99737263|0.99712890|0.99728739|0.99390596|0.99967265|0.99926430|0.99909842|0.99726725,0.99737263|0.99712890|0.99728739|0.99390596|0.99967265|0.99926430|0.99909842|0.99726725
tr_external_uz_dvbt_f482_r01,10,6291,DVB-T,0.9992654919624329,0.9992654919624329,DVB-T,0.8421780653297901,0.8421780653297901,7,1,0,False,both_correct,DVB-T|DVB-T|DVB-T|DVB-T|LTE|DVB-T|DVB-T|DVB-T,0.99622500|0.99931228|0.99831259|0.99922681|0.94290149|0.69328958|0.99924242|0.99722654,0.99622500|0.99931228|0.99831259|0.99922681|0.05458930|0.69328958|0.99924242|0.99722654
tr_external_uz_dvbt_f482_r01,11,6292,DVB-T,0.9993289709091187,0.9993289709091187,DVB-T,0.998788520693779,0.998788520693779,8,0,0,False,both_correct,DVB-T|DVB-T|DVB-T|DVB-T|DVB-T|DVB-T|DVB-T|DVB-T,0.99970561|0.99977762|0.99978763|0.99796593|0.99859399|0.99803859|0.99892849|0.99751031,0.99970561|0.99977762|0.99978763|0.99796593|0.99859399|0.99803859|0.99892849|0.99751031
tr_external_uz_dvbt_f482_r01,12,6293,DVB-T,0.9996854066848755,0.9996854066848755,DVB-T,0.8881887048482895,0.8881887048482895,7,1,0,False,both_correct,DVB-T|DVB-T|LTE|DVB-T|DVB-T|DVB-T|DVB-T|DVB-T,0.99218422|0.99847287|0.76694459|0.99956065|0.91194659|0.98480392|0.99735582|0.99457693,0.99218422|0.99847287|0.22660863|0.99956065|0.91194659|0.98480392|0.99735582|0.99457693
tr_external_uz_dvbt_f482_r01,13,6294,DVB-T,0.9996360540390015,0.9996360540390015,DVB-T,0.9879679903388023,0.9879679903388023,8,0,0,False,both_correct,DVB-T|DVB-T|DVB-T|DVB-T|DVB-T|DVB-T|DVB-T|DVB-T,0.99542469|0.93591177|0.99814487|0.98986745|0.99427527|0.99902105|0.99976677|0.99133205,0.99542469|0.93591177|0.99814487|0.98986745|0.99427527|0.99902105|0.99976677|0.99133205
tr_external_uz_dvbt_f482_r01,14,6295,DVB-T,0.9996052384376526,0.9996052384376526,DVB-T,0.9478645473718643,0.9478645473718643,8,0,0,False,both_correct,DVB-T|DVB-T|DVB-T|DVB-T|DVB-T|DVB-T|DVB-T|DVB-T,0.99869019|0.71538198|0.99983644|0.90777725|0.99987113|0.99755764|0.98558712|0.97821462,0.99869019|0.71538198|0.99983644|0.90777725|0.99987113|0.99755764|0.98558712|0.97821462
tr_external_uz_dvbt_f482_r01,15,6296,DVB-T,0.999531626701355,0.999531626701355,DVB-T,0.9269943200051785,0.9269943200051785,7,1,0,False,both_correct,LTE|DVB-T|DVB-T|DVB-T|DVB-T|DVB-T|DVB-T|DVB-T,0.49156410|0.99952114|0.99907255|0.99817038|0.99872738|0.99802399|0.96001035|0.99588889,0.46653989|0.99952114|0.99907255|0.99817038|0.99872738|0.99802399|0.96001035|0.99588889
tr_external_uz_dvbt_f482_r01,16,6297,DVB-T,0.9989268183708191,0.9989268183708191,DVB-T,0.8679857216775417,0.8679857216775417,7,1,0,False,both_correct,DVB-T|DVB-T|DVB-T|DVB-T|DVB-T|DVB-T|DVB-T|LTE,0.64276659|0.99786925|0.99980730|0.99940276|0.99928790|0.99938524|0.99849176|0.68986213,0.64276659|0.99786925|0.99980730|0.99940276|0.99928790|0.99938524|0.99849176|0.30687496
tr_external_uz_dvbt_f482_r01,17,6298,DVB-T,0.9996790885925293,0.9996790885925293,DVB-T,0.9940885007381439,0.9940885007381439,8,0,0,False,both_correct,DVB-T|DVB-T|DVB-T|DVB-T|DVB-T|DVB-T|DVB-T|DVB-T,0.99877018|0.99742317|0.99904126|0.99410278|0.99954307|0.99838507|0.99955291|0.96588957,0.99877018|0.99742317|0.99904126|0.99410278|0.99954307|0.99838507|0.99955291|0.96588957
tr_external_uz_dvbt_f482_r01,18,6299,DVB-T,0.9995260238647461,0.9995260238647461,DVB-T,0.9377242848277092,0.9377242848277092,8,0,0,False,both_correct,DVB-T|DVB-T|DVB-T|DVB-T|DVB-T|DVB-T|DVB-T|DVB-T,0.95368004|0.99922442|0.59891778|0.99961203|0.99030775|0.99910754|0.96177596|0.99916875,0.95368004|0.99922442|0.59891778|0.99961203|0.99030775|0.99910754|0.96177596|0.99916875
tr_external_uz_dvbt_f482_r01,19,6300,DVB-T,0.9992378950119019,0.9992378950119019,DVB-T,0.8733446761034429,0.8733446761034429,7,1,0,False,both_correct,LTE|DVB-T|DVB-T|DVB-T|DVB-T|DVB-T|DVB-T|DVB-T,0.98595101|0.98392940|0.99981219|0.99731243|0.99864024|0.99832827|0.99745649|0.99941301,0.01186539|0.98392940|0.99981219|0.99731243|0.99864024|0.99832827|0.99745649|0.99941301
tr_external_uz_dvbt_f482_r01,20,6301,DVB-T,0.9921060800552368,0.9921060800552368,DVB-T,0.9472660645842552,0.9472660645842552,8,0,0,False,both_correct,DVB-T|DVB-T|DVB-T|DVB-T|DVB-T|DVB-T|DVB-T|DVB-T,0.99940038|0.99746144|0.99615175|0.65192908|0.99944836|0.94850421|0.98543590|0.99979740,0.99940038|0.99746144|0.99615175|0.65192908|0.99944836|0.94850421|0.98543590|0.99979740
tr_external_uz_dvbt_f482_r01,21,6302,DVB-T,0.9995737671852112,0.9995737671852112,DVB-T,0.9643902406096458,0.9643902406096458,8,0,0,False,both_correct,DVB-T|DVB-T|DVB-T|DVB-T|DVB-T|DVB-T|DVB-T|DVB-T,0.98787677|0.99931669|0.73416245|0.99925393|0.99927634|0.99955755|0.99919862|0.99647957,0.98787677|0.99931669|0.73416245|0.99925393|0.99927634|0.99955755|0.99919862|0.99647957
tr_external_uz_dvbt_f482_r01,22,6303,DVB-T,0.9993046522140503,0.9993046522140503,DVB-T,0.9810409024357796,0.9810409024357796,8,0,0,False,both_correct,DVB-T|DVB-T|DVB-T|DVB-T|DVB-T|DVB-T|DVB-T|DVB-T,0.99939477|0.99986851|0.99979275|0.99948609|0.99970180|0.99820673|0.85410261|0.99777395,0.99939477|0.99986851|0.99979275|0.99948609|0.99970180|0.99820673|0.85410261|0.99777395
tr_external_uz_dvbt_f482_r01,23,6304,DVB-T,0.9997195601463318,0.9997195601463318,DVB-T,0.9775317683815956,0.9775317683815956,8,0,0,False,both_correct,DVB-T|DVB-T|DVB-T|DVB-T|DVB-T|DVB-T|DVB-T|DVB-T,0.99939585|0.97523832|0.85183787|0.99651140|0.99822909|0.99984205|0.99948788|0.99971169,0.99939585|0.97523832|0.85183787|0.99651140|0.99822909|0.99984205|0.99948788|0.99971169
tr_external_uz_dvbt_f482_r01,24,6305,DVB-T,0.9992178678512573,0.9992178678512573,DVB-T,0.8911789730191231,0.8911789730191231,7,1,0,False,both_correct,DVB-T|LTE|DVB-T|DVB-T|DVB-T|DVB-T|DVB-T|DVB-T,0.99969244|0.86480629|0.99932992|0.99936336|0.99964988|0.99996293|0.99877268|0.99988246,0.99969244|0.13277811|0.99932992|0.99936336|0.99964988|0.99996293|0.99877268|0.99988246
tr_external_uz_dvbt_f482_r01,25,6306,DVB-T,0.9982901215553284,0.9982901215553284,DVB-T,0.9988024085760117,0.9988024085760117,8,0,0,False,both_correct,DVB-T|DVB-T|DVB-T|DVB-T|DVB-T|DVB-T|DVB-T|DVB-T,0.99990916|0.99676943|0.99959534|0.99916303|0.99857306|0.99839538|0.99987769|0.99813616,0.99990916|0.99676943|0.99959534|0.99916303|0.99857306|0.99839538|0.99987769|0.99813616
tr_external_uz_dvbt_f482_r01,26,6307,DVB-T,0.9995061159133911,0.9995061159133911,DVB-T,0.9631464630365372,0.9631464630365372,8,0,0,False,both_correct,DVB-T|DVB-T|DVB-T|DVB-T|DVB-T|DVB-T|DVB-T|DVB-T,0.84489805|0.99966061|0.99962103|0.97373080|0.99954611|0.99666226|0.89114630|0.99990654,0.84489805|0.99966061|0.99962103|0.97373080|0.99954611|0.99666226|0.89114630|0.99990654
tr_external_uz_dvbt_f482_r01,27,6308,DVB-T,0.999629020690918,0.999629020690918,DVB-T,0.9954380616545677,0.9954380616545677,8,0,0,False,both_correct,DVB-T|DVB-T|DVB-T|DVB-T|DVB-T|DVB-T|DVB-T|DVB-T,0.98224545|0.99933535|0.99993896|0.99985063|0.99922740|0.99978012|0.99734902|0.98577756,0.98224545|0.99933535|0.99993896|0.99985063|0.99922740|0.99978012|0.99734902|0.98577756
tr_external_uz_dvbt_f482_r01,28,6309,DVB-T,0.9997686743736267,0.9997686743736267,DVB-T,0.9984756857156754,0.9984756857156754,8,0,0,False,both_correct,DVB-T|DVB-T|DVB-T|DVB-T|DVB-T|DVB-T|DVB-T|DVB-T,0.99981385|0.99973398|0.99857306|0.99969482|0.99763036|0.99932837|0.99967492|0.99335611,0.99981385|0.99973398|0.99857306|0.99969482|0.99763036|0.99932837|0.99967492|0.99335611
tr_external_uz_dvbt_f482_r01,29,6310,DVB-T,0.9996334314346313,0.9996334314346313,DVB-T,0.9830193892121315,0.9830193892121315,8,0,0,False,both_correct,DVB-T|DVB-T|DVB-T|DVB-T|DVB-T|DVB-T|DVB-T|DVB-T,0.99862015|0.99704593|0.99773574|0.90680152|0.99810493|0.97918439|0.99892443|0.98773801,0.99862015|0.99704593|0.99773574|0.90680152|0.99810493|0.97918439|0.99892443|0.98773801
tr_external_uz_dvbt_f482_r01,30,6311,DVB-T,0.9995948672294617,0.9995948672294617,DVB-T,0.9968661144375801,0.9968661144375801,8,0,0,False,both_correct,DVB-T|DVB-T|DVB-T|DVB-T|DVB-T|DVB-T|DVB-T|DVB-T,0.99970633|0.99904019|0.98826885|0.99957758|0.99413681|0.99756074|0.99715173|0.99948668,0.99970633|0.99904019|0.98826885|0.99957758|0.99413681|0.99756074|0.99715173|0.99948668
tr_external_uz_dvbt_f482_r01,31,6312,DVB-T,0.9996774196624756,0.9996774196624756,DVB-T,0.9762163385748863,0.9762163385748863,8,0,0,False,both_correct,DVB-T|DVB-T|DVB-T|DVB-T|DVB-T|DVB-T|DVB-T|DVB-T,0.99838805|0.82030797|0.99897170|0.99757355|0.99952126|0.99857843|0.99661356|0.99977618,0.99838805|0.82030797|0.99897170|0.99757355|0.99952126|0.99857843|0.99661356|0.99977618
tr_external_uz_dvbt_f482_r01,32,6313,DVB-T,0.9996650218963623,0.9996650218963623,DVB-T,0.9965844750404358,0.9965844750404358,8,0,0,False,both_correct,DVB-T|DVB-T|DVB-T|DVB-T|DVB-T|DVB-T|DVB-T|DVB-T,0.99908400|0.99970990|0.98807913|0.99661922|0.99805897|0.99467307|0.99682248|0.99962902,0.99908400|0.99970990|0.98807913|0.99661922|0.99805897|0.99467307|0.99682248|0.99962902
tr_external_uz_dvbt_f482_r01,33,6314,DVB-T,0.999767005443573,0.999767005443573,DVB-T,0.997445710003376,0.997445710003376,8,0,0,False,both_correct,DVB-T|DVB-T|DVB-T|DVB-T|DVB-T|DVB-T|DVB-T|DVB-T,0.99976414|0.98196006|0.99965513|0.99948871|0.99985623|0.99918681|0.99991333|0.99974126,0.99976414|0.98196006|0.99965513|0.99948871|0.99985623|0.99918681|0.99991333|0.99974126
tr_external_uz_dvbt_f482_r01,34,6315,DVB-T,0.9992740750312805,0.9992740750312805,DVB-T,0.9971028044819832,0.9971028044819832,8,0,0,False,both_correct,DVB-T|DVB-T|DVB-T|DVB-T|DVB-T|DVB-T|DVB-T|DVB-T,0.99965453|0.99845636|0.99990797|0.98278689|0.99964893|0.99733436|0.99970239|0.99933100,0.99965453|0.99845636|0.99990797|0.98278689|0.99964893|0.99733436|0.99970239|0.99933100
tr_external_uz_dvbt_f482_r01,35,6316,DVB-T,0.9995021820068359,0.9995021820068359,DVB-T,0.9972021356225014,0.9972021356225014,8,0,0,False,both_correct,DVB-T|DVB-T|DVB-T|DVB-T|DVB-T|DVB-T|DVB-T|DVB-T,0.99957782|0.99946791|0.99983084|0.99965882|0.99940646|0.98016983|0.99988151|0.99962389,0.99957782|0.99946791|0.99983084|0.99965882|0.99940646|0.98016983|0.99988151|0.99962389
tr_external_uz_dvbt_f482_r01,36,6317,DVB-T,0.9995567202568054,0.9995567202568054,DVB-T,0.9962451905012131,0.9962451905012131,8,0,0,False,both_correct,DVB-T|DVB-T|DVB-T|DVB-T|DVB-T|DVB-T|DVB-T|DVB-T,0.99890804|0.99859089|0.99870241|0.99953663|0.97572076|0.99928349|0.99947065|0.99974865,0.99890804|0.99859089|0.99870241|0.99953663|0.97572076|0.99928349|0.99947065|0.99974865
tr_external_uz_dvbt_f482_r01,37,6318,DVB-T,0.9988844990730286,0.9988844990730286,DVB-T,0.9957331195473671,0.9957331195473671,8,0,0,False,both_correct,DVB-T|DVB-T|DVB-T|DVB-T|DVB-T|DVB-T|DVB-T|DVB-T,0.99988306|0.99721235|0.99677223|0.99813133|0.99718106|0.99877399|0.97922909|0.99868184,0.99988306|0.99721235|0.99677223|0.99813133|0.99718106|0.99877399|0.97922909|0.99868184
tr_external_uz_dvbt_f482_r01,38,6319,DVB-T,0.9997814297676086,0.9997814297676086,DVB-T,0.9840966612100601,0.9840966612100601,8,0,0,False,both_correct,DVB-T|DVB-T|DVB-T|DVB-T|DVB-T|DVB-T|DVB-T|DVB-T,0.99872416|0.99933571|0.99842060|0.96790969|0.99992180|0.99919945|0.90972143|0.99954045,0.99872416|0.99933571|0.99842060|0.96790969|0.99992180|0.99919945|0.90972143|0.99954045
tr_external_uz_dvbt_f482_r01,39,6320,DVB-T,0.9998047947883606,0.9998047947883606,DVB-T,0.9357328936457634,0.9357328936457634,8,0,0,False,both_correct,DVB-T|DVB-T|DVB-T|DVB-T|DVB-T|DVB-T|DVB-T|DVB-T,0.93483490|0.99864680|0.99850672|0.99939024|0.99115759|0.56448883|0.99930549|0.99953258,0.93483490|0.99864680|0.99850672|0.99939024|0.99115759|0.56448883|0.99930549|0.99953258
tr_external_uz_dvbt_f482_r01,40,6321,DVB-T,0.9997503161430359,0.9997503161430359,DVB-T,0.9059751331806183,0.9059751331806183,7,1,0,False,both_correct,DVB-T|DVB-T|DVB-T|DVB-T|DVB-T|DVB-T|LTE|DVB-T,0.99717110|0.99973196|0.99906236|0.99768698|0.99869734|0.99005044|0.72135222|0.99617839,0.99717110|0.99973196|0.99906236|0.99768698|0.99869734|0.99005044|0.26922250|0.99617839
tr_external_uz_dvbt_f482_r01,41,6322,DVB-T,0.9995821118354797,0.9995821118354797,DVB-T,0.9815838411450386,0.9815838411450386,8,0,0,False,both_correct,DVB-T|DVB-T|DVB-T|DVB-T|DVB-T|DVB-T|DVB-T|DVB-T,0.99899775|0.99974078|0.87016255|0.99780065|0.99890959|0.99870026|0.98900223|0.99935693,0.99899775|0.99974078|0.87016255|0.99780065|0.99890959|0.99870026|0.98900223|0.99935693
tr_external_uz_dvbt_f482_r01,42,6323,DVB-T,0.9994860887527466,0.9994860887527466,DVB-T,0.9872492477297783,0.9872492477297783,8,0,0,False,both_correct,DVB-T|DVB-T|DVB-T|DVB-T|DVB-T|DVB-T|DVB-T|DVB-T,0.97638959|0.99966407|0.99135345|0.99974960|0.96258152|0.99990165|0.96982890|0.99852520,0.97638959|0.99966407|0.99135345|0.99974960|0.96258152|0.99990165|0.96982890|0.99852520
tr_external_uz_dvbt_f482_r01,43,6324,DVB-T,0.9990286827087402,0.9990286827087402,DVB-T,0.9993372783064842,0.9993372783064842,8,0,0,False,both_correct,DVB-T|DVB-T|DVB-T|DVB-T|DVB-T|DVB-T|DVB-T|DVB-T,0.99979168|0.99799109|0.99940085|0.99881136|0.99994338|0.99974221|0.99922132|0.99979633,0.99979168|0.99799109|0.99940085|0.99881136|0.99994338|0.99974221|0.99922132|0.99979633
tr_external_uz_dvbt_f482_r01,44,6325,DVB-T,0.999703586101532,0.999703586101532,DVB-T,0.9987697452306747,0.9987697452306747,8,0,0,False,both_correct,DVB-T|DVB-T|DVB-T|DVB-T|DVB-T|DVB-T|DVB-T|DVB-T,0.99913329|0.99929917|0.99994588|0.99517858|0.99989605|0.99884498|0.99954838|0.99831164,0.99913329|0.99929917|0.99994588|0.99517858|0.99989605|0.99884498|0.99954838|0.99831164
tr_external_uz_dvbt_f482_r01,45,6326,DVB-T,0.9995891451835632,0.9995891451835632,DVB-T,0.9920872524380684,0.9920872524380684,8,0,0,False,both_correct,DVB-T|DVB-T|DVB-T|DVB-T|DVB-T|DVB-T|DVB-T|DVB-T,0.99972588|0.99839729|0.96043563|0.99988949|0.99919146|0.99953067|0.99953067|0.97999692,0.99972588|0.99839729|0.96043563|0.99988949|0.99919146|0.99953067|0.99953067|0.97999692
tr_external_uz_dvbt_f482_r01,46,6327,DVB-T,0.9996131062507629,0.9996131062507629,DVB-T,0.9970569014549255,0.9970569014549255,8,0,0,False,both_correct,DVB-T|DVB-T|DVB-T|DVB-T|DVB-T|DVB-T|DVB-T|DVB-T,0.99262941|0.99764925|0.99972004|0.99836642|0.99954259|0.99761778|0.99165982|0.99926990,0.99262941|0.99764925|0.99972004|0.99836642|0.99954259|0.99761778|0.99165982|0.99926990
tr_external_uz_dvbt_f482_r01,47,6328,DVB-T,0.9997212290763855,0.9997212290763855,DVB-T,0.9920835942029953,0.9920835942029953,8,0,0,False,both_correct,DVB-T|DVB-T|DVB-T|DVB-T|DVB-T|DVB-T|DVB-T|DVB-T,0.99401540|0.95601630|0.99182147|0.99838901|0.99824083|0.99905413|0.99927670|0.99985492,0.99401540|0.95601630|0.99182147|0.99838901|0.99824083|0.99905413|0.99927670|0.99985492
tr_external_uz_dvbt_f482_r01,48,6329,DVB-T,0.9997939467430115,0.9997939467430115,DVB-T,0.8854895681142807,0.8854895681142807,7,1,0,False,both_correct,DVB-T|DVB-T|DVB-T|DVB-T|DVB-T|DVB-T|DVB-T|LTE,0.99812514|0.99988043|0.99939442|0.99984121|0.99689096|0.99940467|0.98866570|0.89357626,0.99812514|0.99988043|0.99939442|0.99984121|0.99689096|0.99940467|0.98866570|0.10171402
tr_external_uz_dvbt_f482_r01,49,6330,DVB-T,0.9996849298477173,0.9996849298477173,DVB-T,0.9990298822522163,0.9990298822522163,8,0,0,False,both_correct,DVB-T|DVB-T|DVB-T|DVB-T|DVB-T|DVB-T|DVB-T|DVB-T,0.99940765|0.99852151|0.99937516|0.99942577|0.99982244|0.99842668|0.99941075|0.99784911,0.99940765|0.99852151|0.99937516|0.99942577|0.99982244|0.99842668|0.99941075|0.99784911
tr_external_uz_dvbt_f482_r01,50,6331,DVB-T,0.9996991157531738,0.9996991157531738,DVB-T,0.9984378293156624,0.9984378293156624,8,0,0,False,both_correct,DVB-T|DVB-T|DVB-T|DVB-T|DVB-T|DVB-T|DVB-T|DVB-T,0.99996746|0.99422956|0.99700361|0.99939287|0.99990380|0.99991679|0.99897087|0.99811769,0.99996746|0.99422956|0.99700361|0.99939287|0.99990380|0.99991679|0.99897087|0.99811769
tr_external_uz_dvbt_f482_r01,51,6332,DVB-T,0.9996910095214844,0.9996910095214844,DVB-T,0.9987689405679703,0.9987689405679703,8,0,0,False,both_correct,DVB-T|DVB-T|DVB-T|DVB-T|DVB-T|DVB-T|DVB-T|DVB-T,0.99945825|0.99983060|0.99882561|0.99664474|0.99966669|0.99755210|0.99953878|0.99863476,0.99945825|0.99983060|0.99882561|0.99664474|0.99966669|0.99755210|0.99953878|0.99863476
tr_external_uz_dvbt_f482_r01,52,6333,DVB-T,0.9997740387916565,0.9997740387916565,DVB-T,0.9958781599998474,0.9958781599998474,8,0,0,False,both_correct,DVB-T|DVB-T|DVB-T|DVB-T|DVB-T|DVB-T|DVB-T|DVB-T,0.99323386|0.99980611|0.99154037|0.99618500|0.99218762|0.99924445|0.99943334|0.99539453,0.99323386|0.99980611|0.99154037|0.99618500|0.99218762|0.99924445|0.99943334|0.99539453
tr_external_uz_dvbt_f482_r01,53,6334,DVB-T,0.9998704195022583,0.9998704195022583,DVB-T,0.9941308349370956,0.9941308349370956,8,0,0,False,both_correct,DVB-T|DVB-T|DVB-T|DVB-T|DVB-T|DVB-T|DVB-T|DVB-T,0.99791151|0.99033034|0.99951935|0.99783820|0.99455321|0.99933225|0.99677783|0.97678399,0.99791151|0.99033034|0.99951935|0.99783820|0.99455321|0.99933225|0.99677783|0.97678399
tr_external_uz_dvbt_f482_r01,54,6335,DVB-T,0.9997777342796326,0.9997777342796326,DVB-T,0.9812501221895218,0.9812501221895218,8,0,0,False,both_correct,DVB-T|DVB-T|DVB-T|DVB-T|DVB-T|DVB-T|DVB-T|DVB-T,0.99714524|0.99917477|0.99703097|0.99894089|0.92450154|0.98608023|0.95710522|0.99002212,0.99714524|0.99917477|0.99703097|0.99894089|0.92450154|0.98608023|0.95710522|0.99002212
tr_external_uz_dvbt_f482_r01,55,6336,DVB-T,0.9997901320457458,0.9997901320457458,DVB-T,0.9966166839003563,0.9966166839003563,8,0,0,False,both_correct,DVB-T|DVB-T|DVB-T|DVB-T|DVB-T|DVB-T|DVB-T|DVB-T,0.99865329|0.99955827|0.99785268|0.99361140|0.99326986|0.99914408|0.99445158|0.99639231,0.99865329|0.99955827|0.99785268|0.99361140|0.99326986|0.99914408|0.99445158|0.99639231
tr_external_uz_dvbt_f482_r01,56,6337,DVB-T,0.9998070597648621,0.9998070597648621,DVB-T,0.9947988465428352,0.9947988465428352,8,0,0,False,both_correct,DVB-T|DVB-T|DVB-T|DVB-T|DVB-T|DVB-T|DVB-T|DVB-T,0.99698383|0.98942274|0.99967265|0.99601978|0.99974376|0.99589598|0.98908037|0.99157166,0.99698383|0.98942274|0.99967265|0.99601978|0.99974376|0.99589598|0.98908037|0.99157166
tr_external_uz_dvbt_f482_r01,57,6338,DVB-T,0.9997785687446594,0.9997785687446594,DVB-T,0.9888561517000198,0.9888561517000198,8,0,0,False,both_correct,DVB-T|DVB-T|DVB-T|DVB-T|DVB-T|DVB-T|DVB-T|DVB-T,0.97109008|0.95528883|0.99510986|0.99972624|0.99884653|0.99889874|0.99897897|0.99290997,0.97109008|0.95528883|0.99510986|0.99972624|0.99884653|0.99889874|0.99897897|0.99290997
tr_external_uz_dvbt_f482_r01,58,6339,DVB-T,0.9996628761291504,0.9996628761291504,DVB-T,0.9916145652532578,0.9916145652532578,8,0,0,False,both_correct,DVB-T|DVB-T|DVB-T|DVB-T|DVB-T|DVB-T|DVB-T|DVB-T,0.99208868|0.99321508|0.99481708|0.99425286|0.96567231|0.99944323|0.99386603|0.99956125,0.99208868|0.99321508|0.99481708|0.99425286|0.96567231|0.99944323|0.99386603|0.99956125
tr_external_uz_dvbt_f482_r01,59,6340,DVB-T,0.9997422099113464,0.9997422099113464,DVB-T,0.9794851094484329,0.9794851094484329,8,0,0,False,both_correct,DVB-T|DVB-T|DVB-T|DVB-T|DVB-T|DVB-T|DVB-T|DVB-T,0.99981230|0.99864966|0.99928480|0.99941289|0.97268289|0.88031280|0.99498838|0.99073714,0.99981230|0.99864966|0.99928480|0.99941289|0.97268289|0.88031280|0.99498838|0.99073714
tr_external_uz_dvbt_f482_r01,60,6341,DVB-T,0.9997395873069763,0.9997395873069763,DVB-T,0.9911072328686714,0.9911072328686714,8,0,0,False,both_correct,DVB-T|DVB-T|DVB-T|DVB-T|DVB-T|DVB-T|DVB-T|DVB-T,0.99976987|0.99840182|0.99736977|0.99903971|0.99799842|0.94659227|0.98976862|0.99991739,0.99976987|0.99840182|0.99736977|0.99903971|0.99799842|0.94659227|0.98976862|0.99991739
tr_external_uz_dvbt_f482_r01,61,6342,DVB-T,0.9995725750923157,0.9995725750923157,DVB-T,0.8778156000189483,0.8778156000189483,7,1,0,False,both_correct,DVB-T|DVB-T|DVB-T|LTE|DVB-T|DVB-T|DVB-T|DVB-T,0.99679285|0.99832267|0.99794430|0.95972425|0.99808037|0.99977154|0.99584550|0.99932218,0.99679285|0.99832267|0.99794430|0.03644541|0.99808037|0.99977154|0.99584550|0.99932218
tr_external_uz_dvbt_f482_r01,62,6343,DVB-T,0.9997809529304504,0.9997809529304504,DVB-T,0.9932945519685745,0.9932945519685745,8,0,0,False,both_correct,DVB-T|DVB-T|DVB-T|DVB-T|DVB-T|DVB-T|DVB-T|DVB-T,0.99909186|0.99814200|0.99193490|0.99270016|0.99156827|0.99331373|0.97988701|0.99971849,0.99909186|0.99814200|0.99193490|0.99270016|0.99156827|0.99331373|0.97988701|0.99971849
tr_external_uz_dvbt_f482_r01,63,6344,DVB-T,0.9994827508926392,0.9994827508926392,DVB-T,0.9472068548202515,0.9472068548202515,8,0,0,False,both_correct,DVB-T|DVB-T|DVB-T|DVB-T|DVB-T|DVB-T|DVB-T|DVB-T,0.99345148|0.99969161|0.99683905|0.64106065|0.95677817|0.99935323|0.99362481|0.99685585,0.99345148|0.99969161|0.99683905|0.64106065|0.95677817|0.99935323|0.99362481|0.99685585
tr_external_uz_dvbt_f482_r01,64,6345,DVB-T,0.9995941519737244,0.9995941519737244,DVB-T,0.906136330217123,0.906136330217123,7,1,0,False,both_correct,DVB-T|DVB-T|DVB-T|LTE|DVB-T|DVB-T|DVB-T|DVB-T,0.98338252|0.99616003|0.99909532|0.55888098|0.99981314|0.99845552|0.97234446|0.87542135,0.98338252|0.99616003|0.99909532|0.42441830|0.99981314|0.99845552|0.97234446|0.87542135
tr_external_uz_dvbt_f482_r01,65,6346,DVB-T,0.9992701411247253,0.9992701411247253,DVB-T,0.8984072171151638,0.8984072171151638,7,1,0,False,both_correct,LTE|DVB-T|DVB-T|DVB-T|DVB-T|DVB-T|DVB-T|DVB-T,0.76867938|0.99749494|0.97362852|0.99816471|0.99535888|0.99939454|0.99943560|0.99812847,0.22565207|0.99749494|0.97362852|0.99816471|0.99535888|0.99939454|0.99943560|0.99812847
tr_external_uz_dvbt_f482_r01,66,6347,DVB-T,0.9996516704559326,0.9996516704559326,DVB-T,0.8905846700072289,0.8905846700072289,8,0,0,False,both_correct,DVB-T|DVB-T|DVB-T|DVB-T|DVB-T|DVB-T|DVB-T|DVB-T,0.99927670|0.99877459|0.99991691|0.61803693|0.78895676|0.89621794|0.82781589|0.99568164,0.99927670|0.99877459|0.99991691|0.61803693|0.78895676|0.89621794|0.82781589|0.99568164
tr_external_uz_dvbt_f482_r01,67,6348,DVB-T,0.9994786381721497,0.9994786381721497,DVB-T,0.9549873098731041,0.9549873098731041,8,0,0,False,both_correct,DVB-T|DVB-T|DVB-T|DVB-T|DVB-T|DVB-T|DVB-T|DVB-T,0.64485347|0.99732578|0.99991238|0.99935085|0.99929154|0.99955970|0.99972028|0.99988449,0.64485347|0.99732578|0.99991238|0.99935085|0.99929154|0.99955970|0.99972028|0.99988449
tr_external_uz_dvbt_f482_r01,68,6349,DVB-T,0.9990058541297913,0.9990058541297913,DVB-T,0.9695818275213242,0.9695818275213242,8,0,0,False,both_correct,DVB-T|DVB-T|DVB-T|DVB-T|DVB-T|DVB-T|DVB-T|DVB-T,0.99973148|0.99994111|0.89437485|0.99986982|0.99909282|0.96382087|0.99882513|0.90099853,0.99973148|0.99994111|0.89437485|0.99986982|0.99909282|0.96382087|0.99882513|0.90099853
tr_external_uz_dvbt_f482_r01,69,6350,DVB-T,0.9963722229003906,0.9963722229003906,DVB-T,0.9944762662053108,0.9944762662053108,8,0,0,False,both_correct,DVB-T|DVB-T|DVB-T|DVB-T|DVB-T|DVB-T|DVB-T|DVB-T,0.99988508|0.99910790|0.97605783|0.99712712|0.99737203|0.99903178|0.99542940|0.99179900,0.99988508|0.99910790|0.97605783|0.99712712|0.99737203|0.99903178|0.99542940|0.99179900
tr_external_uz_dvbt_f482_r01,70,6351,DVB-T,0.9995052814483643,0.9995052814483643,DVB-T,0.9911211878061295,0.9911211878061295,8,0,0,False,both_correct,DVB-T|DVB-T|DVB-T|DVB-T|DVB-T|DVB-T|DVB-T|DVB-T,0.99979836|0.93457961|0.99984467|0.99807692|0.99849534|0.99852872|0.99987423|0.99977165,0.99979836|0.93457961|0.99984467|0.99807692|0.99849534|0.99852872|0.99987423|0.99977165
tr_external_uz_dvbt_f482_r01,71,6352,DVB-T,0.999652624130249,0.999652624130249,DVB-T,0.9984339699149132,0.9984339699149132,8,0,0,False,both_correct,DVB-T|DVB-T|DVB-T|DVB-T|DVB-T|DVB-T|DVB-T|DVB-T,0.99882692|0.99957734|0.99886215|0.99826497|0.99521315|0.99911553|0.99781191|0.99979979,0.99882692|0.99957734|0.99886215|0.99826497|0.99521315|0.99911553|0.99781191|0.99979979
tr_external_uz_dvbt_f482_r01,72,6353,DVB-T,0.9996243715286255,0.9996243715286255,DVB-T,0.9737734124064445,0.9737734124064445,8,0,0,False,both_correct,DVB-T|DVB-T|DVB-T|DVB-T|DVB-T|DVB-T|DVB-T|DVB-T,0.99970251|0.99970239|0.99845695|0.94671911|0.99391210|0.95293504|0.99743265|0.90132654,0.99970251|0.99970239|0.99845695|0.94671911|0.99391210|0.95293504|0.99743265|0.90132654
tr_external_uz_dvbt_f482_r01,73,6354,DVB-T,0.9996589422225952,0.9996589422225952,DVB-T,0.8736206474713981,0.8736206474713981,7,0,1,False,both_correct,DVB-T|DVB-T|DVB-T|DVB-T|DVB-T|DVB-T|DVB-T|WiFi,0.99616373|0.99762243|0.99749255|0.99590200|0.99793494|0.97660202|0.99527258|0.96759588,0.99616373|0.99762243|0.99749255|0.99590200|0.99793494|0.97660202|0.99527258|0.03197494
tr_external_uz_dvbt_f482_r01,74,6355,DVB-T,0.9992886781692505,0.9992886781692505,DVB-T,0.9965424314141273,0.9965424314141273,8,0,0,False,both_correct,DVB-T|DVB-T|DVB-T|DVB-T|DVB-T|DVB-T|DVB-T|DVB-T,0.99986172|0.99990153|0.99974662|0.99809510|0.99979228|0.99967468|0.97542155|0.99984598,0.99986172|0.99990153|0.99974662|0.99809510|0.99979228|0.99967468|0.97542155|0.99984598
tr_external_uz_dvbt_f482_r01,75,6356,DVB-T,0.9994373917579651,0.9994373917579651,DVB-T,0.9981624409556389,0.9981624409556389,8,0,0,False,both_correct,DVB-T|DVB-T|DVB-T|DVB-T|DVB-T|DVB-T|DVB-T|DVB-T,0.99878055|0.99973506|0.99988222|0.99942762|0.99882942|0.98965913|0.99928385|0.99970168,0.99878055|0.99973506|0.99988222|0.99942762|0.99882942|0.98965913|0.99928385|0.99970168
tr_external_uz_dvbt_f482_r01,76,6357,DVB-T,0.9987967014312744,0.9987967014312744,DVB-T,0.9919817075133324,0.9919817075133324,8,0,0,False,both_correct,DVB-T|DVB-T|DVB-T|DVB-T|DVB-T|DVB-T|DVB-T|DVB-T,0.99945205|0.99827552|0.99753177|0.99941635|0.99915063|0.99883848|0.99937254|0.94381630,0.99945205|0.99827552|0.99753177|0.99941635|0.99915063|0.99883848|0.99937254|0.94381630
tr_external_uz_dvbt_f482_r01,77,6358,DVB-T,0.9328394532203674,0.9328394532203674,DVB-T,0.9985248073935509,0.9985248073935509,8,0,0,False,both_correct,DVB-T|DVB-T|DVB-T|DVB-T|DVB-T|DVB-T|DVB-T|DVB-T,0.99886835|0.99521399|0.99980122|0.99918085|0.99956506|0.99997151|0.99563909|0.99995840,0.99886835|0.99521399|0.99980122|0.99918085|0.99956506|0.99997151|0.99563909|0.99995840
tr_external_uz_dvbt_f482_r01,78,6359,DVB-T,0.9985415935516357,0.9985415935516357,DVB-T,0.985509105026722,0.985509105026722,8,0,0,False,both_correct,DVB-T|DVB-T|DVB-T|DVB-T|DVB-T|DVB-T|DVB-T|DVB-T,0.99299073|0.99985635|0.99979442|0.99944252|0.89593709|0.99988043|0.99946064|0.99671066,0.99299073|0.99985635|0.99979442|0.99944252|0.89593709|0.99988043|0.99946064|0.99671066
tr_external_uz_dvbt_f482_r01,79,6360,DVB-T,0.999721109867096,0.999721109867096,DVB-T,0.9973775967955589,0.9973775967955589,8,0,0,False,both_correct,DVB-T|DVB-T|DVB-T|DVB-T|DVB-T|DVB-T|DVB-T|DVB-T,0.99988508|0.99970669|0.99983799|0.98799706|0.99891829|0.99956590|0.99932861|0.99378115,0.99988508|0.99970669|0.99983799|0.98799706|0.99891829|0.99956590|0.99932861|0.99378115
tr_external_uz_dvbt_f482_r01,80,6361,DVB-T,0.9988763928413391,0.9988763928413391,DVB-T,0.9864169657230377,0.9864169657230377,8,0,0,False,both_correct,DVB-T|DVB-T|DVB-T|DVB-T|DVB-T|DVB-T|DVB-T|DVB-T,0.99847275|0.97388339|0.93150532|0.99957699|0.99888712|0.99796754|0.99934703|0.99169558,0.99847275|0.97388339|0.93150532|0.99957699|0.99888712|0.99796754|0.99934703|0.99169558
tr_external_uz_dvbt_f482_r01,81,6362,DVB-T,0.9995619654655457,0.9995619654655457,DVB-T,0.9903982356190681,0.9903982356190681,8,0,0,False,both_correct,DVB-T|DVB-T|DVB-T|DVB-T|DVB-T|DVB-T|DVB-T|DVB-T,0.99975330|0.99759346|0.96058005|0.99035758|0.99870098|0.99249411|0.99077809|0.99292833,0.99975330|0.99759346|0.96058005|0.99035758|0.99870098|0.99249411|0.99077809|0.99292833
tr_external_uz_dvbt_f482_r01,82,6363,DVB-T,0.9895341992378235,0.9895341992378235,DVB-T,0.8051772541366518,0.8051772541366518,7,1,0,False,both_correct,DVB-T|DVB-T|DVB-T|LTE|DVB-T|DVB-T|DVB-T|DVB-T,0.99955648|0.88505054|0.96443349|0.95133483|0.99641705|0.99817181|0.99735284|0.55570126,0.99955648|0.88505054|0.96443349|0.04473458|0.99641705|0.99817181|0.99735284|0.55570126
tr_external_uz_dvbt_f482_r01,83,6364,DVB-T,0.9994513392448425,0.9994513392448425,DVB-T,0.9931748807430267,0.9931748807430267,8,0,0,False,both_correct,DVB-T|DVB-T|DVB-T|DVB-T|DVB-T|DVB-T|DVB-T|DVB-T,0.99951649|0.99990559|0.99315214|0.95961142|0.99966514|0.99425137|0.99938834|0.99990857,0.99951649|0.99990559|0.99315214|0.95961142|0.99966514|0.99425137|0.99938834|0.99990857
tr_external_uz_dvbt_f482_r01,84,6365,DVB-T,0.999474823474884,0.999474823474884,DVB-T,0.995144747197628,0.995144747197628,8,0,0,False,both_correct,DVB-T|DVB-T|DVB-T|DVB-T|DVB-T|DVB-T|DVB-T|DVB-T,0.98881429|0.99955338|0.98270905|0.99973375|0.99885941|0.99296725|0.99945086|0.99906999,0.98881429|0.99955338|0.98270905|0.99973375|0.99885941|0.99296725|0.99945086|0.99906999
tr_external_uz_dvbt_f482_r01,85,6366,DVB-T,0.9990608096122742,0.9990608096122742,DVB-T,0.9954324960708618,0.9954324960708618,8,0,0,False,both_correct,DVB-T|DVB-T|DVB-T|DVB-T|DVB-T|DVB-T|DVB-T|DVB-T,0.99595755|0.99974102|0.99953127|0.99894375|0.99906021|0.99063373|0.99456984|0.98502260,0.99595755|0.99974102|0.99953127|0.99894375|0.99906021|0.99063373|0.99456984|0.98502260
tr_external_uz_dvbt_f482_r01,86,6367,DVB-T,0.9964662790298462,0.9964662790298462,DVB-T,0.9989759773015976,0.9989759773015976,8,0,0,False,both_correct,DVB-T|DVB-T|DVB-T|DVB-T|DVB-T|DVB-T|DVB-T|DVB-T,0.99989820|0.99962521|0.99988890|0.99994481|0.99773991|0.99982053|0.99516618|0.99972409,0.99989820|0.99962521|0.99988890|0.99994481|0.99773991|0.99982053|0.99516618|0.99972409
tr_external_uz_dvbt_f482_r01,87,6368,DVB-T,0.9992388486862183,0.9992388486862183,DVB-T,0.9941461980342865,0.9941461980342865,8,0,0,False,both_correct,DVB-T|DVB-T|DVB-T|DVB-T|DVB-T|DVB-T|DVB-T|DVB-T,0.99816054|0.99929583|0.99979824|0.99945456|0.99969184|0.99441612|0.99908113|0.96327132,0.99816054|0.99929583|0.99979824|0.99945456|0.99969184|0.99441612|0.99908113|0.96327132
tr_external_uz_dvbt_f482_r01,88,6369,DVB-T,0.9979487061500549,0.9979487061500549,DVB-T,0.8340996690094471,0.8340996690094471,7,1,0,False,both_correct,DVB-T|DVB-T|DVB-T|DVB-T|DVB-T|LTE|DVB-T|DVB-T,0.54048270|0.90750003|0.99970955|0.99759585|0.99888247|0.72977406|0.96575916|0.99857700,0.54048270|0.90750003|0.99970955|0.99759585|0.99888247|0.26429060|0.96575916|0.99857700
tr_external_uz_dvbt_f482_r01,89,6370,DVB-T,0.9974170923233032,0.9974170923233032,DVB-T,0.8762127128429711,0.8762127128429711,7,1,0,False,both_correct,DVB-T|DVB-T|DVB-T|DVB-T|DVB-T|DVB-T|LTE|DVB-T,0.99965560|0.99845064|0.99961334|0.99588132|0.99799073|0.99513429|0.97434235|0.99993300,0.99965560|0.99845064|0.99961334|0.99588132|0.99799073|0.99513429|0.02304277|0.99993300
tr_external_uz_dvbt_f482_r01,90,6371,DVB-T,0.9976953864097595,0.9976953864097595,DVB-T,0.8737988002831116,0.8737988002831116,7,1,0,False,both_correct,DVB-T|DVB-T|DVB-T|DVB-T|DVB-T|LTE|DVB-T|DVB-T,0.98888272|0.99915314|0.99831307|0.99984217|0.99962711|0.99394614|0.99976188|0.99975568,0.98888272|0.99915314|0.99831307|0.99984217|0.99962711|0.00505463|0.99976188|0.99975568
tr_external_uz_dvbt_f482_r01,91,6372,DVB-T,0.974165678024292,0.974165678024292,DVB-T,0.891284579411149,0.891284579411149,7,1,0,False,both_correct,DVB-T|DVB-T|DVB-T|DVB-T|DVB-T|DVB-T|DVB-T|LTE,0.99910790|0.99986124|0.99490643|0.99964797|0.99931824|0.99981254|0.98947781|0.84678781,0.99910790|0.99986124|0.99490643|0.99964797|0.99931824|0.99981254|0.98947781|0.14814450
tr_external_uz_dvbt_f482_r01,92,6373,DVB-T,0.9926887154579163,0.9926887154579163,DVB-T,0.9412098005414009,0.9412098005414009,8,0,0,False,both_correct,DVB-T|DVB-T|DVB-T|DVB-T|DVB-T|DVB-T|DVB-T|DVB-T,0.99975497|0.98919463|0.99928868|0.99985301|0.99996209|0.54500377|0.99983883|0.99678242,0.99975497|0.98919463|0.99928868|0.99985301|0.99996209|0.54500377|0.99983883|0.99678242
tr_external_uz_dvbt_f482_r01,93,6374,DVB-T,0.9960440397262573,0.9960440397262573,DVB-T,0.9318484589457512,0.9318484589457512,8,0,0,False,both_correct,DVB-T|DVB-T|DVB-T|DVB-T|DVB-T|DVB-T|DVB-T|DVB-T,0.99961323|0.99981350|0.99952495|0.72696036|0.99984825|0.99918824|0.99984372|0.72999543,0.99961323|0.99981350|0.99952495|0.72696036|0.99984825|0.99918824|0.99984372|0.72999543
tr_external_uz_dvbt_f482_r01,94,6375,DVB-T,0.9981719255447388,0.9981719255447388,DVB-T,0.998030312359333,0.998030312359333,8,0,0,False,both_correct,DVB-T|DVB-T|DVB-T|DVB-T|DVB-T|DVB-T|DVB-T|DVB-T,0.99363905|0.99797612|0.99697626|0.99862456|0.99984515|0.99975163|0.99960190|0.99782783,0.99363905|0.99797612|0.99697626|0.99862456|0.99984515|0.99975163|0.99960190|0.99782783
tr_external_uz_dvbt_f482_r01,95,6376,DVB-T,0.989685595035553,0.989685595035553,DVB-T,0.9902365282177925,0.9902365282177925,8,0,0,False,both_correct,DVB-T|DVB-T|DVB-T|DVB-T|DVB-T|DVB-T|DVB-T|DVB-T,0.99950159|0.92584383|0.99951804|0.99967217|0.99834716|0.99951398|0.99957329|0.99992216,0.99950159|0.92584383|0.99951804|0.99967217|0.99834716|0.99951398|0.99957329|0.99992216
tr_external_uz_dvbt_f482_r01,96,6377,DVB-T,0.9989394545555115,0.9989394545555115,DVB-T,0.9653026089072227,0.9653026089072227,8,0,0,False,both_correct,DVB-T|DVB-T|DVB-T|DVB-T|DVB-T|DVB-T|DVB-T|DVB-T,0.91389209|0.99880672|0.82106948|0.99937743|0.99805617|0.99994612|0.99991214|0.99136072,0.91389209|0.99880672|0.82106948|0.99937743|0.99805617|0.99994612|0.99991214|0.99136072
tr_external_uz_dvbt_f482_r01,97,6378,DVB-T,0.9988800883293152,0.9988800883293152,DVB-T,0.9987200647592545,0.9987200647592545,8,0,0,False,both_correct,DVB-T|DVB-T|DVB-T|DVB-T|DVB-T|DVB-T|DVB-T|DVB-T,0.99945277|0.99944752|0.99967277|0.99915302|0.99427116|0.99905556|0.99883884|0.99986887,0.99945277|0.99944752|0.99967277|0.99915302|0.99427116|0.99905556|0.99883884|0.99986887
tr_external_uz_dvbt_f482_r01,98,6379,DVB-T,0.9993119239807129,0.9993119239807129,DVB-T,0.9994451105594635,0.9994451105594635,8,0,0,False,both_correct,DVB-T|DVB-T|DVB-T|DVB-T|DVB-T|DVB-T|DVB-T|DVB-T,0.99750841|0.99985611|0.99980026|0.99947864|0.99969018|0.99974805|0.99981290|0.99966633,0.99750841|0.99985611|0.99980026|0.99947864|0.99969018|0.99974805|0.99981290|0.99966633
tr_external_uz_dvbt_f482_r01,99,6380,DVB-T,0.9985888600349426,0.9985888600349426,DVB-T,0.9989699795842171,0.9989699795842171,8,0,0,False,both_correct,DVB-T|DVB-T|DVB-T|DVB-T|DVB-T|DVB-T|DVB-T|DVB-T,0.99543911|0.99997973|0.99908364|0.99973243|0.99833220|0.99979132|0.99948210|0.99991930,0.99543911|0.99997973|0.99908364|0.99973243|0.99833220|0.99979132|0.99948210|0.99991930
tr_external_uz_dvbt_f482_r01,100,6381,DVB-T,0.990828275680542,0.990828275680542,DVB-T,0.9996145367622375,0.9996145367622375,8,0,0,False,both_correct,DVB-T|DVB-T|DVB-T|DVB-T|DVB-T|DVB-T|DVB-T|DVB-T,0.99950659|0.99974734|0.99925631|0.99969184|0.99990749|0.99994159|0.99985135|0.99901378,0.99950659|0.99974734|0.99925631|0.99969184|0.99990749|0.99994159|0.99985135|0.99901378
tr_external_uz_dvbt_f482_r01,101,6382,DVB-T,0.9987963438034058,0.9987963438034058,DVB-T,0.999865248799324,0.999865248799324,8,0,0,False,both_correct,DVB-T|DVB-T|DVB-T|DVB-T|DVB-T|DVB-T|DVB-T|DVB-T,0.99991488|0.99988556|0.99991155|0.99949288|0.99995613|0.99989319|0.99993873|0.99992907,0.99991488|0.99988556|0.99991155|0.99949288|0.99995613|0.99989319|0.99993873|0.99992907
tr_external_uz_dvbt_f482_r01,102,6383,DVB-T,0.9973067045211792,0.9973067045211792,DVB-T,0.999335989356041,0.999335989356041,8,0,0,False,both_correct,DVB-T|DVB-T|DVB-T|DVB-T|DVB-T|DVB-T|DVB-T|DVB-T,0.99964762|0.99994898|0.99880612|0.99892813|0.99966431|0.99943572|0.99973506|0.99852198,0.99964762|0.99994898|0.99880612|0.99892813|0.99966431|0.99943572|0.99973506|0.99852198
tr_external_uz_dvbt_f482_r01,103,6384,DVB-T,0.9995028972625732,0.9995028972625732,DVB-T,0.9986840337514877,0.9986840337514877,8,0,0,False,both_correct,DVB-T|DVB-T|DVB-T|DVB-T|DVB-T|DVB-T|DVB-T|DVB-T,0.99970168|0.99944049|0.99519110|0.99973625|0.99979764|0.99593002|0.99984920|0.99982589,0.99970168|0.99944049|0.99519110|0.99973625|0.99979764|0.99593002|0.99984920|0.99982589
tr_external_uz_dvbt_f482_r01,104,6385,DVB-T,0.9983786344528198,0.9983786344528198,DVB-T,0.9702350050210953,0.9702350050210953,8,0,0,False,both_correct,DVB-T|DVB-T|DVB-T|DVB-T|DVB-T|DVB-T|DVB-T|DVB-T,0.99895406|0.99968100|0.76889139|0.99907434|0.99937999|0.99875236|0.99743688|0.99971002,0.99895406|0.99968100|0.76889139|0.99907434|0.99937999|0.99875236|0.99743688|0.99971002
tr_external_uz_dvbt_f482_r01,105,6386,DVB-T,0.9995419979095459,0.9995419979095459,DVB-T,0.998839408159256,0.998839408159256,8,0,0,False,both_correct,DVB-T|DVB-T|DVB-T|DVB-T|DVB-T|DVB-T|DVB-T|DVB-T,0.99978071|0.99893516|0.99969971|0.99717796|0.99884701|0.99950945|0.99714065|0.99962461,0.99978071|0.99893516|0.99969971|0.99717796|0.99884701|0.99950945|0.99714065|0.99962461
tr_external_uz_dvbt_f482_r01,106,6387,DVB-T,0.9988664388656616,0.9988664388656616,DVB-T,0.9978296682238579,0.9978296682238579,8,0,0,False,both_correct,DVB-T|DVB-T|DVB-T|DVB-T|DVB-T|DVB-T|DVB-T|DVB-T,0.99994862|0.99982697|0.99984717|0.99992657|0.99956781|0.98923969|0.99946910|0.99481142,0.99994862|0.99982697|0.99984717|0.99992657|0.99956781|0.98923969|0.99946910|0.99481142
tr_external_uz_dvbt_f482_r01,107,6388,DVB-T,0.9856195449829102,0.9856195449829102,DVB-T,0.8880372643470764,0.8880372643470764,7,1,0,False,both_correct,DVB-T|LTE|DVB-T|DVB-T|DVB-T|DVB-T|DVB-T|DVB-T,0.99869281|0.80746365|0.99981719|0.98185605|0.99995387|0.99990249|0.97295910|0.96780950,0.99869281|0.18330711|0.99981719|0.98185605|0.99995387|0.99990249|0.97295910|0.96780950
tr_external_uz_dvbt_f482_r01,108,6389,DVB-T,0.9994882345199585,0.9994882345199585,DVB-T,0.956801600754261,0.956801600754261,8,0,0,False,both_correct,DVB-T|DVB-T|DVB-T|DVB-T|DVB-T|DVB-T|DVB-T|DVB-T,0.99886984|0.98769277|0.98783010|0.99914956|0.99252993|0.99916852|0.69052243|0.99864966,0.99886984|0.98769277|0.98783010|0.99914956|0.99252993|0.99916852|0.69052243|0.99864966
tr_external_uz_dvbt_f482_r01,109,6390,DVB-T,0.9962181448936462,0.9962181448936462,DVB-T,0.996575228869915,0.996575228869915,8,0,0,False,both_correct,DVB-T|DVB-T|DVB-T|DVB-T|DVB-T|DVB-T|DVB-T|DVB-T,0.98562443|0.99057478|0.99976426|0.99858153|0.99958676|0.99975055|0.99976140|0.99895811,0.98562443|0.99057478|0.99976426|0.99858153|0.99958676|0.99975055|0.99976140|0.99895811
tr_external_uz_dvbt_f482_r01,110,6391,DVB-T,0.9996331930160522,0.9996331930160522,DVB-T,0.9973958879709244,0.9973958879709244,8,0,0,False,both_correct,DVB-T|DVB-T|DVB-T|DVB-T|DVB-T|DVB-T|DVB-T|DVB-T,0.99914861|0.99937469|0.99991882|0.99972171|0.98502225|0.99977833|0.99969673|0.99650598,0.99914861|0.99937469|0.99991882|0.99972171|0.98502225|0.99977833|0.99969673|0.99650598
tr_external_uz_dvbt_f482_r01,111,6392,DVB-T,0.9994723200798035,0.9994723200798035,DVB-T,0.9684364646673203,0.9684364646673203,8,0,0,False,both_correct,DVB-T|DVB-T|DVB-T|DVB-T|DVB-T|DVB-T|DVB-T|DVB-T,0.99369568|0.85182220|0.99979562|0.94678342|0.99946481|0.99997807|0.97169882|0.98425311,0.99369568|0.85182220|0.99979562|0.94678342|0.99946481|0.99997807|0.97169882|0.98425311
tr_external_uz_dvbt_f482_r01,112,6393,DVB-T,0.9946501851081848,0.9946501851081848,DVB-T,0.977040596306324,0.977040596306324,8,0,0,False,both_correct,DVB-T|DVB-T|DVB-T|DVB-T|DVB-T|DVB-T|DVB-T|DVB-T,0.99942362|0.99987996|0.99983656|0.89895970|0.99981982|0.92128426|0.99864060|0.99848026,0.99942362|0.99987996|0.99983656|0.89895970|0.99981982|0.92128426|0.99864060|0.99848026
tr_external_uz_dvbt_f482_r01,113,6394,DVB-T,0.9988653659820557,0.9988653659820557,DVB-T,0.9519176706671715,0.9519176706671715,8,0,0,False,both_correct,DVB-T|DVB-T|DVB-T|DVB-T|DVB-T|DVB-T|DVB-T|DVB-T,0.99836057|0.99770290|0.98494351|0.99019814|0.99812132|0.99236965|0.99988520|0.65376008,0.99836057|0.99770290|0.98494351|0.99019814|0.99812132|0.99236965|0.99988520|0.65376008
tr_external_uz_dvbt_f482_r01,114,6395,DVB-T,0.9919180274009705,0.9919180274009705,DVB-T,0.984210915863514,0.984210915863514,8,0,0,False,both_correct,DVB-T|DVB-T|DVB-T|DVB-T|DVB-T|DVB-T|DVB-T|DVB-T,0.99971348|0.92206633|0.99956781|0.99867404|0.99977976|0.95629299|0.99858010|0.99901283,0.99971348|0.92206633|0.99956781|0.99867404|0.99977976|0.95629299|0.99858010|0.99901283
tr_external_uz_dvbt_f482_r01,115,6396,DVB-T,0.9988288283348083,0.9988288283348083,DVB-T,0.9927586540579796,0.9927586540579796,8,0,0,False,both_correct,DVB-T|DVB-T|DVB-T|DVB-T|DVB-T|DVB-T|DVB-T|DVB-T,0.99976236|0.99944228|0.99961144|0.99853826|0.99979120|0.99902129|0.94615591|0.99974650,0.99976236|0.99944228|0.99961144|0.99853826|0.99979120|0.99902129|0.94615591|0.99974650
tr_external_uz_dvbt_f482_r01,116,6397,DVB-T,0.9963601231575012,0.9963601231575012,DVB-T,0.9980864375829697,0.9980864375829697,8,0,0,False,both_correct,DVB-T|DVB-T|DVB-T|DVB-T|DVB-T|DVB-T|DVB-T|DVB-T,0.99956936|0.99939907|0.99847966|0.99976331|0.99957508|0.98828095|0.99985933|0.99976474,0.99956936|0.99939907|0.99847966|0.99976331|0.99957508|0.98828095|0.99985933|0.99976474
tr_external_uz_dvbt_f482_r01,117,6398,DVB-T,0.9979007244110107,0.9979007244110107,DVB-T,0.9912647604942322,0.9912647604942322,8,0,0,False,both_correct,DVB-T|DVB-T|DVB-T|DVB-T|DVB-T|DVB-T|DVB-T|DVB-T,0.99838340|0.99987304|0.99926096|0.99913615|0.99865329|0.93709403|0.99938333|0.99833387,0.99838340|0.99987304|0.99926096|0.99913615|0.99865329|0.93709403|0.99938333|0.99833387
tr_external_uz_dvbt_f482_r01,118,6399,DVB-T,0.998737633228302,0.998737633228302,DVB-T,0.9470497369766235,0.9470497369766235,8,0,0,False,both_correct,DVB-T|DVB-T|DVB-T|DVB-T|DVB-T|DVB-T|DVB-T|DVB-T,0.99817181|0.98951578|0.99974149|0.60587543|0.99598408|0.99734586|0.99953258|0.99023086,0.99817181|0.98951578|0.99974149|0.60587543|0.99598408|0.99734586|0.99953258|0.99023086
tr_external_uz_dvbt_f482_r01,119,6400,DVB-T,0.9991844296455383,0.9991844296455383,DVB-T,0.9948764368891716,0.9948764368891716,8,0,0,False,both_correct,DVB-T|DVB-T|DVB-T|DVB-T|DVB-T|DVB-T|DVB-T|DVB-T,0.99465853|0.99915218|0.99905080|0.99956101|0.98274559|0.99708647|0.99975818|0.98699874,0.99465853|0.99915218|0.99905080|0.99956101|0.98274559|0.99708647|0.99975818|0.98699874
tr_external_uz_dvbt_f482_r01,120,6401,DVB-T,0.9995027780532837,0.9995027780532837,DVB-T,0.9753153473138809,0.9753153473138809,8,0,0,False,both_correct,DVB-T|DVB-T|DVB-T|DVB-T|DVB-T|DVB-T|DVB-T|DVB-T,0.99953353|0.99830365|0.99994385|0.99908268|0.99992335|0.99985611|0.82251263|0.98336697,0.99953353|0.99830365|0.99994385|0.99908268|0.99992335|0.99985611|0.82251263|0.98336697
tr_external_uz_dvbt_f482_r01,121,6402,DVB-T,0.9987758994102478,0.9987758994102478,DVB-T,0.9887381494045258,0.9887381494045258,8,0,0,False,both_correct,DVB-T|DVB-T|DVB-T|DVB-T|DVB-T|DVB-T|DVB-T|DVB-T,0.99898583|0.99969375|0.99890423|0.96891975|0.99893647|0.94728839|0.99750805|0.99966872,0.99898583|0.99969375|0.99890423|0.96891975|0.99893647|0.94728839|0.99750805|0.99966872
tr_external_uz_dvbt_f482_r01,122,6403,DVB-T,0.9996461868286133,0.9996461868286133,DVB-T,0.9978776276111603,0.9978776276111603,8,0,0,False,both_correct,DVB-T|DVB-T|DVB-T|DVB-T|DVB-T|DVB-T|DVB-T|DVB-T,0.99991822|0.99204671|0.99949932|0.99647117|0.99957436|0.99797124|0.99906975|0.99847025,0.99991822|0.99204671|0.99949932|0.99647117|0.99957436|0.99797124|0.99906975|0.99847025
tr_external_uz_dvbt_f482_r01,123,6404,DVB-T,0.999051034450531,0.999051034450531,DVB-T,0.9975846111774445,0.9975846111774445,8,0,0,False,both_correct,DVB-T|DVB-T|DVB-T|DVB-T|DVB-T|DVB-T|DVB-T|DVB-T,0.99775958|0.99701750|0.99943811|0.99917728|0.99967003|0.99695146|0.99989879|0.99076414,0.99775958|0.99701750|0.99943811|0.99917728|0.99967003|0.99695146|0.99989879|0.99076414
tr_external_uz_dvbt_f482_r01,124,6405,DVB-T,0.9992939233779907,0.9992939233779907,DVB-T,0.9285707026720047,0.9285707026720047,8,0,0,False,both_correct,DVB-T|DVB-T|DVB-T|DVB-T|DVB-T|DVB-T|DVB-T|DVB-T,0.99595058|0.93102944|0.99987483|0.99948442|0.99965525|0.50852466|0.99950290|0.99454355,0.99595058|0.93102944|0.99987483|0.99948442|0.99965525|0.50852466|0.99950290|0.99454355
tr_external_uz_dvbt_f482_r01,125,6406,DVB-T,0.9995481371879578,0.9995481371879578,DVB-T,0.8889925330877304,0.8889925330877304,7,1,0,False,both_correct,DVB-T|DVB-T|DVB-T|DVB-T|LTE|DVB-T|DVB-T|DVB-T,0.99496680|0.99972981|0.97516453|0.99970406|0.82882071|0.99973232|0.98901421|0.99746644,0.99496680|0.99972981|0.97516453|0.99970406|0.15616208|0.99973232|0.98901421|0.99746644
tr_external_uz_dvbt_f482_r01,126,6407,DVB-T,0.9995245933532715,0.9995245933532715,DVB-T,0.9940896108746529,0.9940896108746529,8,0,0,False,both_correct,DVB-T|DVB-T|DVB-T|DVB-T|DVB-T|DVB-T|DVB-T|DVB-T,0.99970788|0.95591271|0.99947888|0.99979717|0.99955171|0.99944741|0.99936491|0.99945623,0.99970788|0.95591271|0.99947888|0.99979717|0.99955171|0.99944741|0.99936491|0.99945623
tr_external_uz_dvbt_f482_r01,127,6408,DVB-T,0.9991725087165833,0.9991725087165833,DVB-T,0.9986234158277512,0.9986234158277512,8,0,0,False,both_correct,DVB-T|DVB-T|DVB-T|DVB-T|DVB-T|DVB-T|DVB-T|DVB-T,0.99963856|0.99728346|0.99817395|0.99936122|0.99931312|0.99926704|0.99697077|0.99897921,0.99963856|0.99728346|0.99817395|0.99936122|0.99931312|0.99926704|0.99697077|0.99897921
tr_external_uz_dvbt_f482_r01,128,6409,DVB-T,0.9992214441299438,0.9992214441299438,DVB-T,0.995959147810936,0.995959147810936,8,0,0,False,both_correct,DVB-T|DVB-T|DVB-T|DVB-T|DVB-T|DVB-T|DVB-T|DVB-T,0.99883717|0.98963821|0.99961674|0.99817812|0.99691582|0.99979717|0.99395001|0.99073994,0.99883717|0.98963821|0.99961674|0.99817812|0.99691582|0.99979717|0.99395001|0.99073994
tr_external_uz_dvbt_f482_r01,129,6410,DVB-T,0.9997197985649109,0.9997197985649109,DVB-T,0.99871014803648,0.99871014803648,8,0,0,False,both_correct,DVB-T|DVB-T|DVB-T|DVB-T|DVB-T|DVB-T|DVB-T|DVB-T,0.99964476|0.99989271|0.99972838|0.99824321|0.99911481|0.99797124|0.99737740|0.99770868,0.99964476|0.99989271|0.99972838|0.99824321|0.99911481|0.99797124|0.99737740|0.99770868
tr_external_uz_dvbt_f482_r01,130,6411,DVB-T,0.9993909597396851,0.9993909597396851,DVB-T,0.9975240230560303,0.9975240230560303,8,0,0,False,both_correct,DVB-T|DVB-T|DVB-T|DVB-T|DVB-T|DVB-T|DVB-T|DVB-T,0.99691916|0.99693310|0.99936873|0.99919373|0.99863249|0.99813014|0.99916828|0.99184656,0.99691916|0.99693310|0.99936873|0.99919373|0.99863249|0.99813014|0.99916828|0.99184656
tr_external_uz_dvbt_f482_r01,131,6412,DVB-T,0.9895811080932617,0.9895811080932617,DVB-T,0.968919187784195,0.968919187784195,8,0,0,False,both_correct,DVB-T|DVB-T|DVB-T|DVB-T|DVB-T|DVB-T|DVB-T|DVB-T,0.87186527|0.94838560|0.98824209|0.99926776|0.99676490|0.99940646|0.94822127|0.99920017,0.87186527|0.94838560|0.98824209|0.99926776|0.99676490|0.99940646|0.94822127|0.99920017
tr_external_uz_dvbt_f482_r01,132,6413,DVB-T,0.9994186162948608,0.9994186162948608,DVB-T,0.9957669377326965,0.9957669377326965,8,0,0,False,both_correct,DVB-T|DVB-T|DVB-T|DVB-T|DVB-T|DVB-T|DVB-T|DVB-T,0.97970760|0.99309772|0.99692351|0.99956006|0.99849689|0.99988282|0.99968719|0.99877971,0.97970760|0.99309772|0.99692351|0.99956006|0.99849689|0.99988282|0.99968719|0.99877971
tr_external_uz_dvbt_f482_r01,133,6414,DVB-T,0.9988250136375427,0.9988250136375427,DVB-T,0.8578091564122587,0.8578091564122587,7,1,0,False,both_correct,DVB-T|DVB-T|DVB-T|DVB-T|DVB-T|LTE|DVB-T|DVB-T,0.99761921|0.99245101|0.99842900|0.86874694|0.99977714|0.97795743|0.99150872|0.99435413,0.99761921|0.99245101|0.99842900|0.86874694|0.99977714|0.01958710|0.99150872|0.99435413
tr_external_uz_dvbt_f482_r01,134,6415,DVB-T,0.9996449947357178,0.9996449947357178,DVB-T,0.965255543589592,0.965255543589592,8,0,0,False,both_correct,DVB-T|DVB-T|DVB-T|DVB-T|DVB-T|DVB-T|DVB-T|DVB-T,0.97797817|0.99634856|0.94290847|0.98065913|0.99737895|0.82954586|0.99805200|0.99917322,0.97797817|0.99634856|0.94290847|0.98065913|0.99737895|0.82954586|0.99805200|0.99917322
tr_external_uz_dvbt_f482_r01,135,6416,DVB-T,0.9995469450950623,0.9995469450950623,DVB-T,0.8559529073536396,0.8559529073536396,7,1,0,False,both_correct,DVB-T|LTE|DVB-T|DVB-T|DVB-T|DVB-T|DVB-T|DVB-T,0.88903010|0.69603294|0.90212804|0.99848181|0.97435486|0.99775839|0.99889022|0.79373610,0.88903010|0.29324374|0.90212804|0.99848181|0.97435486|0.99775839|0.99889022|0.79373610
tr_external_uz_dvbt_f482_r01,136,6417,DVB-T,0.9988045692443848,0.9988045692443848,DVB-T,0.7535655573010445,0.7535655573010445,6,2,0,False,both_correct,DVB-T|DVB-T|DVB-T|DVB-T|LTE|LTE|DVB-T|DVB-T,0.98947656|0.99968684|0.97370321|0.79726386|0.73492140|0.87602639|0.99636060|0.89877588,0.98947656|0.99968684|0.97370321|0.79726386|0.26082167|0.11243585|0.99636060|0.89877588
tr_external_uz_dvbt_f482_r01,137,6418,DVB-T,0.9967724680900574,0.9967724680900574,LTE,0.616473618541022,0.3813101706909947,3,5,0,False,only_4096_correct,DVB-T|DVB-T|LTE|DVB-T|LTE|LTE|LTE|LTE,0.91618645|0.99922049|0.98718655|0.99980456|0.91831517|0.97591609|0.97591954|0.99296838,0.91618645|0.99922049|0.01048987|0.99980456|0.07703475|0.02152872|0.02035227|0.00586426
tr_external_uz_dvbt_f482_r01,138,6419,DVB-T,0.9955947995185852,0.9955947995185852,DVB-T,0.7434033318422735,0.7434033318422735,6,2,0,False,both_correct,DVB-T|DVB-T|LTE|LTE|DVB-T|DVB-T|DVB-T|DVB-T,0.99889153|0.98329031|0.95805925|0.50698525|0.96222937|0.61441642|0.94173402|0.92072779,0.99889153|0.98329031|0.03858088|0.48735633|0.96222937|0.61441642|0.94173402|0.92072779
tr_external_uz_dvbt_f482_r01,139,6420,DVB-T,0.998224675655365,0.998224675655365,DVB-T,0.7028787434683181,0.7028787434683181,5,3,0,False,both_correct,LTE|DVB-T|DVB-T|DVB-T|DVB-T|LTE|DVB-T|LTE,0.47970533|0.99937576|0.99891007|0.98878187|0.99914718|0.77216870|0.95530689|0.99537390,0.45342591|0.99937576|0.99891007|0.98878187|0.99914718|0.22441061|0.95530689|0.00367166
tr_external_uz_dvbt_f482_r01,140,6421,DVB-T,0.9994196891784668,0.9994196891784668,DVB-T,0.6160161171574146,0.6160161171574146,5,3,0,False,both_correct,LTE|DVB-T|DVB-T|DVB-T|DVB-T|DVB-T|LTE|LTE,0.89327699|0.99532557|0.99298275|0.99796873|0.82511258|0.99477947|0.99442333|0.98251200,0.10141484|0.99532557|0.99298275|0.99796873|0.82511258|0.99477947|0.00470927|0.01583574
tr_external_uz_dvbt_f482_r01,141,6422,DVB-T,0.9996311664581299,0.9996311664581299,DVB-T,0.8272506892681122,0.8272506892681122,7,1,0,False,both_correct,DVB-T|DVB-T|DVB-T|DVB-T|LTE|DVB-T|DVB-T|DVB-T,0.94929773|0.97873849|0.97561532|0.50959903|0.70729417|0.99814081|0.93208164|0.99919087,0.94929773|0.97873849|0.97561532|0.50959903|0.27534163|0.99814081|0.93208164|0.99919087
tr_external_uz_dvbt_f482_r01,142,6423,DVB-T,0.9958327412605286,0.9958327412605286,DVB-T,0.7621372926005279,0.7621372926005279,6,2,0,False,both_correct,LTE|DVB-T|DVB-T|DVB-T|LTE|DVB-T|DVB-T|DVB-T,0.99892765|0.93165720|0.99846882|0.98526090|0.76977819|0.96904814|0.98454374|0.99981529,0.00075950|0.93165720|0.99846882|0.98526090|0.22754475|0.96904814|0.98454374|0.99981529
tr_external_uz_dvbt_f482_r01,143,6424,DVB-T,0.9962819218635559,0.9962819218635559,DVB-T,0.5132631269225385,0.5132631269225385,4,4,0,True,both_correct,DVB-T|LTE|DVB-T|LTE|DVB-T|LTE|DVB-T|LTE,0.99631667|0.99330682|0.99338257|0.91349888|0.99850756|0.99540555|0.99968183|0.97097069,0.99631667|0.00534293|0.99338257|0.08190157|0.99850756|0.00384461|0.99968183|0.02712727
tr_external_uz_dvbt_f482_r01,144,6425,DVB-T,0.9303339123725891,0.9303339123725891,DVB-T,0.5976966135203838,0.5976966135203838,4,4,0,True,both_correct,DVB-T|LTE|DVB-T|LTE|LTE|LTE|DVB-T|DVB-T,0.99214059|0.69421965|0.99889106|0.81063253|0.91737902|0.75302309|0.99570066|0.99749762,0.99214059|0.30242774|0.99889106|0.17129178|0.07990350|0.24371997|0.99570066|0.99749762
tr_external_uz_dvbt_f482_r01,145,6426,DVB-T,0.9967948794364929,0.9967948794364929,DVB-T,0.9445432126522064,0.9445432126522064,8,0,0,False,both_correct,DVB-T|DVB-T|DVB-T|DVB-T|DVB-T|DVB-T|DVB-T|DVB-T,0.99959952|0.99482828|0.71869326|0.98853546|0.99677652|0.99959701|0.85839838|0.99991727,0.99959952|0.99482828|0.71869326|0.98853546|0.99677652|0.99959701|0.85839838|0.99991727
tr_external_uz_dvbt_f482_r01,146,6427,DVB-T,0.9975841045379639,0.9975841045379639,DVB-T,0.8975321985781193,0.8975321985781193,7,1,0,False,both_correct,DVB-T|LTE|DVB-T|DVB-T|DVB-T|DVB-T|DVB-T|DVB-T,0.99304235|0.78323942|0.99554056|0.99877328|0.98837471|0.99680126|0.99883133|0.99946624,0.99304235|0.20942786|0.99554056|0.99877328|0.98837471|0.99680126|0.99883133|0.99946624
tr_external_uz_dvbt_f482_r01,147,6428,DVB-T,0.9992627501487732,0.9992627501487732,DVB-T,0.8657283112406731,0.8657283112406731,7,1,0,False,both_correct,DVB-T|DVB-T|LTE|DVB-T|DVB-T|DVB-T|DVB-T|DVB-T,0.99790227|0.99898285|0.77869558|0.99894720|0.72216964|0.99059290|0.99992287|0.99964976,0.99790227|0.99898285|0.21765900|0.99894720|0.72216964|0.99059290|0.99992287|0.99964976
tr_external_uz_dvbt_f482_r01,148,6429,DVB-T,0.9989277720451355,0.9989277720451355,DVB-T,0.7592539452016354,0.7592539452016354,7,1,0,False,both_correct,LTE|DVB-T|DVB-T|DVB-T|DVB-T|DVB-T|DVB-T|DVB-T,0.91612446|0.99359494|0.69896477|0.99338257|0.67627323|0.99961060|0.63166094|0.99964845,0.08089605|0.99359494|0.69896477|0.99338257|0.67627323|0.99961060|0.63166094|0.99964845
tr_external_uz_dvbt_f482_r01,149,6430,DVB-T,0.9990190267562866,0.9990190267562866,DVB-T,0.6864857251639478,0.6864857251639478,5,3,0,False,both_correct,LTE|DVB-T|DVB-T|LTE|DVB-T|LTE|DVB-T|DVB-T,0.99158001|0.99902296|0.98579651|0.76288146|0.99943322|0.55684006|0.99874216|0.83590090,0.00683736|0.99902296|0.98579651|0.23041859|0.99943322|0.43573409|0.99874216|0.83590090
tr_external_uz_dvbt_f482_r01,150,6431,DVB-T,0.994868278503418,0.994868278503418,DVB-T,0.9520100951194763,0.9520100951194763,8,0,0,False,both_correct,DVB-T|DVB-T|DVB-T|DVB-T|DVB-T|DVB-T|DVB-T|DVB-T,0.99798191|0.97967052|0.82432306|0.98994207|0.84214228|0.98710501|0.99525541|0.99966049,0.99798191|0.97967052|0.82432306|0.98994207|0.84214228|0.98710501|0.99525541|0.99966049
tr_external_uz_dvbt_f482_r01,151,6432,DVB-T,0.9992129802703857,0.9992129802703857,DVB-T,0.7835554555058479,0.7835554555058479,6,2,0,False,both_correct,LTE|DVB-T|DVB-T|DVB-T|DVB-T|DVB-T|LTE|DVB-T,0.90459043|0.99981195|0.95905513|0.99957937|0.98686105|0.94623041|0.66791344|0.95671672,0.09225783|0.99981195|0.95905513|0.99957937|0.98686105|0.94623041|0.32793120|0.95671672
tr_external_uz_dvbt_f482_r01,152,6433,DVB-T,0.9989251494407654,0.9989251494407654,DVB-T,0.7162724938243628,0.7162724938243628,5,3,0,False,both_correct,DVB-T|LTE|DVB-T|DVB-T|DVB-T|LTE|DVB-T|LTE,0.99787426|0.56446165|0.99248075|0.94808888|0.99518979|0.90223372|0.99837261|0.72530562,0.99787426|0.43255800|0.99248075|0.94808888|0.99518979|0.09508263|0.99837261|0.27053303
tr_external_uz_dvbt_f482_r01,153,6434,DVB-T,0.9980387091636658,0.9980387091636658,DVB-T,0.8136586798354983,0.8136586798354983,6,2,0,False,both_correct,DVB-T|DVB-T|DVB-T|LTE|DVB-T|DVB-T|LTE|DVB-T,0.99953318|0.99303186|0.98785675|0.50604618|0.99972409|0.96765524|0.91929698|0.99940574,0.99953318|0.99303186|0.98785675|0.48979533|0.99972409|0.96765524|0.07226726|0.99940574
tr_external_uz_dvbt_f482_r01,154,6435,DVB-T,0.9985069632530212,0.9985069632530212,DVB-T,0.9717118293046951,0.9717118293046951,8,0,0,False,both_correct,DVB-T|DVB-T|DVB-T|DVB-T|DVB-T|DVB-T|DVB-T|DVB-T,0.99185842|0.99546522|0.99559635|0.99363327|0.91431093|0.99188942|0.95716769|0.93377334,0.99185842|0.99546522|0.99559635|0.99363327|0.91431093|0.99188942|0.95716769|0.93377334
tr_external_uz_dvbt_f482_r01,155,6436,DVB-T,0.9985774755477905,0.9985774755477905,DVB-T,0.8601163048297167,0.8601163048297167,7,1,0,False,both_correct,DVB-T|DVB-T|DVB-T|DVB-T|LTE|DVB-T|DVB-T|DVB-T,0.99002683|0.99313086|0.75712389|0.99898678|0.81279898|0.98004961|0.99706835|0.99111593,0.99002683|0.99313086|0.75712389|0.99898678|0.17342819|0.98004961|0.99706835|0.99111593
tr_external_uz_dvbt_f482_r01,156,6437,DVB-T,0.9742342829704285,0.9742342829704285,DVB-T,0.6003641947172582,0.6003641947172582,5,3,0,False,both_correct,LTE|DVB-T|LTE|DVB-T|DVB-T|DVB-T|LTE|DVB-T,0.97478443|0.99937844|0.79078591|0.99953461|0.97939384|0.93193120|0.98166025|0.64967501,0.02258478|0.99937844|0.20401470|0.99953461|0.97939384|0.93193120|0.01640097|0.64967501
tr_external_uz_dvbt_f482_r01,157,6438,DVB-T,0.9989481568336487,0.9989481568336487,DVB-T,0.5794387984788045,0.5794387984788045,4,4,0,True,both_correct,DVB-T|DVB-T|LTE|LTE|LTE|DVB-T|DVB-T|LTE,0.55967426|0.96778393|0.53904641|0.54320258|0.78171021|0.99775714|0.98842502|0.99554116,0.55967426|0.96778393|0.45777753|0.45114499|0.20945778|0.99775714|0.98842502|0.00348974
tr_external_uz_dvbt_f482_r01,158,6439,DVB-T,0.9992202520370483,0.9992202520370483,DVB-T,0.712035390548408,0.712035390548408,6,2,0,False,both_correct,DVB-T|DVB-T|LTE|DVB-T|DVB-T|DVB-T|DVB-T|LTE,0.98921728|0.90534252|0.94005489|0.90862107|0.90706915|0.95093507|0.78143698|0.79751343,0.98921728|0.90534252|0.05609783|0.90862107|0.90706915|0.95093507|0.78143698|0.19756323
tr_external_uz_dvbt_f482_r01,159,6440,DVB-T,0.9990025162696838,0.9990025162696838,DVB-T,0.7897425689734519,0.7897425689734519,7,1,0,False,both_correct,DVB-T|DVB-T|DVB-T|DVB-T|LTE|DVB-T|DVB-T|DVB-T,0.85159844|0.96513689|0.99948221|0.98829108|0.94885278|0.99544805|0.87945801|0.59145868,0.85159844|0.96513689|0.99948221|0.98829108|0.04706718|0.99544805|0.87945801|0.59145868
tr_external_uz_dvbt_f482_r01,160,6441,DVB-T,0.9993559718132019,0.9993559718132019,DVB-T,0.973613940179348,0.973613940179348,8,0,0,False,both_correct,DVB-T|DVB-T|DVB-T|DVB-T|DVB-T|DVB-T|DVB-T|DVB-T,0.90251201|0.93063426|0.99630821|0.99778545|0.98035783|0.99246418|0.99972981|0.98911977,0.90251201|0.93063426|0.99630821|0.99778545|0.98035783|0.99246418|0.99972981|0.98911977
tr_external_uz_dvbt_f482_r01,161,6442,DVB-T,0.9985862970352173,0.9985862970352173,DVB-T,0.7638497420120984,0.7638497420120984,6,2,0,False,both_correct,DVB-T|DVB-T|DVB-T|LTE|DVB-T|DVB-T|LTE|DVB-T,0.99772435|0.99750060|0.91090482|0.73191065|0.91908205|0.99870658|0.96985167|0.99951029,0.99772435|0.99750060|0.91090482|0.26032737|0.91908205|0.99870658|0.02704188|0.99951029
tr_external_uz_dvbt_f482_r01,162,6443,DVB-T,0.9993171691894531,0.9993171691894531,DVB-T,0.7025235059845727,0.7025235059845727,6,2,0,False,both_correct,LTE|DVB-T|DVB-T|DVB-T|DVB-T|DVB-T|LTE|DVB-T,0.99765778|0.99683219|0.60609740|0.99943155|0.98926455|0.99973685|0.96478534|0.99627614,0.00185117|0.99683219|0.60609740|0.99943155|0.98926455|0.99973685|0.03069820|0.99627614
tr_external_uz_dvbt_f482_r01,163,6444,DVB-T,0.9991674423217773,0.9991674423217773,DVB-T,0.7918807986425236,0.7918807986425236,6,2,0,False,both_correct,DVB-T|DVB-T|DVB-T|DVB-T|DVB-T|LTE|DVB-T|LTE,0.99959272|0.99825674|0.99967194|0.96006137|0.99963903|0.99336457|0.99975806|0.62193948,0.99959272|0.99825674|0.99967194|0.96006137|0.99963903|0.00559280|0.99975806|0.37247372
tr_external_uz_dvbt_f482_r01,164,6445,DVB-T,0.9904195666313171,0.9904195666313171,DVB-T,0.7307365669403225,0.7307365669403225,6,2,0,False,both_correct,DVB-T|LTE|DVB-T|DVB-T|LTE|DVB-T|DVB-T|DVB-T,0.71255356|0.97510612|0.99716848|0.99914551|0.79649532|0.95814651|0.99981815|0.95947319,0.71255356|0.02092031|0.99716848|0.99914551|0.19866683|0.95814651|0.99981815|0.95947319
tr_external_uz_dvbt_f482_r01,165,6446,DVB-T,0.9977924823760986,0.9977924823760986,DVB-T,0.6707554316308233,0.6707554316308233,5,3,0,False,both_correct,DVB-T|DVB-T|LTE|DVB-T|LTE|DVB-T|LTE|DVB-T,0.99827683|0.98702419|0.56760561|0.93537658|0.99907863|0.99955195|0.97279650|0.99964917,0.99827683|0.98702419|0.42079833|0.93537658|0.00068299|0.99955195|0.02468341|0.99964917
tr_external_uz_dvbt_f482_r01,166,6447,DVB-T,0.999052107334137,0.999052107334137,DVB-T,0.8553806021809578,0.8553806021809578,7,1,0,False,both_correct,DVB-T|DVB-T|DVB-T|DVB-T|LTE|DVB-T|DVB-T|DVB-T,0.99504244|0.99106139|0.74088329|0.99974197|0.80311394|0.99905795|0.98209918|0.94219524,0.99504244|0.99106139|0.74088329|0.99974197|0.19296336|0.99905795|0.98209918|0.94219524
tr_external_uz_dvbt_f482_r01,167,6448,DVB-T,0.9980691075325012,0.9980691075325012,DVB-T,0.7918963670672383,0.7918963670672383,6,2,0,False,both_correct,DVB-T|LTE|DVB-T|DVB-T|DVB-T|DVB-T|DVB-T|LTE,0.99955302|0.52357960|0.99882573|0.88590550|0.99979407|0.99772793|0.98782152|0.99944216,0.99955302|0.46516064|0.99882573|0.88590550|0.99979407|0.99772793|0.98782152|0.00038252
tr_external_uz_dvbt_f482_r01,168,6449,DVB-T,0.9944542050361633,0.9944542050361633,DVB-T,0.6694041097653098,0.6694041097653098,5,3,0,False,both_correct,DVB-T|DVB-T|LTE|DVB-T|LTE|DVB-T|DVB-T|LTE,0.97162622|0.95112526|0.73586762|0.99986386|0.99875426|0.99535048|0.99753547|0.81518602,0.97162622|0.95112526|0.25951910|0.99986386|0.00092223|0.99535048|0.99753547|0.17929025
tr_external_uz_dvbt_f482_r01,169,6450,DVB-T,0.9854407906532288,0.9854407906532288,DVB-T,0.7284474615589716,0.7284474615589716,6,2,0,False,both_correct,DVB-T|DVB-T|LTE|DVB-T|DVB-T|LTE|DVB-T|DVB-T,0.97935390|0.99882501|0.76096612|0.99739885|0.68243378|0.99928266|0.99904162|0.93510050,0.97935390|0.99882501|0.23492849|0.99739885|0.68243378|0.00049754|0.99904162|0.93510050
tr_external_uz_dvbt_f482_r01,170,6451,DVB-T,0.9548400640487671,0.9548400640487671,DVB-T,0.9788381531834602,0.9788381531834602,8,0,0,False,both_correct,DVB-T|DVB-T|DVB-T|DVB-T|DVB-T|DVB-T|DVB-T|DVB-T,0.99068403|0.95335752|0.98780733|0.98770636|0.97457111|0.96057278|0.97694993|0.99905616,0.99068403|0.95335752|0.98780733|0.98770636|0.97457111|0.96057278|0.97694993|0.99905616
tr_external_uz_dvbt_f482_r01,171,6452,DVB-T,0.9955847859382629,0.9955847859382629,DVB-T,0.8398081734776497,0.8398081734776497,7,1,0,False,both_correct,DVB-T|LTE|DVB-T|DVB-T|DVB-T|DVB-T|DVB-T|DVB-T,0.99843639|0.83545774|0.99282610|0.94594508|0.64971095|0.99048960|0.99178541|0.98838997,0.99843639|0.16088188|0.99282610|0.94594508|0.64971095|0.99048960|0.99178541|0.98838997
tr_external_uz_dvbt_f482_r01,172,6453,DVB-T,0.9977679252624512,0.9977679252624512,DVB-T,0.8444862104952335,0.8444862104952335,7,1,0,False,both_correct,LTE|DVB-T|DVB-T|DVB-T|DVB-T|DVB-T|DVB-T|DVB-T,0.84468830|0.99961191|0.99156380|0.99816018|0.93030465|0.99421495|0.99983466|0.69425923,0.14794031|0.99961191|0.99156380|0.99816018|0.93030465|0.99421495|0.99983466|0.69425923
tr_external_uz_dvbt_f482_r01,173,6454,DVB-T,0.9920855164527893,0.9920855164527893,DVB-T,0.6334294089465402,0.6334294089465402,5,3,0,False,both_correct,DVB-T|LTE|DVB-T|LTE|DVB-T|LTE|DVB-T|DVB-T,0.90007520|0.81986529|0.99970263|0.99156731|0.99942064|0.97325176|0.99904770|0.96723312,0.90007520|0.17131712|0.99970263|0.00675425|0.99942064|0.02388461|0.99904770|0.96723312
tr_external_uz_dvbt_f482_r01,174,6455,DVB-T,0.9847538471221924,0.9847538471221924,DVB-T,0.9924746826291084,0.9924746826291084,8,0,0,False,both_correct,DVB-T|DVB-T|DVB-T|DVB-T|DVB-T|DVB-T|DVB-T|DVB-T,0.99912018|0.99659878|0.99926072|0.98078763|0.99968290|0.96519244|0.99951267|0.99964213,0.99912018|0.99659878|0.99926072|0.98078763|0.99968290|0.96519244|0.99951267|0.99964213
tr_external_uz_dvbt_f482_r01,175,6456,DVB-T,0.9915334582328796,0.9915334582328796,DVB-T,0.9806783422827721,0.9806783422827721,8,0,0,False,both_correct,DVB-T|DVB-T|DVB-T|DVB-T|DVB-T|DVB-T|DVB-T|DVB-T,0.97140753|0.99991524|0.92786825|0.96132451|0.98953831|0.99697566|0.99905115|0.99934608,0.97140753|0.99991524|0.92786825|0.96132451|0.98953831|0.99697566|0.99905115|0.99934608
tr_external_uz_dvbt_f482_r01,176,6457,DVB-T,0.9319167733192444,0.9319167733192444,DVB-T,0.9462283104658127,0.9462283104658127,8,0,0,False,both_correct,DVB-T|DVB-T|DVB-T|DVB-T|DVB-T|DVB-T|DVB-T|DVB-T,0.58874959|0.99638098|0.99732202|0.98809075|0.99986577|0.99995327|0.99965477|0.99980932,0.58874959|0.99638098|0.99732202|0.98809075|0.99986577|0.99995327|0.99965477|0.99980932
tr_external_uz_dvbt_f482_r01,177,6458,DVB-T,0.9821944832801819,0.9821944832801819,DVB-T,0.8762841541320086,0.8762841541320086,7,1,0,False,both_correct,DVB-T|LTE|DVB-T|DVB-T|DVB-T|DVB-T|DVB-T|DVB-T,0.99956304|0.86634272|0.90011352|0.99924421|0.99955088|0.99990892|0.99978286|0.98785186,0.99956304|0.12425794|0.90011352|0.99924421|0.99955088|0.99990892|0.99978286|0.98785186
tr_external_uz_dvbt_f482_r01,178,6459,DVB-T,0.9843965172767639,0.9843965172767639,DVB-T,0.9655667468905449,0.9655667468905449,8,0,0,False,both_correct,DVB-T|DVB-T|DVB-T|DVB-T|DVB-T|DVB-T|DVB-T|DVB-T,0.94096351|0.99920076|0.98601240|0.99986255|0.99981910|0.80475169|0.99893969|0.99498427,0.94096351|0.99920076|0.98601240|0.99986255|0.99981910|0.80475169|0.99893969|0.99498427
tr_external_uz_dvbt_f482_r01,179,6460,DVB-T,0.9905089139938354,0.9905089139938354,DVB-T,0.98668272793293,0.98668272793293,8,0,0,False,both_correct,DVB-T|DVB-T|DVB-T|DVB-T|DVB-T|DVB-T|DVB-T|DVB-T,0.93564099|0.99524963|0.99974471|0.99975401|0.99973363|0.99989319|0.99776912|0.96567655,0.93564099|0.99524963|0.99974471|0.99975401|0.99973363|0.99989319|0.99776912|0.96567655
tr_external_uz_dvbt_f482_r01,180,6461,DVB-T,0.7937343120574951,0.7937343120574951,DVB-T,0.9937875047326088,0.9937875047326088,8,0,0,False,both_correct,DVB-T|DVB-T|DVB-T|DVB-T|DVB-T|DVB-T|DVB-T|DVB-T,0.99993861|0.99751496|0.99991024|0.99225217|0.99959534|0.96355695|0.99984944|0.99768233,0.99993861|0.99751496|0.99991024|0.99225217|0.99959534|0.96355695|0.99984944|0.99768233
tr_external_uz_dvbt_f482_r01,181,6462,DVB-T,0.9872640371322632,0.9872640371322632,DVB-T,0.9002986513078213,0.9002986513078213,7,1,0,False,both_correct,DVB-T|DVB-T|DVB-T|DVB-T|DVB-T|DVB-T|LTE|DVB-T,0.94987905|0.99908686|0.99987459|0.99973577|0.93437362|0.99983454|0.66814727|0.99976867,0.94987905|0.99908686|0.99987459|0.99973577|0.93437362|0.99983454|0.31983611|0.99976867
tr_external_uz_dvbt_f482_r01,182,6463,DVB-T,0.9873166084289551,0.9873166084289551,DVB-T,0.9942549243569374,0.9942549243569374,8,0,0,False,both_correct,DVB-T|DVB-T|DVB-T|DVB-T|DVB-T|DVB-T|DVB-T|DVB-T,0.99349278|0.96538591|0.99966788|0.99891770|0.99756855|0.99973065|0.99945492|0.99982101,0.99349278|0.96538591|0.99966788|0.99891770|0.99756855|0.99973065|0.99945492|0.99982101
tr_external_uz_dvbt_f482_r01,183,6464,DVB-T,0.9827879071235657,0.9827879071235657,DVB-T,0.952948808670044,0.952948808670044,8,0,0,False,both_correct,DVB-T|DVB-T|DVB-T|DVB-T|DVB-T|DVB-T|DVB-T|DVB-T,0.99970430|0.88910955|0.74275941|0.99825841|0.99648052|0.99986219|0.99755317|0.99986291,0.99970430|0.88910955|0.74275941|0.99825841|0.99648052|0.99986219|0.99755317|0.99986291
tr_external_uz_dvbt_f482_r01,184,6465,LTE,0.6651235818862915,0.3298831582069397,DVB-T,0.9979998245835304,0.9979998245835304,8,0,0,False,only_512_correct,DVB-T|DVB-T|DVB-T|DVB-T|DVB-T|DVB-T|DVB-T|DVB-T,0.99975175|0.99919838|0.99878210|0.99980873|0.99996614|0.99924660|0.98738235|0.99986255,0.99975175|0.99919838|0.99878210|0.99980873|0.99996614|0.99924660|0.98738235|0.99986255
tr_external_uz_dvbt_f482_r01,185,6466,DVB-T,0.9878717660903931,0.9878717660903931,DVB-T,0.9961146265268326,0.9961146265268326,8,0,0,False,both_correct,DVB-T|DVB-T|DVB-T|DVB-T|DVB-T|DVB-T|DVB-T|DVB-T,0.97433996|0.99979287|0.99707651|0.99927145|0.99988234|0.99978882|0.99998164|0.99878341,0.97433996|0.99979287|0.99707651|0.99927145|0.99988234|0.99978882|0.99998164|0.99878341
tr_external_uz_dvbt_f482_r01,186,6467,DVB-T,0.8287087082862854,0.8287087082862854,DVB-T,0.742449211422354,0.742449211422354,6,2,0,False,both_correct,DVB-T|DVB-T|DVB-T|LTE|DVB-T|DVB-T|LTE|DVB-T,0.99905282|0.99982810|0.99748397|0.71238977|0.60270351|0.99993002|0.94024116|0.99987495,0.99905282|0.99982810|0.99748397|0.28304821|0.60270351|0.99993002|0.05767210|0.99987495
tr_external_uz_dvbt_f482_r01,187,6468,DVB-T,0.9947644472122192,0.9947644472122192,DVB-T,0.9993897974491119,0.9993897974491119,8,0,0,False,both_correct,DVB-T|DVB-T|DVB-T|DVB-T|DVB-T|DVB-T|DVB-T|DVB-T,0.99908602|0.99987018|0.99978715|0.99867731|0.99916494|0.99981314|0.99981540|0.99890423,0.99908602|0.99987018|0.99978715|0.99867731|0.99916494|0.99981314|0.99981540|0.99890423
tr_external_uz_dvbt_f482_r01,188,6469,DVB-T,0.9994372725486755,0.9994372725486755,DVB-T,0.9280757382512093,0.9280757382512093,8,0,0,False,both_correct,DVB-T|DVB-T|DVB-T|DVB-T|DVB-T|DVB-T|DVB-T|DVB-T,0.99184555|0.99946159|0.96030986|0.89331156|0.99683326|0.58738625|0.99953067|0.99592716,0.99184555|0.99946159|0.96030986|0.89331156|0.99683326|0.58738625|0.99953067|0.99592716
tr_external_uz_dvbt_f482_r01,189,6470,DVB-T,0.9949799180030823,0.9949799180030823,DVB-T,0.9920883551239967,0.9920883551239967,8,0,0,False,both_correct,DVB-T|DVB-T|DVB-T|DVB-T|DVB-T|DVB-T|DVB-T|DVB-T,0.98826909|0.99965978|0.99871910|0.98543084|0.99452102|0.98702294|0.99963260|0.98345149,0.98826909|0.99965978|0.99871910|0.98543084|0.99452102|0.98702294|0.99963260|0.98345149
tr_external_uz_dvbt_f482_r01,190,6471,DVB-T,0.9962052702903748,0.9962052702903748,DVB-T,0.9922110885381699,0.9922110885381699,8,0,0,False,both_correct,DVB-T|DVB-T|DVB-T|DVB-T|DVB-T|DVB-T|DVB-T|DVB-T,0.99245465|0.99819946|0.99916184|0.99271566|0.99916053|0.99857676|0.99507231|0.96234751,0.99245465|0.99819946|0.99916184|0.99271566|0.99916053|0.99857676|0.99507231|0.96234751
tr_external_uz_dvbt_f482_r01,191,6472,DVB-T,0.9979148507118225,0.9979148507118225,DVB-T,0.8953892532736063,0.8953892532736063,7,1,0,False,both_correct,DVB-T|DVB-T|DVB-T|DVB-T|DVB-T|DVB-T|LTE|DVB-T,0.99790311|0.99846625|0.98003232|0.99943322|0.98820800|0.99945325|0.79290259|0.99940598,0.99790311|0.99846625|0.98003232|0.99943322|0.98820800|0.99945325|0.20021190|0.99940598
tr_external_uz_dvbt_f482_r01,192,6473,DVB-T,0.9985042810440063,0.9985042810440063,DVB-T,0.9904538914561272,0.9904538914561272,8,0,0,False,both_correct,DVB-T|DVB-T|DVB-T|DVB-T|DVB-T|DVB-T|DVB-T|DVB-T,0.97390443|0.99963403|0.99734527|0.99928623|0.99972397|0.95883942|0.99976879|0.99512899,0.97390443|0.99963403|0.99734527|0.99928623|0.99972397|0.95883942|0.99976879|0.99512899
tr_external_uz_dvbt_f482_r01,193,6474,DVB-T,0.9981212019920349,0.9981212019920349,DVB-T,0.9914169907569885,0.9914169907569885,8,0,0,False,both_correct,DVB-T|DVB-T|DVB-T|DVB-T|DVB-T|DVB-T|DVB-T|DVB-T,0.99921775|0.99870062|0.99959296|0.99838555|0.99992013|0.99993193|0.96028960|0.97529739,0.99921775|0.99870062|0.99959296|0.99838555|0.99992013|0.99993193|0.96028960|0.97529739
tr_external_uz_dvbt_f482_r01,194,6475,DVB-T,0.9979909658432007,0.9979909658432007,DVB-T,0.8738972033024766,0.8738972033024766,7,1,0,False,both_correct,DVB-T|DVB-T|DVB-T|LTE|DVB-T|DVB-T|DVB-T|DVB-T,0.99933928|0.99157661|0.99958974|0.99259734|0.99944752|0.99927431|0.99743432|0.99839169,0.99933928|0.99157661|0.99958974|0.00612415|0.99944752|0.99927431|0.99743432|0.99839169
tr_external_uz_dvbt_f482_r01,195,6476,DVB-T,0.9205106496810913,0.9205106496810913,DVB-T,0.9458194747567177,0.9458194747567177,8,0,0,False,both_correct,DVB-T|DVB-T|DVB-T|DVB-T|DVB-T|DVB-T|DVB-T|DVB-T,0.99353242|0.99965084|0.78042096|0.99979895|0.99969447|0.83228815|0.96162945|0.99954057,0.99353242|0.99965084|0.78042096|0.99979895|0.99969447|0.83228815|0.96162945|0.99954057
tr_external_uz_dvbt_f482_r01,196,6477,DVB-T,0.9724833369255066,0.9724833369255066,DVB-T,0.7870351541787386,0.7870351541787386,6,2,0,False,both_correct,DVB-T|LTE|LTE|DVB-T|DVB-T|DVB-T|DVB-T|DVB-T,0.99972457|0.92200369|0.64095116|0.99977583|0.99108785|0.99920636|0.90933359|0.97169757,0.99972457|0.07120927|0.35424620|0.99977583|0.99108785|0.99920636|0.90933359|0.97169757
tr_external_uz_dvbt_f482_r01,197,6478,DVB-T,0.9965180158615112,0.9965180158615112,DVB-T,0.8648472912609577,0.8648472912609577,7,1,0,False,both_correct,DVB-T|DVB-T|LTE|DVB-T|DVB-T|DVB-T|DVB-T|DVB-T,0.54864097|0.99932408|0.56593388|0.99139762|0.99967682|0.99865711|0.98944551|0.99879128,0.54864097|0.99932408|0.39284495|0.99139762|0.99967682|0.99865711|0.98944551|0.99879128
tr_external_uz_dvbt_f482_r01,198,6479,DVB-T,0.9954177141189575,0.9954177141189575,DVB-T,0.835975871887058,0.835975871887058,7,1,0,False,both_correct,DVB-T|DVB-T|LTE|DVB-T|DVB-T|DVB-T|DVB-T|DVB-T,0.99898034|0.66684979|0.96491551|0.99583495|0.99976450|0.99939728|0.99557811|0.99912149,0.99898034|0.66684979|0.03228052|0.99583495|0.99976450|0.99939728|0.99557811|0.99912149
tr_external_uz_dvbt_f482_r01,199,6480,DVB-T,0.9927651286125183,0.9927651286125183,DVB-T,0.9888744801282883,0.9888744801282883,8,0,0,False,both_correct,DVB-T|DVB-T|DVB-T|DVB-T|DVB-T|DVB-T|DVB-T|DVB-T,0.95873117|0.98905271|0.99975449|0.98317337|0.99273407|0.99177271|0.99867767|0.99709964,0.95873117|0.98905271|0.99975449|0.98317337|0.99273407|0.99177271|0.99867767|0.99709964
tr_external_uz_dvbt_f482_r01,200,6481,DVB-T,0.999329686164856,0.999329686164856,DVB-T,0.9996756166219711,0.9996756166219711,8,0,0,False,both_correct,DVB-T|DVB-T|DVB-T|DVB-T|DVB-T|DVB-T|DVB-T|DVB-T,0.99952054|0.99989498|0.99863356|0.99975878|0.99989855|0.99984491|0.99994051|0.99991310,0.99952054|0.99989498|0.99863356|0.99975878|0.99989855|0.99984491|0.99994051|0.99991310
tr_external_uz_dvbt_f482_r01,201,6482,DVB-T,0.9993718266487122,0.9993718266487122,DVB-T,0.9988147839903831,0.9988147839903831,8,0,0,False,both_correct,DVB-T|DVB-T|DVB-T|DVB-T|DVB-T|DVB-T|DVB-T|DVB-T,0.99991167|0.99774736|0.99967027|0.99428779|0.99993408|0.99973792|0.99953794|0.99969125,0.99991167|0.99774736|0.99967027|0.99428779|0.99993408|0.99973792|0.99953794|0.99969125
tr_external_uz_dvbt_f482_r01,202,6483,DVB-T,0.9993334412574768,0.9993334412574768,DVB-T,0.9980681985616684,0.9980681985616684,8,0,0,False,both_correct,DVB-T|DVB-T|DVB-T|DVB-T|DVB-T|DVB-T|DVB-T|DVB-T,0.99955779|0.99941266|0.99830973|0.99966776|0.99948788|0.99192917|0.99716932|0.99901128,0.99955779|0.99941266|0.99830973|0.99966776|0.99948788|0.99192917|0.99716932|0.99901128
tr_external_uz_dvbt_f482_r01,203,6484,DVB-T,0.9988909363746643,0.9988909363746643,DVB-T,0.9505559429526329,0.9505559429526329,8,0,0,False,both_correct,DVB-T|DVB-T|DVB-T|DVB-T|DVB-T|DVB-T|DVB-T|DVB-T,0.99769610|0.61446553|0.99948078|0.99726689|0.99981850|0.99893552|0.99950075|0.99728346,0.99769610|0.61446553|0.99948078|0.99726689|0.99981850|0.99893552|0.99950075|0.99728346
tr_external_uz_dvbt_f482_r01,204,6485,DVB-T,0.9997602105140686,0.9997602105140686,DVB-T,0.9993115812540054,0.9993115812540054,8,0,0,False,both_correct,DVB-T|DVB-T|DVB-T|DVB-T|DVB-T|DVB-T|DVB-T|DVB-T,0.99945241|0.99993241|0.99914217|0.99954635|0.99874109|0.99944717|0.99909198|0.99913907,0.99945241|0.99993241|0.99914217|0.99954635|0.99874109|0.99944717|0.99909198|0.99913907
tr_external_uz_dvbt_f482_r01,205,6486,DVB-T,0.9997956156730652,0.9997956156730652,DVB-T,0.9988368302583694,0.9988368302583694,8,0,0,False,both_correct,DVB-T|DVB-T|DVB-T|DVB-T|DVB-T|DVB-T|DVB-T|DVB-T,0.99980158|0.99921238|0.99671978|0.99970031|0.99821126|0.99970031|0.99748802|0.99986100,0.99980158|0.99921238|0.99671978|0.99970031|0.99821126|0.99970031|0.99748802|0.99986100
tr_external_uz_dvbt_f482_r01,206,6487,DVB-T,0.9996464252471924,0.9996464252471924,DVB-T,0.9975439459085464,0.9975439459085464,8,0,0,False,both_correct,DVB-T|DVB-T|DVB-T|DVB-T|DVB-T|DVB-T|DVB-T|DVB-T,0.99989378|0.99889034|0.99299037|0.99903035|0.99394751|0.99910849|0.99971503|0.99677569,0.99989378|0.99889034|0.99299037|0.99903035|0.99394751|0.99910849|0.99971503|0.99677569
tr_external_uz_dvbt_f482_r01,207,6488,DVB-T,0.9985163807868958,0.9985163807868958,DVB-T,0.9950642585754395,0.9950642585754395,8,0,0,False,both_correct,DVB-T|DVB-T|DVB-T|DVB-T|DVB-T|DVB-T|DVB-T|DVB-T,0.99907756|0.98750323|0.99556893|0.99847990|0.99991894|0.98160881|0.99895489|0.99940181,0.99907756|0.98750323|0.99556893|0.99847990|0.99991894|0.98160881|0.99895489|0.99940181
tr_external_uz_dvbt_f482_r01,208,6489,DVB-T,0.9997019171714783,0.9997019171714783,DVB-T,0.9898586124181747,0.9898586124181747,8,0,0,False,both_correct,DVB-T|DVB-T|DVB-T|DVB-T|DVB-T|DVB-T|DVB-T|DVB-T,0.99970549|0.99728179|0.99939466|0.95362121|0.99506950|0.99824381|0.97569668|0.99985576,0.99970549|0.99728179|0.99939466|0.95362121|0.99506950|0.99824381|0.97569668|0.99985576
tr_external_uz_dvbt_f482_r01,209,6490,DVB-T,0.99969482421875,0.99969482421875,DVB-T,0.9781856536865234,0.9781856536865234,8,0,0,False,both_correct,DVB-T|DVB-T|DVB-T|DVB-T|DVB-T|DVB-T|DVB-T|DVB-T,0.89605892|0.99988711|0.93459022|0.99946028|0.99928313|0.99722582|0.99976915|0.99921060,0.89605892|0.99988711|0.93459022|0.99946028|0.99928313|0.99722582|0.99976915|0.99921060
tr_external_uz_dvbt_f482_r01,210,6491,DVB-T,0.999426007270813,0.999426007270813,DVB-T,0.9894003942608833,0.9894003942608833,8,0,0,False,both_correct,DVB-T|DVB-T|DVB-T|DVB-T|DVB-T|DVB-T|DVB-T|DVB-T,0.99941897|0.96872371|0.95799518|0.99845290|0.99974376|0.99720252|0.99927086|0.99439526,0.99941897|0.96872371|0.95799518|0.99845290|0.99974376|0.99720252|0.99927086|0.99439526
tr_external_uz_dvbt_f482_r01,211,6492,DVB-T,0.99918133020401,0.99918133020401,DVB-T,0.9631112292408943,0.9631112292408943,8,0,0,False,both_correct,DVB-T|DVB-T|DVB-T|DVB-T|DVB-T|DVB-T|DVB-T|DVB-T,0.99691284|0.81596673|0.99457800|0.99789953|0.98068672|0.99686724|0.92550623|0.99647254,0.99691284|0.81596673|0.99457800|0.99789953|0.98068672|0.99686724|0.92550623|0.99647254
tr_external_uz_dvbt_f482_r01,212,6493,DVB-T,0.9993371367454529,0.9993371367454529,DVB-T,0.9970518946647644,0.9970518946647644,8,0,0,False,both_correct,DVB-T|DVB-T|DVB-T|DVB-T|DVB-T|DVB-T|DVB-T|DVB-T,0.99869847|0.99415499|0.99940681|0.99555236|0.99682498|0.99959689|0.99690348|0.99527717,0.99869847|0.99415499|0.99940681|0.99555236|0.99682498|0.99959689|0.99690348|0.99527717
tr_external_uz_dvbt_f482_r01,213,6494,DVB-T,0.9994298815727234,0.9994298815727234,DVB-T,0.9985150843858719,0.9985150843858719,8,0,0,False,both_correct,DVB-T|DVB-T|DVB-T|DVB-T|DVB-T|DVB-T|DVB-T|DVB-T,0.99856240|0.99984944|0.99804139|0.99830568|0.99819678|0.99851733|0.99973327|0.99691439,0.99856240|0.99984944|0.99804139|0.99830568|0.99819678|0.99851733|0.99973327|0.99691439
tr_external_uz_dvbt_f482_r01,214,6495,DVB-T,0.9988790154457092,0.9988790154457092,DVB-T,0.8684784672223032,0.8684784672223032,7,1,0,False,both_correct,LTE|DVB-T|DVB-T|DVB-T|DVB-T|DVB-T|DVB-T|DVB-T,0.94785565|0.99785548|0.99986959|0.99883252|0.99987078|0.92064744|0.99941862|0.98253745,0.04879586|0.99785548|0.99986959|0.99883252|0.99987078|0.92064744|0.99941862|0.98253745
tr_external_uz_dvbt_f482_r01,215,6496,DVB-T,0.9995311498641968,0.9995311498641968,DVB-T,0.9772098213434219,0.9772098213434219,8,0,0,False,both_correct,DVB-T|DVB-T|DVB-T|DVB-T|DVB-T|DVB-T|DVB-T|DVB-T,0.99414694|0.89263076|0.99937314|0.99212998|0.99829453|0.97936571|0.99956053|0.96217698,0.99414694|0.89263076|0.99937314|0.99212998|0.99829453|0.97936571|0.99956053|0.96217698
tr_external_uz_dvbt_f482_r01,216,6497,DVB-T,0.9998086094856262,0.9998086094856262,DVB-T,0.8493414497934282,0.8493414497934282,7,1,0,False,both_correct,DVB-T|DVB-T|LTE|DVB-T|DVB-T|DVB-T|DVB-T|DVB-T,0.98393804|0.99863344|0.96146089|0.78842193|0.99840635|0.99286193|0.99942786|0.99953926,0.98393804|0.99863344|0.03350280|0.78842193|0.99840635|0.99286193|0.99942786|0.99953926
tr_external_uz_dvbt_f482_r01,217,6498,DVB-T,0.999427080154419,0.999427080154419,DVB-T,0.9935177639126778,0.9935177639126778,8,0,0,False,both_correct,DVB-T|DVB-T|DVB-T|DVB-T|DVB-T|DVB-T|DVB-T|DVB-T,0.98725605|0.96542245|0.99826896|0.99852175|0.99973518|0.99992037|0.99976641|0.99925095,0.98725605|0.96542245|0.99826896|0.99852175|0.99973518|0.99992037|0.99976641|0.99925095
tr_external_uz_dvbt_f482_r01,218,6499,DVB-T,0.9989330172538757,0.9989330172538757,DVB-T,0.9908391460776329,0.9908391460776329,8,0,0,False,both_correct,DVB-T|DVB-T|DVB-T|DVB-T|DVB-T|DVB-T|DVB-T|DVB-T,0.99959916|0.99886072|0.96586156|0.97189289|0.99815100|0.99980813|0.99335563|0.99918407,0.99959916|0.99886072|0.96586156|0.97189289|0.99815100|0.99980813|0.99335563|0.99918407
tr_external_uz_dvbt_f482_r01,219,6500,DVB-T,0.9996422529220581,0.9996422529220581,DVB-T,0.9997893273830414,0.9997893273830414,8,0,0,False,both_correct,DVB-T|DVB-T|DVB-T|DVB-T|DVB-T|DVB-T|DVB-T|DVB-T,0.99979526|0.99992430|0.99985075|0.99932551|0.99986267|0.99986720|0.99992943|0.99975950,0.99979526|0.99992430|0.99985075|0.99932551|0.99986267|0.99986720|0.99992943|0.99975950
tr_external_uz_dvbt_f482_r01,220,6501,DVB-T,0.9997711777687073,0.9997711777687073,DVB-T,0.9994018599390984,0.9994018599390984,8,0,0,False,both_correct,DVB-T|DVB-T|DVB-T|DVB-T|DVB-T|DVB-T|DVB-T|DVB-T,0.99982196|0.99962163|0.99955577|0.99981219|0.99967742|0.99984932|0.99770063|0.99917597,0.99982196|0.99962163|0.99955577|0.99981219|0.99967742|0.99984932|0.99770063|0.99917597
tr_external_uz_dvbt_f482_r01,221,6502,DVB-T,0.9984421133995056,0.9984421133995056,DVB-T,0.9958997666835785,0.9958997666835785,8,0,0,False,both_correct,DVB-T|DVB-T|DVB-T|DVB-T|DVB-T|DVB-T|DVB-T|DVB-T,0.99981982|0.99980932|0.99718779|0.99749541|0.99880850|0.99952078|0.98341203|0.99114448,0.99981982|0.99980932|0.99718779|0.99749541|0.99880850|0.99952078|0.98341203|0.99114448
tr_external_uz_dvbt_f482_r01,222,6503,DVB-T,0.9997015595436096,0.9997015595436096,DVB-T,0.9992507919669151,0.9992507919669151,8,0,0,False,both_correct,DVB-T|DVB-T|DVB-T|DVB-T|DVB-T|DVB-T|DVB-T|DVB-T,0.99986637|0.99861836|0.99913615|0.99887806|0.99951708|0.99878711|0.99968553|0.99951768,0.99986637|0.99861836|0.99913615|0.99887806|0.99951708|0.99878711|0.99968553|0.99951768
tr_external_uz_dvbt_f482_r01,223,6504,DVB-T,0.9338236451148987,0.9338236451148987,DVB-T,0.9933325722813606,0.9933325722813606,8,0,0,False,both_correct,DVB-T|DVB-T|DVB-T|DVB-T|DVB-T|DVB-T|DVB-T|DVB-T,0.99823976|0.99980599|0.99203390|0.99847597|0.99935609|0.96044242|0.99961782|0.99868864,0.99823976|0.99980599|0.99203390|0.99847597|0.99935609|0.96044242|0.99961782|0.99868864
tr_external_uz_dvbt_f482_r01,224,6505,DVB-T,0.9998120665550232,0.9998120665550232,DVB-T,0.9989604875445366,0.9989604875445366,8,0,0,False,both_correct,DVB-T|DVB-T|DVB-T|DVB-T|DVB-T|DVB-T|DVB-T|DVB-T,0.99987507|0.99473733|0.99984288|0.99983001|0.99951196|0.99904174|0.99935979|0.99948514,0.99987507|0.99473733|0.99984288|0.99983001|0.99951196|0.99904174|0.99935979|0.99948514
tr_external_uz_dvbt_f482_r01,225,6506,DVB-T,0.9990630745887756,0.9990630745887756,DVB-T,0.948490597307682,0.948490597307682,8,0,0,False,both_correct,DVB-T|DVB-T|DVB-T|DVB-T|DVB-T|DVB-T|DVB-T|DVB-T,0.99865901|0.99934894|0.99654204|0.99977928|0.99961936|0.99961638|0.60263568|0.99172407,0.99865901|0.99934894|0.99654204|0.99977928|0.99961936|0.99961638|0.60263568|0.99172407
tr_external_uz_dvbt_f482_r01,226,6507,DVB-T,0.9994263648986816,0.9994263648986816,DVB-T,0.9989301487803459,0.9989301487803459,8,0,0,False,both_correct,DVB-T|DVB-T|DVB-T|DVB-T|DVB-T|DVB-T|DVB-T|DVB-T,0.99904162|0.99484420|0.99976796|0.99900168|0.99977416|0.99971682|0.99982661|0.99946815,0.99904162|0.99484420|0.99976796|0.99900168|0.99977416|0.99971682|0.99982661|0.99946815
tr_external_uz_dvbt_f482_r01,227,6508,DVB-T,0.9998372793197632,0.9998372793197632,DVB-T,0.9989806041121483,0.9989806041121483,8,0,0,False,both_correct,DVB-T|DVB-T|DVB-T|DVB-T|DVB-T|DVB-T|DVB-T|DVB-T,0.99885750|0.99526358|0.99986351|0.99926394|0.99961263|0.99958152|0.99980205|0.99960011,0.99885750|0.99526358|0.99986351|0.99926394|0.99961263|0.99958152|0.99980205|0.99960011
tr_external_uz_dvbt_f482_r01,228,6509,DVB-T,0.9997735619544983,0.9997735619544983,DVB-T,0.9987344071269035,0.9987344071269035,8,0,0,False,both_correct,DVB-T|DVB-T|DVB-T|DVB-T|DVB-T|DVB-T|DVB-T|DVB-T,0.99922085|0.99942845|0.99947470|0.99820626|0.99863285|0.99979049|0.99559647|0.99952519,0.99922085|0.99942845|0.99947470|0.99820626|0.99863285|0.99979049|0.99559647|0.99952519
tr_external_uz_dvbt_f482_r01,229,6510,DVB-T,0.9997268319129944,0.9997268319129944,DVB-T,0.9991676956415176,0.9991676956415176,8,0,0,False,both_correct,DVB-T|DVB-T|DVB-T|DVB-T|DVB-T|DVB-T|DVB-T|DVB-T,0.99981683|0.99975282|0.99928963|0.99950302|0.99982601|0.99949336|0.99601549|0.99964440,0.99981683|0.99975282|0.99928963|0.99950302|0.99982601|0.99949336|0.99601549|0.99964440
tr_external_uz_dvbt_f482_r01,230,6511,DVB-T,0.9992560744285583,0.9992560744285583,DVB-T,0.9886265844106674,0.9886265844106674,8,0,0,False,both_correct,DVB-T|DVB-T|DVB-T|DVB-T|DVB-T|DVB-T|DVB-T|DVB-T,0.91159773|0.99976403|0.99939120|0.99952459|0.99968433|0.99962342|0.99982917|0.99959821,0.91159773|0.99976403|0.99939120|0.99952459|0.99968433|0.99962342|0.99982917|0.99959821
tr_external_uz_dvbt_f482_r01,231,6512,DVB-T,0.99979168176651,0.99979168176651,DVB-T,0.99910918623209,0.99910918623209,8,0,0,False,both_correct,DVB-T|DVB-T|DVB-T|DVB-T|DVB-T|DVB-T|DVB-T|DVB-T,0.99884856|0.99911314|0.99832457|0.99989724|0.99993289|0.99769777|0.99979728|0.99926203,0.99884856|0.99911314|0.99832457|0.99989724|0.99993289|0.99769777|0.99979728|0.99926203
tr_external_uz_dvbt_f482_r01,232,6513,DVB-T,0.9998493194580078,0.9998493194580078,DVB-T,0.9953899160027504,0.9953899160027504,8,0,0,False,both_correct,DVB-T|DVB-T|DVB-T|DVB-T|DVB-T|DVB-T|DVB-T|DVB-T,0.99571985|0.99704701|0.99972099|0.99989223|0.97143126|0.99960655|0.99979085|0.99991059,0.99571985|0.99704701|0.99972099|0.99989223|0.97143126|0.99960655|0.99979085|0.99991059
tr_external_uz_dvbt_f482_r01,233,6514,DVB-T,0.9997379183769226,0.9997379183769226,DVB-T,0.9891833737492561,0.9891833737492561,8,0,0,False,both_correct,DVB-T|DVB-T|DVB-T|DVB-T|DVB-T|DVB-T|DVB-T|DVB-T,0.99265724|0.99941647|0.99950767|0.93191749|0.99739909|0.99930167|0.99817872|0.99508864,0.99265724|0.99941647|0.99950767|0.93191749|0.99739909|0.99930167|0.99817872|0.99508864
tr_external_uz_dvbt_f482_r01,234,6515,DVB-T,0.9995532631874084,0.9995532631874084,DVB-T,0.9956049919128418,0.9956049919128418,8,0,0,False,both_correct,DVB-T|DVB-T|DVB-T|DVB-T|DVB-T|DVB-T|DVB-T|DVB-T,0.99884665|0.99752194|0.99574775|0.99743432|0.99042106|0.99483806|0.99884737|0.99118280,0.99884665|0.99752194|0.99574775|0.99743432|0.99042106|0.99483806|0.99884737|0.99118280
tr_external_uz_dvbt_f482_r01,235,6516,DVB-T,0.9998602867126465,0.9998602867126465,DVB-T,0.8732010045496281,0.8732010045496281,7,1,0,False,both_correct,DVB-T|DVB-T|DVB-T|DVB-T|LTE|DVB-T|DVB-T|DVB-T,0.99705172|0.99902976|0.99550557|0.99749100|0.99863309|0.99727696|0.99963856|0.99862742,0.99705172|0.99902976|0.99550557|0.99749100|0.00098705|0.99727696|0.99963856|0.99862742
tr_external_uz_dvbt_f482_r01,236,6517,DVB-T,0.999625563621521,0.999625563621521,DVB-T,0.9802755936980247,0.9802755936980247,8,0,0,False,both_correct,DVB-T|DVB-T|DVB-T|DVB-T|DVB-T|DVB-T|DVB-T|DVB-T,0.99758863|0.86204606|0.99876308|0.99741888|0.99812955|0.99587220|0.99753165|0.99485469,0.99758863|0.86204606|0.99876308|0.99741888|0.99812955|0.99587220|0.99753165|0.99485469
tr_external_uz_dvbt_f482_r01,237,6518,DVB-T,0.999782383441925,0.999782383441925,DVB-T,0.9985680654644966,0.9985680654644966,8,0,0,False,both_correct,DVB-T|DVB-T|DVB-T|DVB-T|DVB-T|DVB-T|DVB-T|DVB-T,0.99938107|0.99941361|0.99829704|0.99541062|0.99897897|0.99973112|0.99947065|0.99786144,0.99938107|0.99941361|0.99829704|0.99541062|0.99897897|0.99973112|0.99947065|0.99786144
tr_external_uz_dvbt_f482_r01,238,6519,DVB-T,0.9995272159576416,0.9995272159576416,DVB-T,0.998719222843647,0.998719222843647,8,0,0,False,both_correct,DVB-T|DVB-T|DVB-T|DVB-T|DVB-T|DVB-T|DVB-T|DVB-T,0.99960428|0.99706942|0.99978262|0.99924755|0.99951315|0.99986875|0.99573249|0.99893552,0.99960428|0.99706942|0.99978262|0.99924755|0.99951315|0.99986875|0.99573249|0.99893552
tr_external_uz_dvbt_f482_r01,239,6520,DVB-T,0.9997158646583557,0.9997158646583557,DVB-T,0.9990663006901741,0.9990663006901741,8,0,0,False,both_correct,DVB-T|DVB-T|DVB-T|DVB-T|DVB-T|DVB-T|DVB-T|DVB-T,0.99969471|0.99852389|0.99896228|0.99922121|0.99969721|0.99993217|0.99688751|0.99961144,0.99969471|0.99852389|0.99896228|0.99922121|0.99969721|0.99993217|0.99688751|0.99961144
tr_external_uz_dvbt_f482_r01,240,6521,DVB-T,0.9989192485809326,0.9989192485809326,DVB-T,0.9967328533530235,0.9967328533530235,8,0,0,False,both_correct,DVB-T|DVB-T|DVB-T|DVB-T|DVB-T|DVB-T|DVB-T|DVB-T,0.99957889|0.99782652|0.99783868|0.99969780|0.99990058|0.99841094|0.99941421|0.98119521,0.99957889|0.99782652|0.99783868|0.99969780|0.99990058|0.99841094|0.99941421|0.98119521
tr_external_uz_dvbt_f482_r01,241,6522,DVB-T,0.9997312426567078,0.9997312426567078,DVB-T,0.9892024248838425,0.9892024248838425,8,0,0,False,both_correct,DVB-T|DVB-T|DVB-T|DVB-T|DVB-T|DVB-T|DVB-T|DVB-T,0.99923968|0.99945647|0.99900407|0.99931836|0.99951386|0.99687946|0.99966311|0.92054439,0.99923968|0.99945647|0.99900407|0.99931836|0.99951386|0.99687946|0.99966311|0.92054439
tr_external_uz_dvbt_f482_r01,242,6523,DVB-T,0.9995239973068237,0.9995239973068237,DVB-T,0.995713509619236,0.995713509619236,8,0,0,False,both_correct,DVB-T|DVB-T|DVB-T|DVB-T|DVB-T|DVB-T|DVB-T|DVB-T,0.99933380|0.97909880|0.99995363|0.99975294|0.99921727|0.98913109|0.99949563|0.99972492,0.99933380|0.97909880|0.99995363|0.99975294|0.99921727|0.98913109|0.99949563|0.99972492
tr_external_uz_dvbt_f482_r01,243,6524,DVB-T,0.9997665286064148,0.9997665286064148,DVB-T,0.9890973791480064,0.9890973791480064,8,0,0,False,both_correct,DVB-T|DVB-T|DVB-T|DVB-T|DVB-T|DVB-T|DVB-T|DVB-T,0.99888462|0.99836212|0.99886119|0.99979514|0.99684429|0.96731567|0.99814093|0.95457506,0.99888462|0.99836212|0.99886119|0.99979514|0.99684429|0.96731567|0.99814093|0.95457506
tr_external_uz_dvbt_f482_r01,244,6525,DVB-T,0.999777615070343,0.999777615070343,DVB-T,0.9427061751484871,0.9427061751484871,8,0,0,False,both_correct,DVB-T|DVB-T|DVB-T|DVB-T|DVB-T|DVB-T|DVB-T|DVB-T,0.99525815|0.99458414|0.99921846|0.99195719|0.99891555|0.57960367|0.99921453|0.98289770,0.99525815|0.99458414|0.99921846|0.99195719|0.99891555|0.57960367|0.99921453|0.98289770
tr_external_uz_dvbt_f482_r01,245,6526,DVB-T,0.986178994178772,0.986178994178772,DVB-T,0.7551935780793428,0.7551935780793428,6,2,0,False,both_correct,DVB-T|DVB-T|DVB-T|DVB-T|LTE|LTE|DVB-T|DVB-T,0.99839956|0.99081159|0.99854773|0.64055735|0.95163023|0.61887324|0.99829227|0.99935037,0.99839956|0.99081159|0.99854773|0.64055735|0.04206444|0.37352532|0.99829227|0.99935037
tr_external_uz_dvbt_f482_r01,246,6527,DVB-T,0.9997536540031433,0.9997536540031433,DVB-T,0.7266757514735218,0.7266757514735218,6,2,0,False,both_correct,DVB-T|DVB-T|DVB-T|DVB-T|LTE|DVB-T|DVB-T|LTE,0.99842274|0.99799562|0.99812502|0.99955875|0.91895139|0.74850047|0.99697304|0.99885786,0.99842274|0.99799562|0.99812502|0.99955875|0.07296487|0.74850047|0.99697304|0.00086552
tr_external_uz_dvbt_f482_r01,247,6528,DVB-T,0.9995843768119812,0.9995843768119812,DVB-T,0.8811312261968851,0.8811312261968851,7,1,0,False,both_correct,DVB-T|DVB-T|DVB-T|DVB-T|DVB-T|DVB-T|LTE|DVB-T,0.99965441|0.99836642|0.99609488|0.99743170|0.99920952|0.96390039|0.90120971|0.99892443,0.99965441|0.99836642|0.99609488|0.99743170|0.99920952|0.96390039|0.09546806|0.99892443
tr_external_uz_dvbt_f482_r01,248,6529,DVB-T,0.9972186088562012,0.9972186088562012,DVB-T,0.7707986652385443,0.7707986652385443,6,2,0,False,both_correct,LTE|DVB-T|DVB-T|DVB-T|DVB-T|LTE|DVB-T|DVB-T,0.97647560|0.99825233|0.99488151|0.98846149|0.99951756|0.82349300|0.99923337|0.99336904,0.02103590|0.99825233|0.99488151|0.98846149|0.99951756|0.17163812|0.99923337|0.99336904
tr_external_uz_dvbt_f482_r01,249,6530,DVB-T,0.9917386174201965,0.9917386174201965,DVB-T,0.8112095568794757,0.8112095568794757,7,1,0,False,both_correct,DVB-T|DVB-T|DVB-T|DVB-T|DVB-T|LTE|DVB-T|DVB-T,0.99948210|0.99923551|0.98976558|0.49095154|0.99948895|0.97235286|0.99955875|0.98709518,0.99948210|0.99923551|0.98976558|0.49095154|0.99948895|0.02409885|0.99955875|0.98709518
tr_external_uz_dvbt_f482_r01,250,6531,DVB-T,0.9984205961227417,0.9984205961227417,DVB-T,0.9983694776892662,0.9983694776892662,8,0,0,False,both_correct,DVB-T|DVB-T|DVB-T|DVB-T|DVB-T|DVB-T|DVB-T|DVB-T,0.99985826|0.99782407|0.99995685|0.99975234|0.99938369|0.99431229|0.99908340|0.99678493,0.99985826|0.99782407|0.99995685|0.99975234|0.99938369|0.99431229|0.99908340|0.99678493
tr_external_uz_dvbt_f482_r01,251,6532,DVB-T,0.9987015724182129,0.9987015724182129,DVB-T,0.9924473166465759,0.9924473166465759,8,0,0,False,both_correct,DVB-T|DVB-T|DVB-T|DVB-T|DVB-T|DVB-T|DVB-T|DVB-T,0.94425005|0.99991918|0.99858898|0.99967134|0.99944204|0.99892223|0.99923170|0.99955302,0.94425005|0.99991918|0.99858898|0.99967134|0.99944204|0.99892223|0.99923170|0.99955302
tr_external_uz_dvbt_f482_r01,252,6533,DVB-T,0.999041736125946,0.999041736125946,DVB-T,0.999573215842247,0.999573215842247,8,0,0,False,both_correct,DVB-T|DVB-T|DVB-T|DVB-T|DVB-T|DVB-T|DVB-T|DVB-T,0.99994755|0.99990332|0.99854517|0.99990034|0.99945420|0.99976748|0.99985218|0.99921548,0.99994755|0.99990332|0.99854517|0.99990034|0.99945420|0.99976748|0.99985218|0.99921548
tr_external_uz_dvbt_f482_r01,253,6534,DVB-T,0.9992597699165344,0.9992597699165344,DVB-T,0.9992997050285339,0.9992997050285339,8,0,0,False,both_correct,DVB-T|DVB-T|DVB-T|DVB-T|DVB-T|DVB-T|DVB-T|DVB-T,0.99683940|0.99994195|0.99991274|0.99838483|0.99990869|0.99986720|0.99988449|0.99965835,0.99683940|0.99994195|0.99991274|0.99838483|0.99990869|0.99986720|0.99988449|0.99965835
tr_external_uz_dvbt_f482_r01,254,6535,DVB-T,0.9997398257255554,0.9997398257255554,DVB-T,0.9997747465968132,0.9997747465968132,8,0,0,False,both_correct,DVB-T|DVB-T|DVB-T|DVB-T|DVB-T|DVB-T|DVB-T|DVB-T,0.99996483|0.99993467|0.99995756|0.99938405|0.99992299|0.99942541|0.99977142|0.99983704,0.99996483|0.99993467|0.99995756|0.99938405|0.99992299|0.99942541|0.99977142|0.99983704
tr_external_uz_dvbt_f482_r01,255,6536,DVB-T,0.9997413754463196,0.9997413754463196,DVB-T,0.9997352734208107,0.9997352734208107,8,0,0,False,both_correct,DVB-T|DVB-T|DVB-T|DVB-T|DVB-T|DVB-T|DVB-T|DVB-T,0.99993360|0.99974626|0.99989998|0.99996793|0.99949086|0.99962878|0.99989450|0.99932027,0.99993360|0.99974626|0.99989998|0.99996793|0.99949086|0.99962878|0.99989450|0.99932027
tr_external_uz_dvbt_f482_r01,256,6537,DVB-T,0.9996694326400757,0.9996694326400757,DVB-T,0.9998398125171661,0.9998398125171661,8,0,0,False,both_correct,DVB-T|DVB-T|DVB-T|DVB-T|DVB-T|DVB-T|DVB-T|DVB-T,0.99989283|0.99988258|0.99972886|0.99985659|0.99997950|0.99982542|0.99991441|0.99963832,0.99989283|0.99988258|0.99972886|0.99985659|0.99997950|0.99982542|0.99991441|0.99963832
tr_external_uz_dvbt_f482_r01,257,6538,DVB-T,0.9995207786560059,0.9995207786560059,DVB-T,0.9998170584440231,0.9998170584440231,8,0,0,False,both_correct,DVB-T|DVB-T|DVB-T|DVB-T|DVB-T|DVB-T|DVB-T|DVB-T,0.99987662|0.99992156|0.99980050|0.99974662|0.99993408|0.99989295|0.99983704|0.99952710,0.99987662|0.99992156|0.99980050|0.99974662|0.99993408|0.99989295|0.99983704|0.99952710
tr_external_uz_dvbt_f482_r01,258,6539,DVB-T,0.9993993043899536,0.9993993043899536,DVB-T,0.9997561350464821,0.9997561350464821,8,0,0,False,both_correct,DVB-T|DVB-T|DVB-T|DVB-T|DVB-T|DVB-T|DVB-T|DVB-T,0.99937385|0.99997377|0.99994993|0.99978405|0.99973732|0.99982101|0.99957699|0.99983215,0.99937385|0.99997377|0.99994993|0.99978405|0.99973732|0.99982101|0.99957699|0.99983215
tr_external_uz_dvbt_f482_r01,259,6540,DVB-T,0.9988431930541992,0.9988431930541992,DVB-T,0.9988306313753128,0.9988306313753128,8,0,0,False,both_correct,DVB-T|DVB-T|DVB-T|DVB-T|DVB-T|DVB-T|DVB-T|DVB-T,0.99940884|0.99985671|0.99789906|0.99989355|0.99990439|0.99844438|0.99544001|0.99979812,0.99940884|0.99985671|0.99789906|0.99989355|0.99990439|0.99844438|0.99544001|0.99979812
tr_external_uz_dvbt_f482_r01,260,6541,DVB-T,0.9996079802513123,0.9996079802513123,DVB-T,0.9979223012924194,0.9979223012924194,8,0,0,False,both_correct,DVB-T|DVB-T|DVB-T|DVB-T|DVB-T|DVB-T|DVB-T|DVB-T,0.99898762|0.99936706|0.99883193|0.99775308|0.99153066|0.99799013|0.99961722|0.99930072,0.99898762|0.99936706|0.99883193|0.99775308|0.99153066|0.99799013|0.99961722|0.99930072
tr_external_uz_dvbt_f482_r01,261,6542,DVB-T,0.9997794032096863,0.9997794032096863,DVB-T,0.9997645244002342,0.9997645244002342,8,0,0,False,both_correct,DVB-T|DVB-T|DVB-T|DVB-T|DVB-T|DVB-T|DVB-T|DVB-T,0.99987590|0.99980062|0.99991822|0.99974304|0.99985051|0.99955100|0.99988568|0.99949121,0.99987590|0.99980062|0.99991822|0.99974304|0.99985051|0.99955100|0.99988568|0.99949121
tr_external_uz_dvbt_f482_r01,262,6543,DVB-T,0.9997596144676208,0.9997596144676208,DVB-T,0.9984641447663307,0.9984641447663307,8,0,0,False,both_correct,DVB-T|DVB-T|DVB-T|DVB-T|DVB-T|DVB-T|DVB-T|DVB-T,0.99891496|0.99789113|0.99662966|0.99991715|0.99956733|0.99808550|0.99980146|0.99690598,0.99891496|0.99789113|0.99662966|0.99991715|0.99956733|0.99808550|0.99980146|0.99690598
tr_external_uz_dvbt_f482_r01,263,6544,DVB-T,0.9992673993110657,0.9992673993110657,DVB-T,0.9986084327101707,0.9986084327101707,8,0,0,False,both_correct,DVB-T|DVB-T|DVB-T|DVB-T|DVB-T|DVB-T|DVB-T|DVB-T,0.99984884|0.99882263|0.99962533|0.99712199|0.99813879|0.99788338|0.99932313|0.99810338,0.99984884|0.99882263|0.99962533|0.99712199|0.99813879|0.99788338|0.99932313|0.99810338
tr_external_uz_dvbt_f482_r01,264,6545,DVB-T,0.9994797110557556,0.9994797110557556,DVB-T,0.999234139919281,0.999234139919281,8,0,0,False,both_correct,DVB-T|DVB-T|DVB-T|DVB-T|DVB-T|DVB-T|DVB-T|DVB-T,0.99918252|0.99978262|0.99885678|0.99936360|0.99901998|0.99935192|0.99841142|0.99990427,0.99918252|0.99978262|0.99885678|0.99936360|0.99901998|0.99935192|0.99841142|0.99990427
tr_external_uz_dvbt_f482_r01,265,6546,DVB-T,0.9995182752609253,0.9995182752609253,DVB-T,0.9996019974350929,0.9996019974350929,8,0,0,False,both_correct,DVB-T|DVB-T|DVB-T|DVB-T|DVB-T|DVB-T|DVB-T|DVB-T,0.99955899|0.99970573|0.99988079|0.99991345|0.99965429|0.99972004|0.99992549|0.99845719,0.99955899|0.99970573|0.99988079|0.99991345|0.99965429|0.99972004|0.99992549|0.99845719
tr_external_uz_dvbt_f482_r01,266,6547,DVB-T,0.9994988441467285,0.9994988441467285,DVB-T,0.9978297203779221,0.9978297203779221,8,0,0,False,both_correct,DVB-T|DVB-T|DVB-T|DVB-T|DVB-T|DVB-T|DVB-T|DVB-T,0.99845648|0.99220651|0.99959809|0.99477470|0.99982798|0.99983191|0.99852931|0.99941278,0.99845648|0.99220651|0.99959809|0.99477470|0.99982798|0.99983191|0.99852931|0.99941278
tr_external_uz_dvbt_f482_r01,267,6548,DVB-T,0.999207079410553,0.999207079410553,DVB-T,0.9815206900238991,0.9815206900238991,8,0,0,False,both_correct,DVB-T|DVB-T|DVB-T|DVB-T|DVB-T|DVB-T|DVB-T|DVB-T,0.99960321|0.99984646|0.99646640|0.99922192|0.85852331|0.99890757|0.99974400|0.99985266,0.99960321|0.99984646|0.99646640|0.99922192|0.85852331|0.99890757|0.99974400|0.99985266
tr_external_uz_dvbt_f482_r10,0,6549,LTE,0.9160693287849426,0.08154455572366714,DVB-T,0.636726297205314,0.636726297205314,5,3,0,False,only_512_correct,LTE|DVB-T|DVB-T|LTE|DVB-T|LTE|DVB-T|DVB-T,0.76585877|0.76491582|0.97735095|0.79911238|0.91659623|0.97228920|0.98437840|0.99929762,0.22980808|0.76491582|0.97735095|0.19660252|0.91659623|0.02486075|0.98437840|0.99929762
tr_external_uz_dvbt_f482_r10,1,6550,LTE,0.9339274168014526,0.06371434777975082,DVB-T,0.5013822657056153,0.5013822657056153,4,4,0,True,only_512_correct,DVB-T|LTE|DVB-T|DVB-T|LTE|LTE|DVB-T|LTE,0.98106730|0.93805236|0.97894865|0.93684733|0.97568375|0.97245151|0.98105353|0.96814638,0.98106730|0.05679498|0.97894865|0.93684733|0.02233813|0.02490515|0.98105353|0.02910305
tr_external_uz_dvbt_f482_r10,2,6551,DVB-T,0.6735130548477173,0.6735130548477173,LTE,0.8085619332268834,0.19057120467186905,2,6,0,False,only_4096_correct,LTE|DVB-T|DVB-T|LTE|LTE|LTE|LTE|LTE,0.99398947|0.90204191|0.60818660|0.99250317|0.99905986|0.99881649|0.99955100|0.99823582,0.00482774|0.90204191|0.60818660|0.00627022|0.00068087|0.00087263|0.00029828|0.00139139
tr_external_uz_dvbt_f482_r10,3,6552,LTE,0.9672876596450806,0.031324781477451324,LTE,0.9996211230754852,0.0002506371201889124,0,8,0,False,both_wrong,LTE|LTE|LTE|LTE|LTE|LTE|LTE|LTE,0.99940264|0.99977034|0.99931538|0.99973291|0.99939632|0.99972183|0.99979097|0.99983859,0.00039147|0.00014324|0.00047583|0.00017252|0.00042112|0.00017501|0.00012809|0.00009782
tr_external_uz_dvbt_f482_r10,4,6553,DVB-T,0.9446375370025635,0.9446375370025635,LTE,0.9994561523199081,0.00039257199568965007,0,8,0,False,only_4096_correct,LTE|LTE|LTE|LTE|LTE|LTE|LTE|LTE,0.99854738|0.99975020|0.99976820|0.99976212|0.99956244|0.99873239|0.99981099|0.99971551,0.00111964|0.00015479|0.00014302|0.00014914|0.00028981|0.00098458|0.00011847|0.00018112
tr_external_uz_dvbt_f482_r10,5,6554,DVB-T,0.8069308400154114,0.8069308400154114,LTE,0.9985020235180855,0.0011247705697314814,0,8,0,False,only_4096_correct,LTE|LTE|LTE|LTE|LTE|LTE|LTE|LTE,0.99954373|0.99948102|0.99894577|0.99481308|0.99717402|0.99976188|0.99966121|0.99863547,0.00030141|0.00034513|0.00070395|0.00409868|0.00211502|0.00014836|0.00021928|0.00106633
tr_external_uz_dvbt_f482_r10,6,6555,DVB-T,0.9906015396118164,0.9906015396118164,LTE,0.7467627432197332,0.2526987230303348,2,6,0,False,only_4096_correct,LTE|LTE|LTE|LTE|LTE|DVB-T|LTE|DVB-T,0.99975592|0.99944085|0.91538757|0.99961627|0.99957675|0.94011748|0.99804831|0.99693608,0.00014445|0.00038711|0.08193468|0.00025175|0.00028143|0.94011748|0.00153680|0.99693608
tr_external_uz_dvbt_f482_r10,7,6556,DVB-T,0.9031659364700317,0.9031659364700317,LTE,0.5889192586764693,0.40850583770952653,3,5,0,False,only_4096_correct,LTE|LTE|LTE|LTE|LTE|DVB-T|DVB-T|DVB-T,0.99827135|0.60136282|0.98812938|0.99346101|0.76245850|0.95880240|0.97916406|0.68860835,0.00129638|0.39003882|0.01006310|0.00524536|0.23482823|0.95880240|0.97916406|0.68860835
tr_external_uz_dvbt_f482_r10,8,6557,DVB-T,0.849774956703186,0.849774956703186,DVB-T,0.9406417161226273,0.9406417161226273,8,0,0,False,both_correct,DVB-T|DVB-T|DVB-T|DVB-T|DVB-T|DVB-T|DVB-T|DVB-T,0.88971728|0.99913931|0.83539319|0.99970430|0.81213033|0.99779820|0.99940956|0.99184155,0.88971728|0.99913931|0.83539319|0.99970430|0.81213033|0.99779820|0.99940956|0.99184155
tr_external_uz_dvbt_f482_r10,9,6558,DVB-T,0.7780977487564087,0.7780977487564087,DVB-T,0.7964376916643232,0.7964376916643232,7,1,0,False,both_correct,DVB-T|DVB-T|DVB-T|DVB-T|DVB-T|DVB-T|DVB-T|LTE,0.96275890|0.99890256|0.90957350|0.51814109|0.98372191|0.99923360|0.99202955|0.99078536,0.96275890|0.99890256|0.90957350|0.51814109|0.98372191|0.99923360|0.99202955|0.00714043
tr_external_uz_dvbt_f482_r10,10,6559,LTE,0.548879861831665,0.44592514634132385,LTE,0.7975145988166332,0.20067699738683586,2,6,0,False,both_wrong,DVB-T|DVB-T|LTE|LTE|LTE|LTE|LTE|LTE,0.74729592|0.55688584|0.74057943|0.99816018|0.99978799|0.99972516|0.98496163|0.96608049,0.74729592|0.55688584|0.25422791|0.00146862|0.00013226|0.00017200|0.01377702|0.03145643
tr_external_uz_dvbt_f482_r10,11,6560,DVB-T,0.9387694597244263,0.9387694597244263,LTE,0.9986041635274887,0.0010378995757491793,0,8,0,False,only_4096_correct,LTE|LTE|LTE|LTE|LTE|LTE|LTE|LTE,0.99887234|0.99570292|0.99906558|0.99961048|0.99889058|0.99951243|0.99778169|0.99939728,0.00083973|0.00331368|0.00067167|0.00026108|0.00080730|0.00032400|0.00166848|0.00041726
tr_external_uz_dvbt_f482_r10,12,6561,DVB-T,0.9603170156478882,0.9603170156478882,LTE,0.9986085519194603,0.001021980646328302,0,8,0,False,only_4096_correct,LTE|LTE|LTE|LTE|LTE|LTE|LTE|LTE,0.99480408|0.99903357|0.99752969|0.99943823|0.99972814|0.99928063|0.99978667|0.99926740,0.00390851|0.00068788|0.00189113|0.00038096|0.00016833|0.00051593|0.00013136|0.00049174
tr_external_uz_dvbt_f482_r10,13,6562,DVB-T,0.9913126826286316,0.9913126826286316,LTE,0.9960466250777245,0.0031527906703558983,0,8,0,False,only_4096_correct,LTE|LTE|LTE|LTE|LTE|LTE|LTE|LTE,0.99979299|0.99965000|0.99748886|0.99925739|0.99916017|0.97369766|0.99978298|0.99954295,0.00012691|0.00022544|0.00189479|0.00049772|0.00061935|0.02141934|0.00013461|0.00030416
tr_external_uz_dvbt_f482_r10,14,6563,DVB-T,0.9950662851333618,0.9950662851333618,LTE,0.7492234371602535,0.24727057338350278,3,5,0,False,only_4096_correct,DVB-T|LTE|LTE|LTE|LTE|DVB-T|DVB-T|LTE,0.56212926|0.99978369|0.99661750|0.99973577|0.77015525|0.63326311|0.56017321|0.99513716,0.56212926|0.00013189|0.00251980|0.00015423|0.21592778|0.63326311|0.56017321|0.00386531
tr_external_uz_dvbt_f482_r10,15,6564,DVB-T,0.9050202369689941,0.9050202369689941,LTE,0.8275100514292717,0.17031071879682713,2,6,0,False,only_4096_correct,DVB-T|LTE|DVB-T|LTE|LTE|LTE|LTE|LTE,0.78944206|0.99637932|0.54848766|0.99946660|0.98450863|0.99348700|0.99739289|0.99872679,0.78944206|0.00279952|0.54848766|0.00035962|0.01287415|0.00549557|0.00207399|0.00095318
tr_external_uz_dvbt_f482_r10,16,6565,DVB-T,0.9859463572502136,0.9859463572502136,LTE,0.703616678409162,0.2930064019674319,2,6,0,False,only_4096_correct,LTE|LTE|LTE|LTE|DVB-T|LTE|LTE|DVB-T,0.99518663|0.90694761|0.84499872|0.92470354|0.99858272|0.99919480|0.93587220|0.97902465,0.00391513|0.08733978|0.14638415|0.07228319|0.99858272|0.00060444|0.05591716|0.97902465
tr_external_uz_dvbt_f482_r10,17,6566,DVB-T,0.8649416565895081,0.8649416565895081,LTE,0.7876364447874948,0.21067498626325687,1,7,0,False,only_4096_correct,DVB-T|LTE|LTE|LTE|LTE|LTE|LTE|LTE,0.99389207|0.74881208|0.99733365|0.99965131|0.96697634|0.58757961|0.99626166|0.99858570,0.99389207|0.24779986|0.00217664|0.00022161|0.02809804|0.40912855|0.00303615|0.00104696
tr_external_uz_dvbt_f482_r10,18,6567,LTE,0.8935319185256958,0.10357984155416489,LTE,0.9548662453889847,0.04302408273542824,0,8,0,False,both_wrong,LTE|LTE|LTE|LTE|LTE|LTE|LTE|LTE,0.64898306|0.99972194|0.99739182|0.99854666|0.99962246|0.99589562|0.99975961|0.99900877,0.33643380|0.00017043|0.00199414|0.00107057|0.00024211|0.00341585|0.00014541|0.00072035
tr_external_uz_dvbt_f482_r10,19,6568,DVB-T,0.5075875520706177,0.5075875520706177,LTE,0.9991814643144608,0.0006246600778467837,0,8,0,False,only_4096_correct,LTE|LTE|LTE|LTE|LTE|LTE|LTE|LTE,0.99969876|0.99593902|0.99975437|0.99967182|0.99946171|0.99977702|0.99932241|0.99982661,0.00019182|0.00338373|0.00014986|0.00021183|0.00036824|0.00013061|0.00046308|0.00009812
tr_external_uz_dvbt_f482_r10,20,6569,LTE,0.5513020157814026,0.44319620728492737,LTE,0.999778263270855,0.0001384738916385686,0,8,0,False,both_wrong,LTE|LTE|LTE|LTE|LTE|LTE|LTE|LTE,0.99971431|0.99970382|0.99964404|0.99989235|0.99979240|0.99984419|0.99982029|0.99981469,0.00018002|0.00018799|0.00023223|0.00006377|0.00012761|0.00009311|0.00010765|0.00011540
tr_external_uz_dvbt_f482_r10,21,6570,DVB-T,0.9744839072227478,0.9744839072227478,LTE,0.9997399896383286,0.00016352897910110187,0,8,0,False,only_4096_correct,LTE|LTE|LTE|LTE|LTE|LTE|LTE|LTE,0.99957365|0.99975055|0.99985981|0.99973696|0.99983561|0.99958628|0.99979526|0.99978179,0.00028292|0.00015739|0.00008166|0.00016313|0.00009752|0.00026796|0.00012345|0.00013420
tr_external_uz_dvbt_f482_r10,22,6571,LTE,0.7144909501075745,0.280367910861969,LTE,0.9997664913535118,0.00014388291947398102,0,8,0,False,both_wrong,LTE|LTE|LTE|LTE|LTE|LTE|LTE|LTE,0.99977213|0.99988449|0.99975425|0.99975151|0.99958998|0.99978930|0.99977154|0.99981874,0.00013113|0.00006863|0.00015014|0.00015438|0.00026971|0.00012691|0.00014212|0.00010803
tr_external_uz_dvbt_f482_r10,23,6572,DVB-T,0.984501302242279,0.984501302242279,LTE,0.9919096678495407,0.006314125250355573,0,8,0,False,only_4096_correct,LTE|LTE|LTE|LTE|LTE|LTE|LTE|LTE,0.99978155|0.97597492|0.97687018|0.99923408|0.99976820|0.98797894|0.99966073|0.99600875,0.00013264|0.01901814|0.01753894|0.00051128|0.00013738|0.00989939|0.00021727|0.00305796
tr_external_uz_dvbt_f482_r10,24,6573,DVB-T,0.9895972609519958,0.9895972609519958,LTE,0.9476088434457779,0.049992232326985686,0,8,0,False,only_4096_correct,LTE|LTE|LTE|LTE|LTE|LTE|LTE|LTE,0.99965549|0.99834073|0.99963605|0.88417721|0.99526691|0.94482821|0.76429272|0.99467343,0.00021987|0.00126860|0.00023922|0.10738309|0.00372569|0.05245792|0.23018299|0.00446046
tr_external_uz_dvbt_f482_r10,25,6574,DVB-T,0.9752954840660095,0.9752954840660095,LTE,0.6345350714982487,0.36189655866473913,2,6,0,False,only_4096_correct,LTE|LTE|LTE|LTE|DVB-T|DVB-T|LTE|LTE,0.87204599|0.78910190|0.82257402|0.93990809|0.99464118|0.92264146|0.82425910|0.74649256,0.12460528|0.20059292|0.17282468|0.05726019|0.99464118|0.92264146|0.17251101|0.25009575
tr_external_uz_dvbt_f482_r10,26,6575,DVB-T,0.8472316861152649,0.8472316861152649,LTE,0.6567397846956737,0.34195681010896806,3,5,0,False,only_4096_correct,LTE|DVB-T|DVB-T|LTE|DVB-T|LTE|LTE|LTE,0.95711154|0.99506193|0.68852830|0.99497485|0.98593485|0.99853539|0.98695648|0.98858100,0.03917117|0.99506193|0.68852830|0.00420633|0.98593485|0.00108170|0.01174037|0.00992982
tr_external_uz_dvbt_f482_r10,27,6576,LTE,0.9475558996200562,0.05081444978713989,LTE,0.9127618707716465,0.08662306446422008,1,7,0,False,both_wrong,LTE|LTE|DVB-T|LTE|LTE|LTE|LTE|LTE,0.94694299|0.99959594|0.64089662|0.99978822|0.99947089|0.99963605|0.99973840|0.99978656,0.05080984|0.00026852|0.64089662|0.00012884|0.00035928|0.00023360|0.00016256|0.00012527
tr_external_uz_dvbt_f482_r10,28,6577,DVB-T,0.5742530822753906,0.5742530822753906,LTE,0.9995825663208961,0.0002792144287013798,0,8,0,False,only_4096_correct,LTE|LTE|LTE|LTE|LTE|LTE|LTE|LTE,0.99921024|0.99979717|0.99973172|0.99945503|0.99923813|0.99976462|0.99965441|0.99980921,0.00054665|0.00012652|0.00017191|0.00036751|0.00054031|0.00014594|0.00022063|0.00011426
tr_external_uz_dvbt_f482_r10,29,6578,DVB-T,0.9660239219665527,0.9660239219665527,LTE,0.999725304543972,0.00017494920030003414,0,8,0,False,only_4096_correct,LTE|LTE|LTE|LTE|LTE|LTE|LTE|LTE,0.99931169|0.99984550|0.99978286|0.99979919|0.99977344|0.99979919|0.99969709|0.99979347,0.00047442|0.00009260|0.00012757|0.00012534|0.00014120|0.00012393|0.00018649|0.00012804
tr_external_uz_dvbt_f482_r10,30,6579,DVB-T,0.8253490328788757,0.8253490328788757,LTE,0.9997979030013084,0.00012467058513720986,0,8,0,False,only_4096_correct,LTE|LTE|LTE|LTE|LTE|LTE|LTE|LTE,0.99982458|0.99981993|0.99986625|0.99967301|0.99982041|0.99982750|0.99977869|0.99977285,0.00010144|0.00010669|0.00008206|0.00021692|0.00010918|0.00010451|0.00013576|0.00014082
tr_external_uz_dvbt_f482_r10,31,6580,DVB-T,0.9280447959899902,0.9280447959899902,LTE,0.9989480152726173,0.000843783289383282,0,8,0,False,only_4096_correct,LTE|LTE|LTE|LTE|LTE|LTE|LTE|LTE,0.99973112|0.99979788|0.99970549|0.99966145|0.99935585|0.99960798|0.99406660|0.99965775,0.00016979|0.00012401|0.00018588|0.00021748|0.00044970|0.00026008|0.00512768|0.00021565
tr_external_uz_dvbt_f482_r10,32,6581,DVB-T,0.9980989098548889,0.9980989098548889,LTE,0.9994086474180222,0.00041425449853704777,0,8,0,False,only_4096_correct,LTE|LTE|LTE|LTE|LTE|LTE|LTE|LTE,0.99971157|0.99961817|0.99934644|0.99973434|0.99977225|0.99826342|0.99908268|0.99974030,0.00018215|0.00024854|0.00046866|0.00016588|0.00014050|0.00127964|0.00066729|0.00016138
tr_external_uz_dvbt_f482_r10,33,6582,LTE,0.54316246509552,0.4515395760536194,LTE,0.9997323751449585,0.00016753454747231444,0,8,0,False,both_wrong,LTE|LTE|LTE|LTE|LTE|LTE|LTE|LTE,0.99966919|0.99984288|0.99977320|0.99982798|0.99954349|0.99973959|0.99968839|0.99977428,0.00021167|0.00009187|0.00013403|0.00010150|0.00029980|0.00016229|0.00019866|0.00014047
tr_external_uz_dvbt_f482_r10,34,6583,DVB-T,0.9821802377700806,0.9821802377700806,LTE,0.9997289478778839,0.00017277812094107503,0,8,0,False,only_4096_correct,LTE|LTE|LTE|LTE|LTE|LTE|LTE|LTE,0.99975139|0.99978107|0.99932563|0.99981052|0.99980658|0.99983943|0.99968565|0.99983132,0.00015605|0.00013698|0.00045937|0.00011744|0.00011399|0.00009479|0.00019972|0.00010388
tr_external_uz_dvbt_f482_r10,35,6584,DVB-T,0.8543843030929565,0.8543843030929565,LTE,0.999724343419075,0.00017209159886988346,0,8,0,False,only_4096_correct,LTE|LTE|LTE|LTE|LTE|LTE|LTE|LTE,0.99971944|0.99978644|0.99976033|0.99981290|0.99959737|0.99956042|0.99978548|0.99977237,0.00016994|0.00013447|0.00014208|0.00011594|0.00025334|0.00028989|0.00013388|0.00013718
tr_external_uz_dvbt_f482_r10,36,6585,DVB-T,0.977846622467041,0.977846622467041,LTE,0.9997251555323601,0.0001783736452125595,0,8,0,False,only_4096_correct,LTE|LTE|LTE|LTE|LTE|LTE|LTE|LTE,0.99985003|0.99972397|0.99984753|0.99909604|0.99981517|0.99978560|0.99985051|0.99983239,0.00008437|0.00017200|0.00008712|0.00065315|0.00011085|0.00013241|0.00008874|0.00009835
tr_external_uz_dvbt_f482_r10,37,6586,DVB-T,0.9880388379096985,0.9880388379096985,LTE,0.9997963234782219,0.0001251954518011189,0,8,0,False,only_4096_correct,LTE|LTE|LTE|LTE|LTE|LTE|LTE|LTE,0.99980277|0.99957520|0.99989522|0.99978012|0.99984837|0.99980670|0.99981004|0.99985218,0.00011774|0.00027915|0.00006284|0.00013543|0.00009311|0.00011408|0.00010948|0.00008974
tr_external_uz_dvbt_f482_r10,38,6587,DVB-T,0.9786161780357361,0.9786161780357361,LTE,0.99976996332407,0.00014039600318938028,0,8,0,False,only_4096_correct,LTE|LTE|LTE|LTE|LTE|LTE|LTE|LTE,0.99973077|0.99983144|0.99983501|0.99952388|0.99984193|0.99976748|0.99985635|0.99977285,0.00016342|0.00009886|0.00009815|0.00030676|0.00009526|0.00014184|0.00008253|0.00013636
tr_external_uz_dvbt_f482_r10,39,6588,DVB-T,0.9330295920372009,0.9330295920372009,LTE,0.9998434782028198,9.556623308526468e-05,0,8,0,False,only_4096_correct,LTE|LTE|LTE|LTE|LTE|LTE|LTE|LTE,0.99988770|0.99984169|0.99977201|0.99990153|0.99986839|0.99984670|0.99979955|0.99983025,0.00006676|0.00009760|0.00014531|0.00005877|0.00007757|0.00009365|0.00012529|0.00009956
tr_external_uz_dvbt_f482_r10,40,6589,DVB-T,0.9937452077865601,0.9937452077865601,LTE,0.9998168125748634,0.00010910427772614639,0,8,0,False,only_4096_correct,LTE|LTE|LTE|LTE|LTE|LTE|LTE|LTE,0.99978286|0.99980515|0.99985433|0.99983859|0.99980360|0.99980706|0.99978405|0.99985886,0.00012428|0.00012049|0.00008427|0.00009451|0.00011877|0.00010975|0.00013509|0.00008567
tr_external_uz_dvbt_f482_r10,41,6590,DVB-T,0.9275106191635132,0.9275106191635132,LTE,0.9998083785176277,0.00011563617863430409,0,8,0,False,only_4096_correct,LTE|LTE|LTE|LTE|LTE|LTE|LTE|LTE,0.99965942|0.99983346|0.99979597|0.99980754|0.99983752|0.99981803|0.99986804|0.99984705,0.00021701|0.00009406|0.00012282|0.00011449|0.00009857|0.00011206|0.00007585|0.00009023
tr_external_uz_dvbt_f482_r10,42,6591,DVB-T,0.9767119884490967,0.9767119884490967,LTE,0.9998348131775856,9.80424210865749e-05,0,8,0,False,only_4096_correct,LTE|LTE|LTE|LTE|LTE|LTE|LTE|LTE,0.99989593|0.99981719|0.99985635|0.99983096|0.99976999|0.99986219|0.99980825|0.99983764,0.00006148|0.00010338|0.00008578|0.00010208|0.00014158|0.00007896|0.00011617|0.00009489
tr_external_uz_dvbt_f482_r10,43,6592,DVB-T,0.9982739686965942,0.9982739686965942,LTE,0.9998369887471199,9.720456364448182e-05,0,8,0,False,only_4096_correct,LTE|LTE|LTE|LTE|LTE|LTE|LTE|LTE,0.99986303|0.99985766|0.99983382|0.99986756|0.99982685|0.99977928|0.99982518|0.99984252,0.00008167|0.00008255|0.00009868|0.00007809|0.00010678|0.00013610|0.00009868|0.00009508
tr_external_uz_dvbt_f482_r10,44,6593,DVB-T,0.9920212626457214,0.9920212626457214,LTE,0.9997184723615646,0.00018093391099682776,0,8,0,False,only_4096_correct,LTE|LTE|LTE|LTE|LTE|LTE|LTE|LTE,0.99963140|0.99982637|0.99933785|0.99983251|0.99979323|0.99975425|0.99976915|0.99980301,0.00023982|0.00010135|0.00046253|0.00010202|0.00012832|0.00015426|0.00014592|0.00011326
tr_external_uz_dvbt_f482_r10,45,6594,DVB-T,0.8897557258605957,0.8897557258605957,LTE,0.9998212903738022,0.00010745006602519425,0,8,0,False,only_4096_correct,LTE|LTE|LTE|LTE|LTE|LTE|LTE|LTE,0.99984443|0.99984384|0.99987829|0.99976200|0.99979240|0.99982929|0.99981862|0.99980146,0.00009347|0.00009002|0.00007283|0.00014480|0.00012790|0.00010075|0.00010805|0.00012179
tr_external_uz_dvbt_f482_r10,46,6595,DVB-T,0.930737316608429,0.930737316608429,LTE,0.999824620783329,0.00010670936808310216,0,8,0,False,only_4096_correct,LTE|LTE|LTE|LTE|LTE|LTE|LTE|LTE,0.99966943|0.99987674|0.99981922|0.99987984|0.99981350|0.99988759|0.99980634|0.99984431,0.00021013|0.00007254|0.00010987|0.00007210|0.00011555|0.00006703|0.00011484|0.00009161
tr_external_uz_dvbt_f482_r10,47,6596,DVB-T,0.991006076335907,0.991006076335907,LTE,0.9997947663068771,0.00012569688260555267,0,8,0,False,only_4096_correct,LTE|LTE|LTE|LTE|LTE|LTE|LTE|LTE,0.99987447|0.99986100|0.99985409|0.99985027|0.99950039|0.99981397|0.99977058|0.99983335,0.00007557|0.00008578|0.00008576|0.00008990|0.00032742|0.00010533|0.00014064|0.00009517
tr_external_uz_dvbt_f482_r10,48,6597,DVB-T,0.987310528755188,0.987310528755188,LTE,0.9998400211334229,9.430523004994029e-05,0,8,0,False,only_4096_correct,LTE|LTE|LTE|LTE|LTE|LTE|LTE|LTE,0.99985957|0.99982077|0.99983919|0.99984181|0.99980026|0.99987972|0.99984300|0.99983585,0.00008270|0.00010498|0.00009343|0.00009304|0.00011836|0.00007133|0.00009114|0.00009945
tr_external_uz_dvbt_f482_r10,49,6598,DVB-T,0.9821683168411255,0.9821683168411255,LTE,0.9998232945799828,0.00010801163170981454,0,8,0,False,only_4096_correct,LTE|LTE|LTE|LTE|LTE|LTE|LTE|LTE,0.99985719|0.99976486|0.99987435|0.99970251|0.99985623|0.99978882|0.99986875|0.99987364,0.00008186|0.00014761|0.00007497|0.00018949|0.00008678|0.00012898|0.00007678|0.00007764
tr_external_uz_dvbt_f482_r10,50,6599,DVB-T,0.9737720489501953,0.9737720489501953,LTE,0.9998107478022575,0.00011659072424663464,0,8,0,False,only_4096_correct,LTE|LTE|LTE|LTE|LTE|LTE|LTE|LTE,0.99984515|0.99977165|0.99986792|0.99980336|0.99983525|0.99966323|0.99987853|0.99982089,0.00009377|0.00014209|0.00008099|0.00011999|0.00010088|0.00021333|0.00007381|0.00010787
tr_external_uz_dvbt_f482_r10,51,6600,DVB-T,0.8492171764373779,0.8492171764373779,LTE,0.9998415410518646,9.488434443483129e-05,0,8,0,False,only_4096_correct,LTE|LTE|LTE|LTE|LTE|LTE|LTE|LTE,0.99987268|0.99984062|0.99986267|0.99982339|0.99984121|0.99976212|0.99986136|0.99986827,0.00007490|0.00009700|0.00008083|0.00010282|0.00009253|0.00014746|0.00008177|0.00008174
tr_external_uz_dvbt_f482_r10,52,6601,DVB-T,0.9302305579185486,0.9302305579185486,LTE,0.9998189583420753,0.00010812494474521372,0,8,0,False,only_4096_correct,LTE|LTE|LTE|LTE|LTE|LTE|LTE|LTE,0.99977177|0.99980325|0.99988925|0.99974710|0.99985254|0.99978751|0.99987805|0.99982220,0.00013099|0.00011459|0.00006635|0.00015555|0.00008912|0.00012930|0.00007199|0.00010711
tr_external_uz_dvbt_f482_r10,53,6602,DVB-T,0.9459618330001831,0.9459618330001831,LTE,0.9998374283313751,9.631680495658657e-05,0,8,0,False,only_4096_correct,LTE|LTE|LTE|LTE|LTE|LTE|LTE|LTE,0.99988067|0.99985361|0.99981481|0.99986327|0.99981314|0.99981743|0.99984300|0.99981350,0.00007223|0.00008284|0.00010959|0.00008128|0.00011095|0.00011245|0.00008973|0.00011146
tr_external_uz_dvbt_f482_r10,54,6603,LTE,0.5241892337799072,0.470488578081131,LTE,0.9998500198125839,8.892389359971276e-05,0,8,0,False,both_wrong,LTE|LTE|LTE|LTE|LTE|LTE|LTE|LTE,0.99984252|0.99979967|0.99981946|0.99987650|0.99983239|0.99985504|0.99988842|0.99988616,0.00009379|0.00011356|0.00010993|0.00007241|0.00010330|0.00008427|0.00006633|0.00006780
tr_external_uz_dvbt_f482_r10,55,6604,DVB-T,0.9992271661758423,0.9992271661758423,LTE,0.9997918829321861,0.000125670111629006,0,8,0,False,only_4096_correct,LTE|LTE|LTE|LTE|LTE|LTE|LTE|LTE,0.99982941|0.99989080|0.99965119|0.99976438|0.99981254|0.99981600|0.99981099|0.99975973,0.00010212|0.00006560|0.00022818|0.00013501|0.00011089|0.00010545|0.00011566|0.00014245
tr_external_uz_dvbt_f482_r10,56,6605,DVB-T,0.7889134287834167,0.7889134287834167,LTE,0.9998305439949036,0.00010032928184955381,0,8,0,False,only_4096_correct,LTE|LTE|LTE|LTE|LTE|LTE|LTE|LTE,0.99981862|0.99976414|0.99984539|0.99982542|0.99981254|0.99987376|0.99987495|0.99982953,0.00010505|0.00014760|0.00009579|0.00010024|0.00010703|0.00007424|0.00007373|0.00009894
tr_external_uz_dvbt_f482_r10,57,6606,DVB-T,0.9864755272865295,0.9864755272865295,LTE,0.9997817128896713,0.00013812073029839667,0,8,0,False,only_4096_correct,LTE|LTE|LTE|LTE|LTE|LTE|LTE|LTE,0.99986136|0.99987328|0.99940729|0.99987376|0.99983966|0.99981993|0.99983418|0.99974424,0.00008551|0.00007869|0.00040691|0.00007628|0.00009678|0.00010418|0.00009886|0.00015775
tr_external_uz_dvbt_f482_r10,58,6607,DVB-T,0.6411410570144653,0.6411410570144653,LTE,0.9997566640377045,0.00015142257416300708,0,8,0,False,only_4096_correct,LTE|LTE|LTE|LTE|LTE|LTE|LTE|LTE,0.99964893|0.99983120|0.99958712|0.99975950|0.99983954|0.99969721|0.99986184|0.99982798,0.00022894|0.00009493|0.00027109|0.00014814|0.00009652|0.00018979|0.00008171|0.00010027
tr_external_uz_dvbt_f482_r10,59,6608,DVB-T,0.9511993527412415,0.9511993527412415,LTE,0.9998175278306007,0.00011316179006826133,0,8,0,False,only_4096_correct,LTE|LTE|LTE|LTE|LTE|LTE|LTE|LTE,0.99987161|0.99959797|0.99988687|0.99982601|0.99981827|0.99986219|0.99983573|0.99984157,0.00007673|0.00026776|0.00006734|0.00010381|0.00011278|0.00008241|0.00010025|0.00009422
tr_external_uz_dvbt_f482_r10,60,6609,DVB-T,0.901001513004303,0.901001513004303,LTE,0.999834269285202,9.879977915261406e-05,0,8,0,False,only_4096_correct,LTE|LTE|LTE|LTE|LTE|LTE|LTE|LTE,0.99981230|0.99981433|0.99986720|0.99984574|0.99986279|0.99985278|0.99981958|0.99979943,0.00011430|0.00011494|0.00007853|0.00008863|0.00007968|0.00008985|0.00011258|0.00011187
tr_external_uz_dvbt_f482_r10,61,6610,DVB-T,0.9845031499862671,0.9845031499862671,LTE,0.9998376742005348,9.727218184707453e-05,0,8,0,False,only_4096_correct,LTE|LTE|LTE|LTE|LTE|LTE|LTE|LTE,0.99984646|0.99986410|0.99987268|0.99984431|0.99975199|0.99982989|0.99985123|0.99984074,0.00009010|0.00008157|0.00007548|0.00009021|0.00015777|0.00010344|0.00008392|0.00009567
tr_external_uz_dvbt_f482_r10,62,6611,DVB-T,0.9685604572296143,0.9685604572296143,LTE,0.9998323693871498,0.00010130840837518917,0,8,0,False,only_4096_correct,LTE|LTE|LTE|LTE|LTE|LTE|LTE|LTE,0.99978334|0.99985278|0.99983048|0.99989140|0.99986756|0.99979097|0.99983728|0.99980515,0.00013618|0.00008536|0.00010359|0.00006710|0.00007852|0.00012977|0.00009718|0.00011277
tr_external_uz_dvbt_f482_r10,63,6612,DVB-T,0.9702789783477783,0.9702789783477783,LTE,0.9998236298561096,0.0001067854109351174,0,8,0,False,only_4096_correct,LTE|LTE|LTE|LTE|LTE|LTE|LTE|LTE,0.99985838|0.99976712|0.99985540|0.99978942|0.99978501|0.99985957|0.99986649|0.99980766,0.00008505|0.00014302|0.00008705|0.00012724|0.00013359|0.00008220|0.00007933|0.00011681
tr_external_uz_dvbt_f482_r10,64,6613,DVB-T,0.9756405353546143,0.9756405353546143,LTE,0.9998185113072395,0.00011020878173439996,0,8,0,False,only_4096_correct,LTE|LTE|LTE|LTE|LTE|LTE|LTE|LTE,0.99968660|0.99982005|0.99982053|0.99986517|0.99982601|0.99983215|0.99984944|0.99984813,0.00020334|0.00010613|0.00010980|0.00007729|0.00010665|0.00010067|0.00008958|0.00008821
tr_external_uz_dvbt_f482_r10,65,6614,DVB-T,0.9985215067863464,0.9985215067863464,LTE,0.9998358488082886,9.821510047913762e-05,0,8,0,False,only_4096_correct,LTE|LTE|LTE|LTE|LTE|LTE|LTE|LTE,0.99987817|0.99982733|0.99987316|0.99982685|0.99975449|0.99979371|0.99988222|0.99985087,0.00007096|0.00010271|0.00007505|0.00010053|0.00015231|0.00012427|0.00007079|0.00008910
tr_external_uz_dvbt_f482_r10,66,6615,DVB-T,0.9958627223968506,0.9958627223968506,LTE,0.9997924342751503,0.00012951324697496602,0,8,0,False,only_4096_correct,LTE|LTE|LTE|LTE|LTE|LTE|LTE|LTE,0.99946696|0.99987829|0.99989140|0.99979407|0.99983048|0.99985695|0.99975961|0.99986172,0.00035698|0.00007262|0.00006458|0.00012251|0.00009987|0.00008692|0.00014921|0.00008341
tr_external_uz_dvbt_f482_r10,67,6616,DVB-T,0.9982635378837585,0.9982635378837585,LTE,0.999770037829876,0.00014461793125519762,0,8,0,False,only_4096_correct,LTE|LTE|LTE|LTE|LTE|LTE|LTE|LTE,0.99947482|0.99986303|0.99980527|0.99983227|0.99984169|0.99971765|0.99982625|0.99979931,0.00035305|0.00008437|0.00011995|0.00010289|0.00009263|0.00018225|0.00010175|0.00012005
tr_external_uz_dvbt_f482_r10,68,6617,DVB-T,0.9905694723129272,0.9905694723129272,LTE,0.9996080324053764,0.00027007439803128364,0,8,0,False,only_4096_correct,LTE|LTE|LTE|LTE|LTE|LTE|LTE|LTE,0.99977344|0.99984288|0.99977416|0.99937785|0.99984145|0.99978763|0.99865109|0.99981576,0.00013576|0.00009306|0.00014024|0.00042713|0.00009445|0.00012385|0.00103185|0.00011426
tr_external_uz_dvbt_f482_r10,69,6618,DVB-T,0.9962641596794128,0.9962641596794128,LTE,0.9998265951871872,0.00010522986212890828,0,8,0,False,only_4096_correct,LTE|LTE|LTE|LTE|LTE|LTE|LTE|LTE,0.99980134|0.99985754|0.99984527|0.99979454|0.99976546|0.99984837|0.99988401|0.99981624,0.00011813|0.00008745|0.00009121|0.00012622|0.00014719|0.00009144|0.00006881|0.00011141
tr_external_uz_dvbt_f482_r10,70,6619,DVB-T,0.9417900443077087,0.9417900443077087,LTE,0.9998297989368439,0.00010138740162801696,0,8,0,False,only_4096_correct,LTE|LTE|LTE|LTE|LTE|LTE|LTE|LTE,0.99983227|0.99985707|0.99982423|0.99977976|0.99979442|0.99986684|0.99982601|0.99985778,0.00009772|0.00008222|0.00009856|0.00013863|0.00012921|0.00007717|0.00010382|0.00008377
tr_external_uz_dvbt_f482_r10,71,6620,DVB-T,0.9746183156967163,0.9746183156967163,LTE,0.9998274222016335,0.00010357643986935727,0,8,0,False,only_4096_correct,LTE|LTE|LTE|LTE|LTE|LTE|LTE|LTE,0.99983788|0.99975771|0.99983311|0.99985385|0.99978787|0.99980623|0.99987614|0.99986660,0.00009642|0.00014215|0.00010171|0.00008967|0.00013061|0.00011709|0.00007294|0.00007802
tr_external_uz_dvbt_f482_r10,72,6621,DVB-T,0.9682649374008179,0.9682649374008179,LTE,0.9998243972659111,0.00010386615304014413,0,8,0,False,only_4096_correct,LTE|LTE|LTE|LTE|LTE|LTE|LTE|LTE,0.99980253|0.99980038|0.99980909|0.99982220|0.99982566|0.99982941|0.99984670|0.99985921,0.00011288|0.00012309|0.00011938|0.00010431|0.00010184|0.00009923|0.00008874|0.00008144
tr_external_uz_dvbt_f482_r10,73,6622,DVB-T,0.9913823008537292,0.9913823008537292,LTE,0.9997783228754997,0.0001380650846840581,0,8,0,False,only_4096_correct,LTE|LTE|LTE|LTE|LTE|LTE|LTE|LTE,0.99984932|0.99980885|0.99972206|0.99987507|0.99980539|0.99969387|0.99976414|0.99970788,0.00008839|0.00011780|0.00017190|0.00007412|0.00011732|0.00019947|0.00014524|0.00019027
tr_external_uz_dvbt_f482_r10,74,6623,DVB-T,0.9992840886116028,0.9992840886116028,LTE,0.9997995644807816,0.0001201702516482328,0,8,0,False,only_4096_correct,LTE|LTE|LTE|LTE|LTE|LTE|LTE|LTE,0.99981314|0.99972850|0.99979478|0.99984550|0.99984729|0.99975342|0.99982506|0.99978882,0.00011374|0.00016450|0.00011760|0.00009001|0.00008970|0.00014772|0.00010630|0.00013178
tr_external_uz_dvbt_f482_r10,75,6624,DVB-T,0.9955447316169739,0.9955447316169739,LTE,0.999741680920124,0.00016535687427676748,0,8,0,False,only_4096_correct,LTE|LTE|LTE|LTE|LTE|LTE|LTE|LTE,0.99982917|0.99980992|0.99981028|0.99980265|0.99920988|0.99981695|0.99984193|0.99981266,0.00009283|0.00011651|0.00011698|0.00011877|0.00056153|0.00010918|0.00009444|0.00011262
tr_external_uz_dvbt_f482_r10,76,6625,DVB-T,0.8626280426979065,0.8626280426979065,LTE,0.999777764081955,0.0001402640245942166,0,8,0,False,only_4096_correct,LTE|LTE|LTE|LTE|LTE|LTE|LTE|LTE,0.99986029|0.99973911|0.99983573|0.99986982|0.99985850|0.99933857|0.99985480|0.99986529,0.00008206|0.00016410|0.00009840|0.00007752|0.00008022|0.00045880|0.00008424|0.00007678
tr_external_uz_dvbt_f482_r10,77,6626,DVB-T,0.9372383952140808,0.9372383952140808,LTE,0.9998461678624153,9.098563168663532e-05,0,8,0,False,only_4096_correct,LTE|LTE|LTE|LTE|LTE|LTE|LTE|LTE,0.99984980|0.99978167|0.99985445|0.99987042|0.99985147|0.99984634|0.99986076|0.99985445,0.00009135|0.00012951|0.00008593|0.00007607|0.00009005|0.00009243|0.00008099|0.00008155
tr_external_uz_dvbt_f482_r10,78,6627,DVB-T,0.7880407571792603,0.7880407571792603,LTE,0.999864436686039,8.00085304035747e-05,0,8,0,False,only_4096_correct,LTE|LTE|LTE|LTE|LTE|LTE|LTE|LTE,0.99988079|0.99990034|0.99987245|0.99986422|0.99985135|0.99987817|0.99981612|0.99985206,0.00007013|0.00005975|0.00007561|0.00007997|0.00008943|0.00007117|0.00010485|0.00008915
tr_external_uz_dvbt_f482_r10,79,6628,DVB-T,0.977097749710083,0.977097749710083,LTE,0.9998051002621651,0.00011663409986795159,0,8,0,False,only_4096_correct,LTE|LTE|LTE|LTE|LTE|LTE|LTE|LTE,0.99980336|0.99982709|0.99966550|0.99983132|0.99985826|0.99983585|0.99983239|0.99978703,0.00011014|0.00010472|0.00021079|0.00010399|0.00008407|0.00009886|0.00009677|0.00012373
tr_external_uz_dvbt_f482_r10,80,6629,DVB-T,0.9950698614120483,0.9950698614120483,LTE,0.9998132139444351,0.00011345622169756098,0,8,0,False,only_4096_correct,LTE|LTE|LTE|LTE|LTE|LTE|LTE|LTE,0.99984121|0.99986959|0.99987507|0.99990571|0.99980575|0.99966240|0.99982893|0.99971706,0.00009469|0.00007643|0.00007482|0.00005675|0.00011961|0.00021682|0.00009907|0.00016944
tr_external_uz_dvbt_f482_r10,81,6630,DVB-T,0.9895134568214417,0.9895134568214417,LTE,0.9997299015522003,0.00016844434594531776,0,8,0,False,only_4096_correct,LTE|LTE|LTE|LTE|LTE|LTE|LTE|LTE,0.99981326|0.99978119|0.99988544|0.99974877|0.99976939|0.99975735|0.99982810|0.99925572,0.00011261|0.00013090|0.00006825|0.00015478|0.00014190|0.00014358|0.00010060|0.00049494
tr_external_uz_dvbt_f482_r10,82,6631,DVB-T,0.9920772910118103,0.9920772910118103,LTE,0.9996973350644112,0.0002038729444393539,0,8,0,False,only_4096_correct,LTE|LTE|LTE|LTE|LTE|LTE|LTE|LTE,0.99888772|0.99979132|0.99979252|0.99981743|0.99977416|0.99982160|0.99980229|0.99989164,0.00083701|0.00012940|0.00012616|0.00011311|0.00013150|0.00010808|0.00012145|0.00006427
tr_external_uz_dvbt_f482_r10,83,6632,DVB-T,0.9898982048034668,0.9898982048034668,LTE,0.999829038977623,0.00010396062134532258,0,8,0,False,only_4096_correct,LTE|LTE|LTE|LTE|LTE|LTE|LTE|LTE,0.99982542|0.99983215|0.99983382|0.99986100|0.99975842|0.99983180|0.99983418|0.99985552,0.00010789|0.00009863|0.00010218|0.00008254|0.00015416|0.00010510|0.00009855|0.00008264
tr_external_uz_dvbt_f482_r10,84,6633,LTE,0.5531706213951111,0.4417943060398102,LTE,0.9998386353254318,9.668542770668864e-05,0,8,0,False,both_wrong,LTE|LTE|LTE|LTE|LTE|LTE|LTE|LTE,0.99987614|0.99985790|0.99976403|0.99983895|0.99982065|0.99987602|0.99983323|0.99984217,0.00007142|0.00008685|0.00014491|0.00009169|0.00011211|0.00007362|0.00009909|0.00009380
tr_external_uz_dvbt_f482_r10,85,6634,LTE,0.8842449188232422,0.11275732517242432,LTE,0.9998252987861633,0.00010595808817015495,0,8,0,False,both_wrong,LTE|LTE|LTE|LTE|LTE|LTE|LTE|LTE,0.99983335|0.99973291|0.99987352|0.99974424|0.99986172|0.99985123|0.99984801|0.99985743,0.00010174|0.00016644|0.00007539|0.00016047|0.00008052|0.00008752|0.00009243|0.00008316
tr_external_uz_dvbt_f482_r10,86,6635,DVB-T,0.996728777885437,0.996728777885437,LTE,0.9997979998588562,0.000121242811474076,0,8,0,False,only_4096_correct,LTE|LTE|LTE|LTE|LTE|LTE|LTE|LTE,0.99986053|0.99980503|0.99979919|0.99976724|0.99979156|0.99970263|0.99983048|0.99982733,0.00008060|0.00011574|0.00012061|0.00014248|0.00012675|0.00018795|0.00009509|0.00010072
tr_external_uz_dvbt_f482_r10,87,6636,DVB-T,0.9913184642791748,0.9913184642791748,LTE,0.9997620210051537,0.00014682872733828845,0,8,0,False,only_4096_correct,LTE|LTE|LTE|LTE|LTE|LTE|LTE|LTE,0.99975926|0.99980956|0.99980849|0.99966776|0.99978834|0.99964917|0.99987197|0.99974161,0.00014671|0.00011642|0.00010579|0.00020782|0.00012892|0.00022732|0.00007929|0.00016236
tr_external_uz_dvbt_f482_r10,88,6637,DVB-T,0.9976340532302856,0.9976340532302856,LTE,0.9997655525803566,0.00014614772589993663,0,8,0,False,only_4096_correct,LTE|LTE|LTE|LTE|LTE|LTE|LTE|LTE,0.99972838|0.99989176|0.99968874|0.99966347|0.99980050|0.99982470|0.99975985|0.99976701,0.00017006|0.00006460|0.00019521|0.00021744|0.00012109|0.00010535|0.00014901|0.00014643
tr_external_uz_dvbt_f482_r10,89,6638,DVB-T,0.9980872273445129,0.9980872273445129,LTE,0.9997834861278534,0.00013430414219328668,0,8,0,False,only_4096_correct,LTE|LTE|LTE|LTE|LTE|LTE|LTE|LTE,0.99979120|0.99982673|0.99977630|0.99982363|0.99969423|0.99982798|0.99987471|0.99965310,0.00012916|0.00010662|0.00013877|0.00010426|0.00019393|0.00010207|0.00007299|0.00022663
tr_external_uz_dvbt_f482_r10,90,6639,DVB-T,0.9963680505752563,0.9963680505752563,LTE,0.9997527599334717,0.00015603300471411785,0,8,0,False,only_4096_correct,LTE|LTE|LTE|LTE|LTE|LTE|LTE|LTE,0.99966085|0.99983311|0.99981672|0.99976915|0.99938893|0.99983120|0.99986291|0.99985921,0.00022262|0.00009441|0.00010825|0.00013745|0.00041939|0.00009829|0.00008011|0.00008775
tr_external_uz_dvbt_f482_r10,91,6640,DVB-T,0.9982543587684631,0.9982543587684631,LTE,0.9997091740369797,0.00018973685200762702,0,8,0,False,only_4096_correct,LTE|LTE|LTE|LTE|LTE|LTE|LTE|LTE,0.99976033|0.99984443|0.99982661|0.99968851|0.99961472|0.99985683|0.99923849|0.99984348,0.00014498|0.00009268|0.00010506|0.00020404|0.00025438|0.00008597|0.00053624|0.00009454
tr_external_uz_dvbt_f482_r10,92,6641,DVB-T,0.9955601692199707,0.9955601692199707,LTE,0.9998345524072647,0.0001003846291496302,0,8,0,False,only_4096_correct,LTE|LTE|LTE|LTE|LTE|LTE|LTE|LTE,0.99987948|0.99976140|0.99987817|0.99982184|0.99980158|0.99989450|0.99977905|0.99986041,0.00007139|0.00014831|0.00007210|0.00011019|0.00012383|0.00006269|0.00013379|0.00008078
tr_external_uz_dvbt_f482_r10,93,6642,DVB-T,0.9588514566421509,0.9588514566421509,LTE,0.9998238310217857,0.00010623478010529652,0,8,0,False,only_4096_correct,LTE|LTE|LTE|LTE|LTE|LTE|LTE|LTE,0.99982870|0.99977094|0.99982750|0.99980694|0.99984002|0.99984396|0.99981397|0.99985862,0.00010466|0.00014177|0.00010686|0.00011503|0.00009194|0.00009039|0.00011596|0.00008327
tr_external_uz_dvbt_f482_r10,94,6643,DVB-T,0.996708869934082,0.996708869934082,LTE,0.9998034834861755,0.0001183889944513794,0,8,0,False,only_4096_correct,LTE|LTE|LTE|LTE|LTE|LTE|LTE|LTE,0.99964392|0.99980670|0.99980289|0.99982220|0.99982089|0.99983990|0.99983728|0.99985409,0.00022909|0.00011844|0.00011564|0.00010193|0.00010348|0.00009232|0.00009868|0.00008753
tr_external_uz_dvbt_f482_r10,95,6644,DVB-T,0.995880126953125,0.995880126953125,LTE,0.9998486340045929,9.015357682073954e-05,0,8,0,False,only_4096_correct,LTE|LTE|LTE|LTE|LTE|LTE|LTE|LTE,0.99984610|0.99980372|0.99987626|0.99981886|0.99985266|0.99985266|0.99986279|0.99987602,0.00009581|0.00011671|0.00007337|0.00010982|0.00008700|0.00008601|0.00007975|0.00007276
tr_external_uz_dvbt_f482_r10,96,6645,DVB-T,0.9590763449668884,0.9590763449668884,LTE,0.9998284801840782,9.977590343623888e-05,0,8,0,False,only_4096_correct,LTE|LTE|LTE|LTE|LTE|LTE|LTE|LTE,0.99979895|0.99983311|0.99981457|0.99982786|0.99985051|0.99984896|0.99982613|0.99982774,0.00012085|0.00009638|0.00010660|0.00009872|0.00008520|0.00008636|0.00010223|0.00010186
tr_external_uz_dvbt_f482_r10,97,6646,DVB-T,0.9792470335960388,0.9792470335960388,LTE,0.9998088628053665,0.00011554997036000714,0,8,0,False,only_4096_correct,LTE|LTE|LTE|LTE|LTE|LTE|LTE|LTE,0.99984419|0.99982375|0.99979144|0.99977726|0.99981195|0.99986935|0.99978155|0.99977142,0.00009011|0.00010704|0.00012934|0.00013883|0.00011206|0.00007652|0.00013439|0.00013612
tr_external_uz_dvbt_f482_r10,98,6647,DVB-T,0.9548772573471069,0.9548772573471069,LTE,0.9998188987374306,0.00010873706560232677,0,8,0,False,only_4096_correct,LTE|LTE|LTE|LTE|LTE|LTE|LTE|LTE,0.99978381|0.99983954|0.99983585|0.99989498|0.99970323|0.99980289|0.99985349|0.99983740,0.00013466|0.00009109|0.00009512|0.00006239|0.00018413|0.00011786|0.00008490|0.00009974
tr_external_uz_dvbt_f482_r10,99,6648,DVB-T,0.9978260397911072,0.9978260397911072,LTE,0.9998396337032318,9.742704696691362e-05,0,8,0,False,only_4096_correct,LTE|LTE|LTE|LTE|LTE|LTE|LTE|LTE,0.99981922|0.99989021|0.99984527|0.99974233|0.99984276|0.99986148|0.99986351|0.99985230,0.00010240|0.00006595|0.00009441|0.00016615|0.00009680|0.00008437|0.00008234|0.00008699
tr_external_uz_dvbt_f482_r10,100,6649,DVB-T,0.9096726179122925,0.9096726179122925,LTE,0.9998073428869247,0.0001165913236036431,0,8,0,False,only_4096_correct,LTE|LTE|LTE|LTE|LTE|LTE|LTE|LTE,0.99984503|0.99976152|0.99984562|0.99986172|0.99983931|0.99983144|0.99965262|0.99982148,0.00009148|0.00014420|0.00008887|0.00008108|0.00009584|0.00010503|0.00022091|0.00010532
tr_external_uz_dvbt_f482_r10,101,6650,LTE,0.6288606524467468,0.36490997672080994,LTE,0.9998070299625397,0.0001154607962234877,0,8,0,False,both_wrong,LTE|LTE|LTE|LTE|LTE|LTE|LTE|LTE,0.99971920|0.99987900|0.99982518|0.99967349|0.99989331|0.99983931|0.99980325|0.99982351,0.00017638|0.00007324|0.00010695|0.00019816|0.00006333|0.00009005|0.00011175|0.00010382
tr_external_uz_dvbt_f482_r10,102,6651,DVB-T,0.9366862773895264,0.9366862773895264,LTE,0.9998097121715546,0.00011362667009962024,0,8,0,False,only_4096_correct,LTE|LTE|LTE|LTE|LTE|LTE|LTE|LTE,0.99986386|0.99970692|0.99987066|0.99975151|0.99984109|0.99980634|0.99979943|0.99983788,0.00007941|0.00018060|0.00007587|0.00015377|0.00009178|0.00011293|0.00012276|0.00009188
tr_external_uz_dvbt_f482_r10,103,6652,DVB-T,0.9935702085494995,0.9935702085494995,LTE,0.9998185411095619,0.00010957504764519399,0,8,0,False,only_4096_correct,LTE|LTE|LTE|LTE|LTE|LTE|LTE|LTE,0.99977642|0.99981660|0.99981958|0.99983609|0.99985099|0.99979371|0.99984205|0.99981290,0.00013824|0.00010826|0.00011113|0.00009533|0.00009095|0.00012397|0.00009558|0.00011314
tr_external_uz_dvbt_f482_r10,104,6653,DVB-T,0.9908477067947388,0.9908477067947388,LTE,0.9997972846031189,0.00012189381595817395,0,8,0,False,only_4096_correct,LTE|LTE|LTE|LTE|LTE|LTE|LTE|LTE,0.99979085|0.99989641|0.99980730|0.99974138|0.99982399|0.99971491|0.99983013|0.99977332,0.00012146|0.00006145|0.00011660|0.00015971|0.00010541|0.00017918|0.00009926|0.00013208
tr_external_uz_dvbt_f482_r10,105,6654,DVB-T,0.9947512745857239,0.9947512745857239,LTE,0.9998238682746887,0.00010773887515824754,0,8,0,False,only_4096_correct,LTE|LTE|LTE|LTE|LTE|LTE|LTE|LTE,0.99979669|0.99981588|0.99986887|0.99982721|0.99987233|0.99985123|0.99984872|0.99971002,0.00012694|0.00011443|0.00007809|0.00010014|0.00007533|0.00008910|0.00009037|0.00018751
tr_external_uz_dvbt_f482_r10,106,6655,DVB-T,0.9715538620948792,0.9715538620948792,LTE,0.9998147115111351,0.00011142351650050841,0,8,0,False,only_4096_correct,LTE|LTE|LTE|LTE|LTE|LTE|LTE|LTE,0.99978811|0.99982506|0.99980408|0.99985719|0.99986565|0.99984920|0.99973601|0.99979240,0.00012950|0.00010313|0.00011928|0.00008462|0.00007957|0.00009249|0.00015487|0.00012792
tr_external_uz_dvbt_f482_r10,107,6656,DVB-T,0.8109534382820129,0.8109534382820129,LTE,0.9997895881533623,0.00012866590077464934,0,8,0,False,only_4096_correct,LTE|LTE|LTE|LTE|LTE|LTE|LTE|LTE,0.99976498|0.99978179|0.99986792|0.99962580|0.99984789|0.99972039|0.99983680|0.99987113,0.00013489|0.00013622|0.00007815|0.00024188|0.00009045|0.00017501|0.00009751|0.00007522
tr_external_uz_dvbt_f482_r10,108,6657,DVB-T,0.9971508383750916,0.9971508383750916,LTE,0.9998428449034691,9.330437387689017e-05,0,8,0,False,only_4096_correct,LTE|LTE|LTE|LTE|LTE|LTE|LTE|LTE,0.99984968|0.99985600|0.99983907|0.99985349|0.99983132|0.99981529|0.99985099|0.99984694,0.00008819|0.00008560|0.00009730|0.00008971|0.00010031|0.00010623|0.00009144|0.00008765
tr_external_uz_dvbt_f482_r10,109,6658,DVB-T,0.9400414228439331,0.9400414228439331,LTE,0.9998332783579826,0.00010044041664514225,0,8,0,False,only_4096_correct,LTE|LTE|LTE|LTE|LTE|LTE|LTE|LTE,0.99982941|0.99981910|0.99980539|0.99986613|0.99985445|0.99985051|0.99979883|0.99984241,0.00010298|0.00011009|0.00011767|0.00008056|0.00008751|0.00008898|0.00011851|0.00009721
tr_external_uz_dvbt_f482_r10,110,6659,DVB-T,0.9616549015045166,0.9616549015045166,LTE,0.9998264834284782,0.0001029629183904035,0,8,0,False,only_4096_correct,LTE|LTE|LTE|LTE|LTE|LTE|LTE|LTE,0.99985135|0.99984443|0.99977022|0.99983191|0.99979120|0.99987638|0.99976569|0.99988067,0.00008461|0.00009185|0.00013345|0.00010137|0.00012910|0.00007343|0.00013997|0.00006992
tr_external_uz_dvbt_f482_r10,111,6660,DVB-T,0.892135739326477,0.892135739326477,LTE,0.9998300671577454,0.00010454006587679032,0,8,0,False,only_4096_correct,LTE|LTE|LTE|LTE|LTE|LTE|LTE|LTE,0.99987769|0.99985325|0.99981922|0.99985993|0.99964190|0.99989474|0.99981755|0.99987626,0.00007168|0.00009061|0.00011150|0.00008168|0.00023205|0.00006319|0.00011296|0.00007266
tr_external_uz_dvbt_f482_r10,112,6661,DVB-T,0.992828905582428,0.992828905582428,LTE,0.9998392313718796,9.637497441872256e-05,0,8,0,False,only_4096_correct,LTE|LTE|LTE|LTE|LTE|LTE|LTE|LTE,0.99985719|0.99986291|0.99987769|0.99973267|0.99984789|0.99981087|0.99989092|0.99983370,0.00008439|0.00008183|0.00007146|0.00016992|0.00009085|0.00011115|0.00006468|0.00009674
tr_external_uz_dvbt_f482_r10,113,6662,DVB-T,0.9910388588905334,0.9910388588905334,LTE,0.9998390674591064,9.40723912208341e-05,0,8,0,False,only_4096_correct,LTE|LTE|LTE|LTE|LTE|LTE|LTE|LTE,0.99979061|0.99983633|0.99985969|0.99983156|0.99980384|0.99987555|0.99985576|0.99985921,0.00012572|0.00009154|0.00008164|0.00009833|0.00011453|0.00007355|0.00008346|0.00008381
tr_external_uz_dvbt_f482_r10,114,6663,DVB-T,0.9730052351951599,0.9730052351951599,LTE,0.99981639534235,0.00011102878670499194,0,8,0,False,only_4096_correct,LTE|LTE|LTE|LTE|LTE|LTE|LTE|LTE,0.99985385|0.99980706|0.99977690|0.99988103|0.99983943|0.99985349|0.99981910|0.99970031,0.00008510|0.00011293|0.00013931|0.00006976|0.00009683|0.00008860|0.00010957|0.00018614
tr_external_uz_dvbt_f482_r10,115,6664,DVB-T,0.9973817467689514,0.9973817467689514,LTE,0.9998126104474068,0.00011235865622438723,0,8,0,False,only_4096_correct,LTE|LTE|LTE|LTE|LTE|LTE|LTE|LTE,0.99983466|0.99968529|0.99976784|0.99986768|0.99982172|0.99984312|0.99987054|0.99981004,0.00010237|0.00019735|0.00013596|0.00007672|0.00010223|0.00009453|0.00007609|0.00011361
tr_external_uz_dvbt_f482_r10,116,6665,DVB-T,0.9990391731262207,0.9990391731262207,LTE,0.9998219907283783,0.00010633773672452662,0,8,0,False,only_4096_correct,LTE|LTE|LTE|LTE|LTE|LTE|LTE|LTE,0.99982339|0.99983466|0.99983513|0.99984813|0.99980599|0.99978930|0.99983740|0.99980193,0.00010419|0.00010123|0.00009599|0.00008775|0.00011944|0.00013054|0.00009760|0.00011396
tr_external_uz_dvbt_f482_r10,117,6666,DVB-T,0.8276841640472412,0.8276841640472412,LTE,0.9998251795768738,0.00010519161423871992,0,8,0,False,only_4096_correct,LTE|LTE|LTE|LTE|LTE|LTE|LTE|LTE,0.99988794|0.99973637|0.99978179|0.99978083|0.99982280|0.99987376|0.99985600|0.99986196,0.00006656|0.00017028|0.00012558|0.00013584|0.00010337|0.00007568|0.00008375|0.00008048
tr_external_uz_dvbt_f482_r10,118,6667,DVB-T,0.9881237149238586,0.9881237149238586,LTE,0.9998287484049797,0.0001023513286781963,0,8,0,False,only_4096_correct,LTE|LTE|LTE|LTE|LTE|LTE|LTE|LTE,0.99983191|0.99984527|0.99986458|0.99985468|0.99984276|0.99981946|0.99977320|0.99979812,0.00009563|0.00009126|0.00007864|0.00008763|0.00009545|0.00010612|0.00013932|0.00012477
tr_external_uz_dvbt_f482_r10,119,6668,DVB-T,0.9896405339241028,0.9896405339241028,LTE,0.9998356103897095,9.943737859430257e-05,0,8,0,False,only_4096_correct,LTE|LTE|LTE|LTE|LTE|LTE|LTE|LTE,0.99982041|0.99987531|0.99986398|0.99982375|0.99983478|0.99978429|0.99980456|0.99987781,0.00011143|0.00007394|0.00008082|0.00010311|0.00010146|0.00013353|0.00011861|0.00007260
tr_external_uz_dvbt_f482_r10,120,6669,DVB-T,0.9991393089294434,0.9991393089294434,LTE,0.9998152628540993,0.00011077256476710318,0,8,0,False,only_4096_correct,LTE|LTE|LTE|LTE|LTE|LTE|LTE|LTE,0.99980968|0.99980766|0.99981910|0.99982029|0.99981672|0.99977797|0.99984753|0.99982315,0.00011294|0.00011652|0.00011003|0.00010519|0.00011231|0.00013477|0.00008820|0.00010622
tr_external_uz_dvbt_f482_r10,121,6670,DVB-T,0.9991058707237244,0.9991058707237244,LTE,0.999785453081131,0.00013298308385856217,0,8,0,False,only_4096_correct,LTE|LTE|LTE|LTE|LTE|LTE|LTE|LTE,0.99978513|0.99978322|0.99984968|0.99986064|0.99981028|0.99974257|0.99970764|0.99974447,0.00013140|0.00013540|0.00008748|0.00008483|0.00011607|0.00016457|0.00018633|0.00015779
tr_external_uz_dvbt_f482_r10,122,6671,DVB-T,0.995964765548706,0.995964765548706,LTE,0.9998033419251442,0.00011839229955512565,0,8,0,False,only_4096_correct,LTE|LTE|LTE|LTE|LTE|LTE|LTE|LTE,0.99975950|0.99982762|0.99977261|0.99985433|0.99976259|0.99984396|0.99978560|0.99982053,0.00014373|0.00010279|0.00013883|0.00008628|0.00014838|0.00009408|0.00012500|0.00010805
tr_external_uz_dvbt_f482_r10,123,6672,DVB-T,0.9964873790740967,0.9964873790740967,LTE,0.999796949326992,0.0001249693668796681,0,8,0,False,only_4096_correct,LTE|LTE|LTE|LTE|LTE|LTE|LTE|LTE,0.99986434|0.99982125|0.99983764|0.99986124|0.99975759|0.99973887|0.99964297|0.99985170,0.00007949|0.00010985|0.00009464|0.00008049|0.00015081|0.00016967|0.00022392|0.00009088
tr_external_uz_dvbt_f482_r10,124,6673,DVB-T,0.9924945831298828,0.9924945831298828,LTE,0.9998399689793587,9.706287437438732e-05,0,8,0,False,only_4096_correct,LTE|LTE|LTE|LTE|LTE|LTE|LTE|LTE,0.99984169|0.99974686|0.99988604|0.99981767|0.99987042|0.99982101|0.99986887|0.99986720,0.00009511|0.00016118|0.00006736|0.00010999|0.00007690|0.00011107|0.00007815|0.00007675
tr_external_uz_dvbt_f482_r10,125,6674,DVB-T,0.9927277565002441,0.9927277565002441,LTE,0.9998049363493919,0.0001173700411527534,0,8,0,False,only_4096_correct,LTE|LTE|LTE|LTE|LTE|LTE|LTE|LTE,0.99974817|0.99985325|0.99986506|0.99982375|0.99975616|0.99980503|0.99987638|0.99971169,0.00015289|0.00008823|0.00007953|0.00010839|0.00013915|0.00011616|0.00007362|0.00018099
tr_external_uz_dvbt_f482_r10,126,6675,DVB-T,0.9805529713630676,0.9805529713630676,LTE,0.999739408493042,0.0001667245678618201,0,8,0,False,only_4096_correct,LTE|LTE|LTE|LTE|LTE|LTE|LTE|LTE,0.99982232|0.99982542|0.99980217|0.99971133|0.99980778|0.99929821|0.99981576|0.99983227,0.00010101|0.00010511|0.00012283|0.00017913|0.00012076|0.00049983|0.00010829|0.00009684
tr_external_uz_dvbt_f482_r10,127,6676,DVB-T,0.990547239780426,0.990547239780426,LTE,0.9998139217495918,0.00011226398328290088,0,8,0,False,only_4096_correct,LTE|LTE|LTE|LTE|LTE|LTE|LTE|LTE,0.99985147|0.99967265|0.99985433|0.99981290|0.99983692|0.99980015|0.99986529|0.99981767,0.00008984|0.00020729|0.00008371|0.00010971|0.00009721|0.00011856|0.00007935|0.00011244
tr_external_uz_dvbt_f482_r10,128,6677,DVB-T,0.9994818568229675,0.9994818568229675,LTE,0.9998132064938545,0.00011168335731781553,0,8,0,False,only_4096_correct,LTE|LTE|LTE|LTE|LTE|LTE|LTE|LTE,0.99981099|0.99979132|0.99983978|0.99979037|0.99979073|0.99985373|0.99978000|0.99984872,0.00011755|0.00012451|0.00009432|0.00012623|0.00012697|0.00008537|0.00012739|0.00009111
tr_external_uz_dvbt_f482_r10,129,6678,DVB-T,0.99945467710495,0.99945467710495,LTE,0.9998021498322487,0.00011898004140675766,0,8,0,False,only_4096_correct,LTE|LTE|LTE|LTE|LTE|LTE|LTE|LTE,0.99980944|0.99980944|0.99973851|0.99979562|0.99979788|0.99979347|0.99980360|0.99986923,0.00011526|0.00011032|0.00015997|0.00012548|0.00012188|0.00012811|0.00011252|0.00007829
tr_external_uz_dvbt_f482_r10,130,6679,DVB-T,0.9987964630126953,0.9987964630126953,LTE,0.9997451081871986,0.00016218197970374604,0,8,0,False,only_4096_correct,LTE|LTE|LTE|LTE|LTE|LTE|LTE|LTE,0.99959308|0.99983680|0.99981624|0.99979621|0.99938691|0.99982148|0.99990225|0.99980789,0.00026901|0.00009971|0.00011416|0.00012590|0.00041266|0.00010441|0.00005899|0.00011262
tr_external_uz_dvbt_f482_r10,131,6680,DVB-T,0.997318685054779,0.997318685054779,LTE,0.9998470395803452,9.144557498075301e-05,0,8,0,False,only_4096_correct,LTE|LTE|LTE|LTE|LTE|LTE|LTE|LTE,0.99981993|0.99983156|0.99982697|0.99988508|0.99986899|0.99986029|0.99984992|0.99983358,0.00010294|0.00010282|0.00010542|0.00006797|0.00007687|0.00008419|0.00008828|0.00010309
tr_external_uz_dvbt_f482_r10,132,6681,DVB-T,0.9825426340103149,0.9825426340103149,LTE,0.9998273104429245,0.000103468677480123,0,8,0,False,only_4096_correct,LTE|LTE|LTE|LTE|LTE|LTE|LTE|LTE,0.99979645|0.99982291|0.99981171|0.99986184|0.99983108|0.99984014|0.99986207|0.99979228,0.00011679|0.00010716|0.00011442|0.00007916|0.00010026|0.00009871|0.00008231|0.00012894
tr_external_uz_dvbt_f482_r10,133,6682,DVB-T,0.993694007396698,0.993694007396698,LTE,0.9997750744223595,0.00013812986071570776,0,8,0,False,only_4096_correct,LTE|LTE|LTE|LTE|LTE|LTE|LTE|LTE,0.99983454|0.99974757|0.99984407|0.99963093|0.99982125|0.99966609|0.99978429|0.99987185,0.00009993|0.00015351|0.00009027|0.00023711|0.00009512|0.00021913|0.00013168|0.00007830
tr_external_uz_dvbt_f482_r10,134,6683,DVB-T,0.9987181425094604,0.9987181425094604,LTE,0.9997330829501152,0.0001675053308645147,0,8,0,False,only_4096_correct,LTE|LTE|LTE|LTE|LTE|LTE|LTE|LTE,0.99981827|0.99979180|0.99915731|0.99981099|0.99977785|0.99981576|0.99983740|0.99985528,0.00010503|0.00012976|0.00056339|0.00010553|0.00013568|0.00011510|0.00009890|0.00008666
tr_external_uz_dvbt_f482_r10,135,6684,DVB-T,0.9990701079368591,0.9990701079368591,LTE,0.9997642561793327,0.0001467922884330619,0,8,0,False,only_4096_correct,LTE|LTE|LTE|LTE|LTE|LTE|LTE|LTE,0.99986219|0.99985063|0.99971753|0.99978930|0.99962914|0.99989426|0.99972612|0.99964488,0.00008062|0.00008918|0.00017125|0.00013160|0.00024341|0.00006290|0.00017396|0.00022141
tr_external_uz_dvbt_f482_r10,136,6685,DVB-T,0.9995937943458557,0.9995937943458557,LTE,0.9997653216123581,0.00014318590092443628,0,8,0,False,only_4096_correct,LTE|LTE|LTE|LTE|LTE|LTE|LTE|LTE,0.99984920|0.99984074|0.99974579|0.99952936|0.99976474|0.99973637|0.99984396|0.99981242,0.00008473|0.00009490|0.00015846|0.00030091|0.00014332|0.00015731|0.00009102|0.00011483
tr_external_uz_dvbt_f482_r10,137,6686,DVB-T,0.9992830157279968,0.9992830157279968,LTE,0.9997519105672836,0.00015343671839218587,0,8,0,False,only_4096_correct,LTE|LTE|LTE|LTE|LTE|LTE|LTE|LTE,0.99980134|0.99982244|0.99976116|0.99976879|0.99963808|0.99975508|0.99966550|0.99980289,0.00011053|0.00010996|0.00014616|0.00014008|0.00024314|0.00014548|0.00021394|0.00011821
tr_external_uz_dvbt_f482_r10,138,6687,DVB-T,0.9808714985847473,0.9808714985847473,LTE,0.9998036324977875,0.00012224839792907005,0,8,0,False,only_4096_correct,LTE|LTE|LTE|LTE|LTE|LTE|LTE|LTE,0.99984860|0.99987674|0.99986386|0.99979812|0.99989784|0.99986994|0.99969721|0.99957675,0.00008463|0.00007194|0.00008159|0.00011583|0.00006118|0.00007693|0.00019795|0.00028793
tr_external_uz_dvbt_f482_r10,139,6688,DVB-T,0.9985718727111816,0.9985718727111816,LTE,0.9998134821653366,0.0001111836363634211,0,8,0,False,only_4096_correct,LTE|LTE|LTE|LTE|LTE|LTE|LTE|LTE,0.99977130|0.99977213|0.99984133|0.99982589|0.99985790|0.99981493|0.99981767|0.99980670,0.00014280|0.00013771|0.00009187|0.00010710|0.00008210|0.00010632|0.00010741|0.00011416
tr_external_uz_dvbt_f482_r10,140,6689,DVB-T,0.997170627117157,0.997170627117157,LTE,0.9998337179422379,9.96727494566585e-05,0,8,0,False,only_4096_correct,LTE|LTE|LTE|LTE|LTE|LTE|LTE|LTE,0.99980837|0.99980026|0.99985838|0.99988163|0.99981743|0.99985969|0.99985707|0.99978691,0.00012067|0.00012033|0.00008182|0.00006925|0.00010649|0.00008107|0.00008636|0.00013138
tr_external_uz_dvbt_f482_r10,141,6690,DVB-T,0.9985563158988953,0.9985563158988953,LTE,0.9998214468359947,0.00010761114117485704,0,8,0,False,only_4096_correct,LTE|LTE|LTE|LTE|LTE|LTE|LTE|LTE,0.99974865|0.99984097|0.99978310|0.99982256|0.99978441|0.99990129|0.99986553|0.99982506,0.00014408|0.00009724|0.00013401|0.00010781|0.00013512|0.00005912|0.00008059|0.00010292
tr_external_uz_dvbt_f482_r10,142,6691,DVB-T,0.9963604807853699,0.9963604807853699,LTE,0.9998328387737274,9.993040384870255e-05,0,8,0,False,only_4096_correct,LTE|LTE|LTE|LTE|LTE|LTE|LTE|LTE,0.99984622|0.99986732|0.99979955|0.99984705|0.99982870|0.99986541|0.99974185|0.99986660,0.00009039|0.00008156|0.00011970|0.00009066|0.00009867|0.00007939|0.00016191|0.00007716
tr_external_uz_dvbt_f482_r10,143,6692,DVB-T,0.9975792765617371,0.9975792765617371,LTE,0.9997731074690819,0.00013975881120131817,0,8,0,False,only_4096_correct,LTE|LTE|LTE|LTE|LTE|LTE|LTE|LTE,0.99977559|0.99982196|0.99969387|0.99982458|0.99983478|0.99981481|0.99984086|0.99957842,0.00013701|0.00010815|0.00019130|0.00010697|0.00010044|0.00010784|0.00009722|0.00026915
tr_external_uz_dvbt_f482_r10,144,6693,DVB-T,0.9974368810653687,0.9974368810653687,LTE,0.9995980784296989,0.0002680556553968927,0,8,0,False,only_4096_correct,LTE|LTE|LTE|LTE|LTE|LTE|LTE|LTE,0.99981970|0.99983633|0.99981087|0.99978811|0.99818134|0.99984300|0.99970514|0.99980015,0.00010910|0.00009728|0.00011290|0.00013201|0.00128925|0.00009587|0.00018482|0.00012320
tr_external_uz_dvbt_f482_r10,145,6694,DVB-T,0.9382725358009338,0.9382725358009338,LTE,0.9997679963707924,0.00014296167046268238,0,8,0,False,only_4096_correct,LTE|LTE|LTE|LTE|LTE|LTE|LTE|LTE,0.99974161|0.99974173|0.99988449|0.99980003|0.99950850|0.99982005|0.99985754|0.99979001,0.00015552|0.00015419|0.00006947|0.00012343|0.00032300|0.00010875|0.00008514|0.00012419
tr_external_uz_dvbt_f482_r10,146,6695,DVB-T,0.9986668825149536,0.9986668825149536,LTE,0.9998233467340469,0.00010734963234426687,0,8,0,False,only_4096_correct,LTE|LTE|LTE|LTE|LTE|LTE|LTE|LTE,0.99987173|0.99979407|0.99986529|0.99984097|0.99980265|0.99981517|0.99974769|0.99984920,0.00007636|0.00012285|0.00008108|0.00009728|0.00012289|0.00011085|0.00015744|0.00009005
tr_external_uz_dvbt_f482_r10,147,6696,DVB-T,0.9961502552032471,0.9961502552032471,LTE,0.9998400509357452,9.476537525188178e-05,0,8,0,False,only_4096_correct,LTE|LTE|LTE|LTE|LTE|LTE|LTE|LTE,0.99981719|0.99983120|0.99982858|0.99986899|0.99977463|0.99984300|0.99987555|0.99988127,0.00010315|0.00009977|0.00010100|0.00007785|0.00014071|0.00009341|0.00007267|0.00006955
tr_external_uz_dvbt_f482_r10,148,6697,DVB-T,0.9901912212371826,0.9901912212371826,LTE,0.9998396411538124,9.609262633603066e-05,0,8,0,False,only_4096_correct,LTE|LTE|LTE|LTE|LTE|LTE|LTE|LTE,0.99982387|0.99988282|0.99984503|0.99985909|0.99987280|0.99979156|0.99977273|0.99986923,0.00010518|0.00007029|0.00009037|0.00008337|0.00007621|0.00012678|0.00013967|0.00007686
tr_external_uz_dvbt_f482_r10,149,6698,DVB-T,0.9772685170173645,0.9772685170173645,LTE,0.999820277094841,0.0001073101529982523,0,8,0,False,only_4096_correct,LTE|LTE|LTE|LTE|LTE|LTE|LTE|LTE,0.99976581|0.99983060|0.99984515|0.99978882|0.99985385|0.99982566|0.99982029|0.99983203,0.00014561|0.00010199|0.00009232|0.00012933|0.00008547|0.00009934|0.00010816|0.00009625
tr_external_uz_dvbt_f482_r10,150,6699,DVB-T,0.9923619031906128,0.9923619031906128,LTE,0.9998503178358078,8.930897820391692e-05,0,8,0,False,only_4096_correct,LTE|LTE|LTE|LTE|LTE|LTE|LTE|LTE,0.99988425|0.99988723|0.99985731|0.99987006|0.99982196|0.99981409|0.99983168|0.99983597,0.00006986|0.00006720|0.00008489|0.00007697|0.00010243|0.00011134|0.00010253|0.00009926
tr_external_uz_dvbt_f482_r10,151,6700,DVB-T,0.984152615070343,0.984152615070343,LTE,0.9997963830828667,0.00012408725615387084,0,8,0,False,only_4096_correct,LTE|LTE|LTE|LTE|LTE|LTE|LTE|LTE,0.99978334|0.99978977|0.99979764|0.99981970|0.99984717|0.99970067|0.99978513|0.99984765,0.00013444|0.00012860|0.00012119|0.00010844|0.00009047|0.00018693|0.00012976|0.00009288
tr_external_uz_dvbt_f482_r10,152,6701,DVB-T,0.6390755772590637,0.6390755772590637,LTE,0.9998132735490799,0.00011072046436311211,0,8,0,False,only_4096_correct,LTE|LTE|LTE|LTE|LTE|LTE|LTE|LTE,0.99976581|0.99975795|0.99986732|0.99982458|0.99981517|0.99987721|0.99977607|0.99982208,0.00014326|0.00014351|0.00007916|0.00010305|0.00010871|0.00007386|0.00013339|0.00010082
tr_external_uz_dvbt_f482_r10,153,6702,DVB-T,0.8643695712089539,0.8643695712089539,LTE,0.999739333987236,0.0001610314584468142,0,8,0,False,only_4096_correct,LTE|LTE|LTE|LTE|LTE|LTE|LTE|LTE,0.99980956|0.99980289|0.99981886|0.99981242|0.99981135|0.99978954|0.99978739|0.99928266,0.00010875|0.00012032|0.00010979|0.00011284|0.00010433|0.00012529|0.00012352|0.00048340
tr_external_uz_dvbt_f482_r10,154,6703,DVB-T,0.9991334080696106,0.9991334080696106,LTE,0.9997039586305618,0.0001875500192909385,0,8,0,False,only_4096_correct,LTE|LTE|LTE|LTE|LTE|LTE|LTE|LTE,0.99979967|0.99961311|0.99975854|0.99950957|0.99973804|0.99961996|0.99980623|0.99978656,0.00011635|0.00025352|0.00015142|0.00032535|0.00016270|0.00024377|0.00011331|0.00013396
tr_external_uz_dvbt_f482_r10,155,6704,DVB-T,0.9995821118354797,0.9995821118354797,LTE,0.9997509494423866,0.00015593685202475172,0,8,0,False,only_4096_correct,LTE|LTE|LTE|LTE|LTE|LTE|LTE|LTE,0.99978274|0.99972993|0.99965525|0.99965823|0.99984467|0.99966693|0.99985301|0.99981683,0.00013078|0.00016673|0.00022351|0.00022554|0.00009202|0.00020912|0.00008794|0.00011185
tr_external_uz_dvbt_f482_r10,156,6705,DVB-T,0.9997121691703796,0.9997121691703796,LTE,0.9997514113783836,0.0001534086704850779,0,8,0,False,only_4096_correct,LTE|LTE|LTE|LTE|LTE|LTE|LTE|LTE,0.99980313|0.99970454|0.99977583|0.99964786|0.99976403|0.99980062|0.99979073|0.99972457,0.00011353|0.00018539|0.00013882|0.00022863|0.00014534|0.00011999|0.00012527|0.00017030
tr_external_uz_dvbt_f482_r10,157,6706,DVB-T,0.9952918291091919,0.9952918291091919,LTE,0.9998253434896469,0.00010506252510822378,0,8,0,False,only_4096_correct,LTE|LTE|LTE|LTE|LTE|LTE|LTE|LTE,0.99984491|0.99983644|0.99980420|0.99983442|0.99980992|0.99982673|0.99979192|0.99985421,0.00009534|0.00009862|0.00011410|0.00009889|0.00011809|0.00010355|0.00012717|0.00008473
tr_external_uz_dvbt_f482_r10,158,6707,DVB-T,0.9945161938667297,0.9945161938667297,LTE,0.9997754842042923,0.00013806911192659754,0,8,0,False,only_4096_correct,LTE|LTE|LTE|LTE|LTE|LTE|LTE|LTE,0.99976152|0.99982953|0.99980789|0.99969399|0.99980968|0.99984956|0.99963450|0.99981719,0.00014596|0.00010388|0.00011299|0.00019633|0.00010702|0.00009021|0.00023632|0.00011185
tr_external_uz_dvbt_f482_r10,159,6708,DVB-T,0.9558961391448975,0.9558961391448975,LTE,0.9998247772455215,0.00010214961548626889,0,8,0,False,only_4096_correct,LTE|LTE|LTE|LTE|LTE|LTE|LTE|LTE,0.99981111|0.99979359|0.99988115|0.99980563|0.99981612|0.99985969|0.99982256|0.99980837,0.00011287|0.00012049|0.00006979|0.00011179|0.00010668|0.00008264|0.00010465|0.00010828
tr_external_uz_dvbt_f482_r10,160,6709,DVB-T,0.9898381233215332,0.9898381233215332,LTE,0.9997782409191132,0.00013525787471735384,0,8,0,False,only_4096_correct,LTE|LTE|LTE|LTE|LTE|LTE|LTE|LTE,0.99982220|0.99980217|0.99970239|0.99980706|0.99980003|0.99986982|0.99983156|0.99959069,0.00010626|0.00011930|0.00018293|0.00010868|0.00012276|0.00007535|0.00010142|0.00026536
tr_external_uz_dvbt_f482_r10,161,6710,DVB-T,0.9995723366737366,0.9995723366737366,LTE,0.9996252506971359,0.0002588850402389653,0,8,0,False,only_4096_correct,LTE|LTE|LTE|LTE|LTE|LTE|LTE|LTE,0.99981815|0.99975926|0.99844581|0.99974912|0.99981004|0.99981028|0.99979967|0.99980968,0.00010938|0.00015061|0.00118534|0.00015729|0.00011294|0.00011550|0.00012187|0.00011814
tr_external_uz_dvbt_f482_r10,162,6711,DVB-T,0.9976494908332825,0.9976494908332825,LTE,0.9997773841023445,0.00013604056130134268,0,8,0,False,only_4096_correct,LTE|LTE|LTE|LTE|LTE|LTE|LTE|LTE,0.99979812|0.99967027|0.99963832|0.99981922|0.99988043|0.99979740|0.99981219|0.99980313,0.00012316|0.00020937|0.00022833|0.00010624|0.00007046|0.00012080|0.00010965|0.00012031
tr_external_uz_dvbt_f482_r10,163,6712,DVB-T,0.9972898960113525,0.9972898960113525,LTE,0.9997264221310616,0.00017520929122838425,0,8,0,False,only_4096_correct,LTE|LTE|LTE|LTE|LTE|LTE|LTE|LTE,0.99980515|0.99916720|0.99982750|0.99981910|0.99977881|0.99979621|0.99975115|0.99986625,0.00011179|0.00059630|0.00010230|0.00010686|0.00013751|0.00011720|0.00015151|0.00007820
tr_external_uz_dvbt_f482_r10,164,6713,DVB-T,0.9398881793022156,0.9398881793022156,LTE,0.999818779528141,0.00010762116562545998,0,8,0,False,only_4096_correct,LTE|LTE|LTE|LTE|LTE|LTE|LTE|LTE,0.99981230|0.99980336|0.99979371|0.99982291|0.99983239|0.99982774|0.99983931|0.99981850,0.00011142|0.00011785|0.00011935|0.00010128|0.00010138|0.00010051|0.00009845|0.00011073
tr_external_uz_dvbt_f482_r10,165,6714,DVB-T,0.9960840940475464,0.9960840940475464,LTE,0.9998265206813812,0.00010314594328519888,0,8,0,False,only_4096_correct,LTE|LTE|LTE|LTE|LTE|LTE|LTE|LTE,0.99985754|0.99984539|0.99975950|0.99981183|0.99981445|0.99979717|0.99983513|0.99989116,0.00008376|0.00009104|0.00014758|0.00011279|0.00010571|0.00011960|0.00009963|0.00006507
tr_external_uz_dvbt_f482_r10,166,6715,DVB-T,0.8388656377792358,0.8388656377792358,LTE,0.9998261108994484,0.00010322181424271548,0,8,0,False,only_4096_correct,LTE|LTE|LTE|LTE|LTE|LTE|LTE|LTE,0.99986064|0.99980181|0.99982518|0.99987853|0.99977857|0.99983442|0.99980551|0.99982423,0.00008262|0.00011982|0.00010376|0.00007079|0.00013554|0.00009597|0.00011783|0.00009944
tr_external_uz_dvbt_f482_r10,167,6716,DVB-T,0.9939164519309998,0.9939164519309998,LTE,0.999796099960804,0.00012320630048634484,0,8,0,False,only_4096_correct,LTE|LTE|LTE|LTE|LTE|LTE|LTE|LTE,0.99980348|0.99983358|0.99974805|0.99978679|0.99979633|0.99984407|0.99972647|0.99983001,0.00011546|0.00009832|0.00015815|0.00013144|0.00012265|0.00009015|0.00017030|0.00009918
tr_external_uz_dvbt_f482_r10,168,6717,DVB-T,0.9929764866828918,0.9929764866828918,LTE,0.999827466905117,0.00010248279249935877,0,8,0,False,only_4096_correct,LTE|LTE|LTE|LTE|LTE|LTE|LTE|LTE,0.99980778|0.99983108|0.99982733|0.99982822|0.99983418|0.99983859|0.99979848|0.99985409,0.00010894|0.00009745|0.00010381|0.00010099|0.00009691|0.00009945|0.00012490|0.00008742
tr_external_uz_dvbt_f482_r10,169,6718,DVB-T,0.9873039126396179,0.9873039126396179,LTE,0.9998277202248573,0.00010372548149462091,0,8,0,False,only_4096_correct,LTE|LTE|LTE|LTE|LTE|LTE|LTE|LTE,0.99983132|0.99984121|0.99975330|0.99988270|0.99981588|0.99982065|0.99982750|0.99984920,0.00010291|0.00009338|0.00015190|0.00007035|0.00011201|0.00010672|0.00010395|0.00008859
tr_external_uz_dvbt_f482_r10,170,6719,DVB-T,0.9541102647781372,0.9541102647781372,LTE,0.9998007789254189,0.00011983011063421145,0,8,0,False,only_4096_correct,LTE|LTE|LTE|LTE|LTE|LTE|LTE|LTE,0.99986792|0.99983275|0.99977833|0.99973971|0.99977821|0.99979419|0.99978513|0.99983001,0.00007709|0.00009559|0.00013348|0.00016386|0.00013413|0.00012304|0.00012829|0.00010315
tr_external_uz_dvbt_f482_r10,171,6720,DVB-T,0.8903376460075378,0.8903376460075378,LTE,0.9997617602348328,0.00014724642187502468,0,8,0,False,only_4096_correct,LTE|LTE|LTE|LTE|LTE|LTE|LTE|LTE,0.99980456|0.99949610|0.99986947|0.99979633|0.99979037|0.99982733|0.99989009|0.99961984,0.00011193|0.00033578|0.00007947|0.00012414|0.00012477|0.00009940|0.00006537|0.00023711
tr_external_uz_dvbt_f482_r10,172,6721,DVB-T,0.7257260084152222,0.7257260084152222,LTE,0.9998337030410767,9.822698575590039e-05,0,8,0,False,only_4096_correct,LTE|LTE|LTE|LTE|LTE|LTE|LTE|LTE,0.99988449|0.99983704|0.99988425|0.99978858|0.99982965|0.99979633|0.99982268|0.99982661,0.00006864|0.00009278|0.00006853|0.00012996|0.00009325|0.00012627|0.00010271|0.00010367
tr_external_uz_dvbt_f482_r10,173,6722,DVB-T,0.9805862903594971,0.9805862903594971,LTE,0.9998371303081512,9.630033946450567e-05,0,8,0,False,only_4096_correct,LTE|LTE|LTE|LTE|LTE|LTE|LTE|LTE,0.99984121|0.99986291|0.99984169|0.99982554|0.99982435|0.99982637|0.99980873|0.99986625,0.00009305|0.00008076|0.00009465|0.00010404|0.00010549|0.00010190|0.00011088|0.00007962
tr_external_uz_dvbt_f482_r10,174,6723,DVB-T,0.9986201524734497,0.9986201524734497,LTE,0.9998079165816307,0.00011627796902757837,0,8,0,False,only_4096_correct,LTE|LTE|LTE|LTE|LTE|LTE|LTE|LTE,0.99971992|0.99983990|0.99988174|0.99979180|0.99981421|0.99981242|0.99975854|0.99984479,0.00017789|0.00009179|0.00006943|0.00012444|0.00011159|0.00011357|0.00014930|0.00009221
tr_external_uz_dvbt_f482_r10,175,6724,DVB-T,0.9918544292449951,0.9918544292449951,LTE,0.9998024106025696,0.00011992017334705452,0,8,0,False,only_4096_correct,LTE|LTE|LTE|LTE|LTE|LTE|LTE|LTE,0.99984753|0.99955958|0.99984837|0.99983513|0.99986649|0.99977702|0.99982905|0.99985611,0.00008597|0.00028818|0.00008637|0.00009672|0.00007868|0.00013711|0.00010242|0.00008392
tr_external_uz_dvbt_f482_r10,176,6725,DVB-T,0.9968350529670715,0.9968350529670715,LTE,0.9997718706727028,0.0001395702520312625,0,8,0,False,only_4096_correct,LTE|LTE|LTE|LTE|LTE|LTE|LTE|LTE,0.99956995|0.99979180|0.99973637|0.99986887|0.99977726|0.99981886|0.99978453|0.99982733,0.00028433|0.00012405|0.00015907|0.00007876|0.00013496|0.00011286|0.00012735|0.00009518
tr_external_uz_dvbt_f482_r10,177,6726,DVB-T,0.8998622894287109,0.8998622894287109,LTE,0.9998345822095871,9.751830293680541e-05,0,8,0,False,only_4096_correct,LTE|LTE|LTE|LTE|LTE|LTE|LTE|LTE,0.99982601|0.99986315|0.99985826|0.99979752|0.99986255|0.99982017|0.99978977|0.99985921,0.00010583|0.00007962|0.00008789|0.00011843|0.00007916|0.00010485|0.00012275|0.00008161
tr_external_uz_dvbt_f482_r10,178,6727,DVB-T,0.9901455044746399,0.9901455044746399,LTE,0.9998261481523514,0.00010397353889857186,0,8,0,False,only_4096_correct,LTE|LTE|LTE|LTE|LTE|LTE|LTE|LTE,0.99981254|0.99984193|0.99982482|0.99975926|0.99979824|0.99983752|0.99985075|0.99988413,0.00011405|0.00009073|0.00010108|0.00014823|0.00012448|0.00009523|0.00008886|0.00006913
tr_external_uz_dvbt_f482_r10,179,6728,DVB-T,0.5967133641242981,0.5967133641242981,LTE,0.9998330846428871,0.00010077374281536322,0,8,0,False,only_4096_correct,LTE|LTE|LTE|LTE|LTE|LTE|LTE|LTE,0.99986351|0.99981219|0.99985695|0.99980646|0.99981958|0.99983108|0.99983561|0.99983931,0.00008298|0.00011479|0.00008440|0.00011728|0.00010954|0.00009652|0.00010150|0.00009916
tr_external_uz_dvbt_f482_r10,180,6729,DVB-T,0.9956795573234558,0.9956795573234558,LTE,0.9997615814208984,0.00014431508134293836,0,8,0,False,only_4096_correct,LTE|LTE|LTE|LTE|LTE|LTE|LTE|LTE,0.99981624|0.99971133|0.99982136|0.99977189|0.99961203|0.99977332|0.99978262|0.99980384,0.00011129|0.00017124|0.00010040|0.00013981|0.00024901|0.00013904|0.00013476|0.00010897
tr_external_uz_dvbt_f482_r10,181,6730,DVB-T,0.9983739852905273,0.9983739852905273,LTE,0.9998195320367813,0.00010844410189747578,0,8,0,False,only_4096_correct,LTE|LTE|LTE|LTE|LTE|LTE|LTE|LTE,0.99983299|0.99986935|0.99978334|0.99973923|0.99981314|0.99979955|0.99983692|0.99988174,0.00010140|0.00007693|0.00013376|0.00015959|0.00011425|0.00011178|0.00009948|0.00007036
tr_external_uz_dvbt_f482_r10,182,6731,DVB-T,0.9703267812728882,0.9703267812728882,LTE,0.999834232032299,9.97933029793785e-05,0,8,0,False,only_4096_correct,LTE|LTE|LTE|LTE|LTE|LTE|LTE|LTE,0.99986863|0.99987817|0.99985647|0.99970502|0.99981540|0.99981099|0.99987423|0.99986494,0.00007718|0.00007158|0.00008601|0.00018753|0.00010779|0.00011102|0.00007535|0.00008187
tr_external_uz_dvbt_f482_r10,183,6732,DVB-T,0.9938524961471558,0.9938524961471558,LTE,0.999813474714756,0.0001129415513787535,0,8,0,False,only_4096_correct,LTE|LTE|LTE|LTE|LTE|LTE|LTE|LTE,0.99961936|0.99982125|0.99988770|0.99981755|0.99982160|0.99985933|0.99983060|0.99985039,0.00024093|0.00010964|0.00006656|0.00010797|0.00010588|0.00008267|0.00010382|0.00008607
tr_external_uz_dvbt_f482_r10,184,6733,DVB-T,0.9090852737426758,0.9090852737426758,LTE,0.9998193308711052,0.00010762591682578204,0,8,0,False,only_4096_correct,LTE|LTE|LTE|LTE|LTE|LTE|LTE|LTE,0.99980217|0.99978620|0.99981421|0.99982989|0.99981266|0.99983501|0.99981171|0.99986279,0.00012171|0.00012698|0.00011202|0.00010103|0.00010989|0.00009957|0.00010633|0.00008347
tr_external_uz_dvbt_f482_r10,185,6734,DVB-T,0.9901058077812195,0.9901058077812195,LTE,0.9998418688774109,9.223293272953015e-05,0,8,0,False,only_4096_correct,LTE|LTE|LTE|LTE|LTE|LTE|LTE|LTE,0.99987721|0.99978024|0.99986780|0.99981207|0.99984121|0.99985588|0.99984241|0.99985814,0.00007288|0.00012123|0.00007709|0.00010934|0.00009505|0.00008483|0.00009653|0.00008089
tr_external_uz_dvbt_f482_r10,186,6735,DVB-T,0.999170184135437,0.999170184135437,LTE,0.9998135715723038,0.00011184479080839083,0,8,0,False,only_4096_correct,LTE|LTE|LTE|LTE|LTE|LTE|LTE|LTE,0.99977666|0.99987972|0.99985468|0.99980122|0.99983251|0.99985611|0.99971884|0.99978882,0.00013758|0.00007079|0.00008582|0.00012293|0.00009595|0.00008382|0.00016961|0.00012826
tr_external_uz_dvbt_f482_r10,187,6736,DVB-T,0.9969202280044556,0.9969202280044556,LTE,0.9998148828744888,0.00011278764031885657,0,8,0,False,only_4096_correct,LTE|LTE|LTE|LTE|LTE|LTE|LTE|LTE,0.99972779|0.99977678|0.99982613|0.99986613|0.99985182|0.99985158|0.99989748|0.99972135,0.00016928|0.00013704|0.00010598|0.00007776|0.00008861|0.00008896|0.00006155|0.00017312
tr_external_uz_dvbt_f482_r10,188,6737,LTE,0.9333292841911316,0.06381157785654068,LTE,0.9998107552528381,0.00011481628644105513,0,8,0,False,both_wrong,LTE|LTE|LTE|LTE|LTE|LTE|LTE|LTE,0.99980491|0.99984694|0.99962187|0.99974340|0.99989510|0.99986696|0.99986696|0.99983990,0.00011223|0.00008956|0.00023919|0.00016159|0.00006255|0.00007920|0.00007688|0.00009733
tr_external_uz_dvbt_f482_r10,189,6738,DVB-T,0.9871399998664856,0.9871399998664856,LTE,0.9998251423239708,0.00010552278399700299,0,8,0,False,only_4096_correct,LTE|LTE|LTE|LTE|LTE|LTE|LTE|LTE,0.99985194|0.99982578|0.99988139|0.99987793|0.99971122|0.99973959|0.99984455|0.99986875,0.00008791|0.00010111|0.00007091|0.00007232|0.00018411|0.00016078|0.00009041|0.00007663
tr_external_uz_dvbt_f482_r10,190,6739,DVB-T,0.9862792491912842,0.9862792491912842,LTE,0.999791756272316,0.00012761525704263477,0,8,0,False,only_4096_correct,LTE|LTE|LTE|LTE|LTE|LTE|LTE|LTE,0.99986649|0.99982101|0.99974257|0.99986947|0.99963963|0.99972552|0.99982184|0.99984753,0.00007806|0.00010811|0.00015750|0.00007594|0.00023446|0.00017348|0.00010289|0.00009050
tr_external_uz_dvbt_f482_r10,191,6740,DVB-T,0.9987834095954895,0.9987834095954895,LTE,0.9998255148530006,0.00010339856908103684,0,8,0,False,only_4096_correct,LTE|LTE|LTE|LTE|LTE|LTE|LTE|LTE,0.99981123|0.99987137|0.99975640|0.99983752|0.99984646|0.99980348|0.99982846|0.99984920,0.00010976|0.00007542|0.00014061|0.00009646|0.00009135|0.00011868|0.00010468|0.00009023
tr_external_uz_dvbt_f482_r10,192,6741,DVB-T,0.99535071849823,0.99535071849823,LTE,0.9998135343194008,0.00011102120151917916,0,8,0,False,only_4096_correct,LTE|LTE|LTE|LTE|LTE|LTE|LTE|LTE,0.99982363|0.99986637|0.99970311|0.99981099|0.99979991|0.99982649|0.99983394|0.99984384,0.00010435|0.00007868|0.00018473|0.00010833|0.00012357|0.00009753|0.00009600|0.00009498
tr_external_uz_dvbt_f482_r10,193,6742,DVB-T,0.9991114735603333,0.9991114735603333,LTE,0.9998252913355827,0.00010558570556895575,0,8,0,False,only_4096_correct,LTE|LTE|LTE|LTE|LTE|LTE|LTE|LTE,0.99984205|0.99984884|0.99982834|0.99981612|0.99983692|0.99984968|0.99982554|0.99975485,0.00009302|0.00008637|0.00010645|0.00011277|0.00009659|0.00008814|0.00010866|0.00015269
tr_external_uz_dvbt_f482_r10,194,6743,DVB-T,0.9973904490470886,0.9973904490470886,LTE,0.9998175203800201,0.0001107512898670393,0,8,0,False,only_4096_correct,LTE|LTE|LTE|LTE|LTE|LTE|LTE|LTE,0.99987292|0.99967051|0.99986899|0.99985063|0.99983227|0.99976903|0.99986255|0.99981326,0.00007569|0.00021706|0.00007754|0.00008712|0.00010221|0.00012995|0.00008102|0.00011542
tr_external_uz_dvbt_f482_r10,195,6744,DVB-T,0.98282790184021,0.98282790184021,LTE,0.9998346418142319,9.932351986208232e-05,0,8,0,False,only_4096_correct,LTE|LTE|LTE|LTE|LTE|LTE|LTE|LTE,0.99985230|0.99982661|0.99985456|0.99980158|0.99986708|0.99981743|0.99982184|0.99983573,0.00008397|0.00010613|0.00008438|0.00012250|0.00007823|0.00011212|0.00010760|0.00009966
tr_external_uz_dvbt_f482_r10,196,6745,DVB-T,0.965065598487854,0.965065598487854,LTE,0.9998348280787468,9.901910743792541e-05,0,8,0,False,only_4096_correct,LTE|LTE|LTE|LTE|LTE|LTE|LTE|LTE,0.99986756|0.99979860|0.99989593|0.99977082|0.99984646|0.99983168|0.99981290|0.99985468,0.00007700|0.00012135|0.00006229|0.00014245|0.00008780|0.00010172|0.00011461|0.00008492
tr_external_uz_dvbt_f482_r10,197,6746,DVB-T,0.9324229955673218,0.9324229955673218,LTE,0.999819852411747,0.00010760949589894153,0,8,0,False,only_4096_correct,LTE|LTE|LTE|LTE|LTE|LTE|LTE|LTE,0.99983752|0.99983728|0.99975854|0.99981958|0.99984634|0.99983776|0.99974984|0.99987197,0.00009457|0.00009406|0.00014913|0.00010553|0.00009298|0.00009083|0.00015859|0.00007519
tr_external_uz_dvbt_f482_r10,198,6747,DVB-T,0.9961187839508057,0.9961187839508057,LTE,0.9995932430028915,0.0002695463526833919,0,8,0,False,only_4096_correct,LTE|LTE|LTE|LTE|LTE|LTE|LTE|LTE,0.99978548|0.99982977|0.99952900|0.99974316|0.99982351|0.99973041|0.99985707|0.99844754,0.00013184|0.00010337|0.00030139|0.00015419|0.00010744|0.00016729|0.00008499|0.00110586
tr_external_uz_dvbt_f482_r10,199,6748,DVB-T,0.9109835624694824,0.9109835624694824,LTE,0.999831922352314,0.00010040778670372674,0,8,0,False,only_4096_correct,LTE|LTE|LTE|LTE|LTE|LTE|LTE|LTE,0.99986720|0.99976617|0.99980205|0.99979895|0.99982750|0.99986160|0.99989057|0.99984133,0.00007824|0.00013594|0.00012190|0.00012224|0.00010412|0.00008218|0.00006530|0.00009336
tr_external_uz_dvbt_f482_r10,200,6749,DVB-T,0.9897022247314453,0.9897022247314453,LTE,0.9998338744044304,9.937377308233408e-05,0,8,0,False,only_4096_correct,LTE|LTE|LTE|LTE|LTE|LTE|LTE|LTE,0.99984610|0.99980718|0.99985576|0.99984288|0.99982077|0.99985325|0.99976498|0.99988008,0.00009045|0.00011683|0.00008536|0.00009064|0.00010890|0.00008452|0.00014724|0.00007105
tr_external_uz_dvbt_f482_r10,201,6750,LTE,0.6436720490455627,0.35170719027519226,LTE,0.9997991099953651,0.00012055623028572882,0,8,0,False,both_wrong,LTE|LTE|LTE|LTE|LTE|LTE|LTE|LTE,0.99985909|0.99978894|0.99977881|0.99968278|0.99982077|0.99980360|0.99984705|0.99981183,0.00008405|0.00012371|0.00013501|0.00019652|0.00010235|0.00011871|0.00009150|0.00011260
tr_external_uz_dvbt_f482_r10,202,6751,LTE,0.9883673787117004,0.010789686813950539,LTE,0.9998484924435616,8.946180423663463e-05,0,8,0,False,both_wrong,LTE|LTE|LTE|LTE|LTE|LTE|LTE|LTE,0.99986696|0.99985707|0.99978942|0.99987793|0.99985003|0.99987483|0.99982953|0.99984217,0.00007768|0.00008303|0.00012830|0.00007148|0.00008847|0.00007453|0.00009880|0.00009340
tr_external_uz_dvbt_f482_r10,203,6752,DVB-T,0.97440105676651,0.97440105676651,LTE,0.999860130250454,8.209384486690396e-05,0,8,0,False,only_4096_correct,LTE|LTE|LTE|LTE|LTE|LTE|LTE|LTE,0.99987245|0.99985731|0.99981052|0.99986434|0.99988914|0.99984419|0.99987745|0.99986565,0.00007505|0.00008257|0.00011064|0.00007780|0.00006569|0.00008954|0.00007405|0.00008141
tr_external_uz_dvbt_f482_r10,204,6753,DVB-T,0.9954598546028137,0.9954598546028137,LTE,0.999820165336132,0.0001076130711226142,0,8,0,False,only_4096_correct,LTE|LTE|LTE|LTE|LTE|LTE|LTE|LTE,0.99982721|0.99988961|0.99978036|0.99973780|0.99979264|0.99988973|0.99983561|0.99980837,0.00010268|0.00006552|0.00012488|0.00016119|0.00012241|0.00006615|0.00009928|0.00011880
tr_external_uz_dvbt_f482_r10,205,6754,DVB-T,0.998027503490448,0.998027503490448,LTE,0.9998089298605919,0.00011569201342354063,0,8,0,False,only_4096_correct,LTE|LTE|LTE|LTE|LTE|LTE|LTE|LTE,0.99986267|0.99973792|0.99979657|0.99975365|0.99986947|0.99981421|0.99979919|0.99983776,0.00008202|0.00016096|0.00011876|0.00015126|0.00007781|0.00011441|0.00012628|0.00009404
tr_external_uz_dvbt_f482_r10,206,6755,DVB-T,0.9956589937210083,0.9956589937210083,LTE,0.9998318031430244,0.00010066798040497815,0,8,0,False,only_4096_correct,LTE|LTE|LTE|LTE|LTE|LTE|LTE|LTE,0.99983299|0.99984574|0.99982494|0.99985194|0.99984765|0.99981600|0.99977905|0.99985611,0.00009955|0.00008996|0.00010784|0.00008943|0.00009065|0.00010762|0.00013401|0.00008627
tr_external_uz_dvbt_f482_r10,207,6756,DVB-T,0.9255069494247437,0.9255069494247437,LTE,0.9998497292399406,8.998568682727637e-05,0,8,0,False,only_4096_correct,LTE|LTE|LTE|LTE|LTE|LTE|LTE|LTE,0.99983323|0.99985874|0.99981171|0.99985421|0.99985373|0.99984682|0.99989152|0.99984789,0.00010127|0.00008635|0.00011759|0.00008448|0.00008843|0.00009054|0.00006552|0.00008572
tr_external_uz_dvbt_f482_r10,208,6757,LTE,0.5907533764839172,0.4038280248641968,LTE,0.9998363181948662,9.670602139522089e-05,0,8,0,False,both_wrong,LTE|LTE|LTE|LTE|LTE|LTE|LTE|LTE,0.99989009|0.99983001|0.99983144|0.99981385|0.99987221|0.99983323|0.99981314|0.99980658,0.00006520|0.00009794|0.00010118|0.00010932|0.00007750|0.00009810|0.00010851|0.00011589
tr_external_uz_dvbt_f482_r10,209,6758,LTE,0.9555389881134033,0.04208604618906975,LTE,0.9998484179377556,8.85807776285219e-05,0,8,0,False,both_wrong,LTE|LTE|LTE|LTE|LTE|LTE|LTE|LTE,0.99984419|0.99987292|0.99984705|0.99978811|0.99985576|0.99986875|0.99985826|0.99985230,0.00009140|0.00007433|0.00009279|0.00011992|0.00008385|0.00007638|0.00008271|0.00008727
tr_external_uz_dvbt_f482_r10,210,6759,DVB-T,0.9964350461959839,0.9964350461959839,LTE,0.9998343214392662,9.890649107546778e-05,0,8,0,False,only_4096_correct,LTE|LTE|LTE|LTE|LTE|LTE|LTE|LTE,0.99984515|0.99983001|0.99984491|0.99983692|0.99982458|0.99986148|0.99980980|0.99982172,0.00009069|0.00010235|0.00009464|0.00009824|0.00010082|0.00008265|0.00011348|0.00010839
tr_external_uz_dvbt_f482_r10,211,6760,DVB-T,0.9694008231163025,0.9694008231163025,LTE,0.9998393431305885,9.564145784679567e-05,0,8,0,False,only_4096_correct,LTE|LTE|LTE|LTE|LTE|LTE|LTE|LTE,0.99984407|0.99982673|0.99986291|0.99981147|0.99986076|0.99984443|0.99985015|0.99981421,0.00009631|0.00010530|0.00007891|0.00011103|0.00008240|0.00009125|0.00008847|0.00011146
tr_external_uz_dvbt_f482_r10,212,6761,DVB-T,0.9988514184951782,0.9988514184951782,LTE,0.9998205527663231,0.0001058395127984113,0,8,0,False,only_4096_correct,LTE|LTE|LTE|LTE|LTE|LTE|LTE|LTE,0.99974507|0.99978560|0.99986815|0.99982327|0.99984324|0.99981850|0.99981922|0.99986136,0.00015728|0.00012858|0.00007810|0.00010658|0.00009061|0.00010319|0.00010103|0.00008135
tr_external_uz_dvbt_f482_r10,213,6762,LTE,0.9443778395652771,0.05289745330810547,LTE,0.999834343791008,9.74633030637051e-05,0,8,0,False,both_wrong,LTE|LTE|LTE|LTE|LTE|LTE|LTE|LTE,0.99986005|0.99981576|0.99980503|0.99987066|0.99982399|0.99977726|0.99986482|0.99985719,0.00008235|0.00010534|0.00011949|0.00007401|0.00009895|0.00013314|0.00008033|0.00008609
tr_external_uz_dvbt_f482_r10,214,6763,LTE,0.826069176197052,0.17004601657390594,LTE,0.9998244568705559,0.00010485434086149326,0,8,0,False,both_wrong,LTE|LTE|LTE|LTE|LTE|LTE|LTE|LTE,0.99984086|0.99985790|0.99979895|0.99974555|0.99984288|0.99986756|0.99983180|0.99981016,0.00009570|0.00008553|0.00011671|0.00015747|0.00008973|0.00007878|0.00010428|0.00011064
tr_external_uz_dvbt_f482_r10,215,6764,DVB-T,0.8001756072044373,0.8001756072044373,LTE,0.9998213648796082,0.00010646385089785326,0,8,0,False,only_4096_correct,LTE|LTE|LTE|LTE|LTE|LTE|LTE|LTE,0.99986756|0.99970990|0.99988711|0.99978143|0.99982041|0.99983788|0.99984992|0.99981672,0.00007723|0.00018211|0.00006780|0.00012963|0.00010515|0.00009139|0.00008582|0.00011258
tr_external_uz_dvbt_f482_r10,216,6765,DVB-T,0.9753215312957764,0.9753215312957764,LTE,0.9998465776443481,9.053677877091104e-05,0,8,0,False,only_4096_correct,LTE|LTE|LTE|LTE|LTE|LTE|LTE|LTE,0.99986923|0.99983943|0.99985230|0.99979347|0.99988294|0.99979609|0.99989510|0.99984407,0.00007618|0.00009189|0.00008907|0.00011598|0.00006936|0.00012270|0.00006279|0.00009632
tr_external_uz_dvbt_f482_r10,217,6766,DVB-T,0.9980828762054443,0.9980828762054443,LTE,0.9998271018266678,0.00010331394514651038,0,8,0,False,only_4096_correct,LTE|LTE|LTE|LTE|LTE|LTE|LTE|LTE,0.99987435|0.99982709|0.99979252|0.99974030|0.99988389|0.99984646|0.99981469|0.99983752,0.00007458|0.00010357|0.00012064|0.00016382|0.00006809|0.00009032|0.00011415|0.00009135
tr_external_uz_dvbt_f482_r10,218,6767,DVB-T,0.9802473783493042,0.9802473783493042,LTE,0.9998611509799957,8.161861751432298e-05,0,8,0,False,only_4096_correct,LTE|LTE|LTE|LTE|LTE|LTE|LTE|LTE,0.99986184|0.99989760|0.99988782|0.99988794|0.99985564|0.99985445|0.99981922|0.99982470,0.00008030|0.00006126|0.00006804|0.00006726|0.00008831|0.00008229|0.00009959|0.00010590
tr_external_uz_dvbt_f482_r10,219,6768,DVB-T,0.9888384342193604,0.9888384342193604,LTE,0.9998354017734528,9.802817839954514e-05,0,8,0,False,only_4096_correct,LTE|LTE|LTE|LTE|LTE|LTE|LTE|LTE,0.99984539|0.99983633|0.99981719|0.99984050|0.99984884|0.99984121|0.99984455|0.99980921,0.00008845|0.00010170|0.00010341|0.00009518|0.00008917|0.00009530|0.00009366|0.00011736
tr_external_uz_dvbt_f482_r10,220,6769,DVB-T,0.9447057247161865,0.9447057247161865,LTE,0.9998226538300514,0.00010581711285340134,0,8,0,False,only_4096_correct,LTE|LTE|LTE|LTE|LTE|LTE|LTE|LTE,0.99984455|0.99982989|0.99982733|0.99981099|0.99983788|0.99982649|0.99980360|0.99980050,0.00009159|0.00010042|0.00010430|0.00011512|0.00009689|0.00010472|0.00011263|0.00012087
tr_external_uz_dvbt_f482_r10,221,6770,DVB-T,0.7912214994430542,0.7912214994430542,LTE,0.9998315796256065,0.00010125080189027358,0,8,0,False,only_4096_correct,LTE|LTE|LTE|LTE|LTE|LTE|LTE|LTE,0.99982965|0.99987245|0.99981815|0.99986899|0.99987996|0.99986720|0.99977440|0.99974185,0.00010026|0.00007386|0.00011105|0.00007572|0.00007292|0.00008069|0.00013587|0.00015964
tr_external_uz_dvbt_f482_r10,222,6771,DVB-T,0.9893480539321899,0.9893480539321899,LTE,0.9998350664973259,9.938189577951562e-05,0,8,0,False,only_4096_correct,LTE|LTE|LTE|LTE|LTE|LTE|LTE|LTE,0.99984598|0.99983132|0.99982661|0.99979264|0.99978799|0.99987137|0.99987650|0.99984813,0.00008862|0.00009920|0.00010304|0.00012921|0.00013187|0.00007827|0.00007385|0.00009099
tr_external_uz_dvbt_f482_r10,223,6772,DVB-T,0.960197389125824,0.960197389125824,LTE,0.9998535290360451,8.771474040258909e-05,0,8,0,False,only_4096_correct,LTE|LTE|LTE|LTE|LTE|LTE|LTE|LTE,0.99984705|0.99986362|0.99988282|0.99983871|0.99986339|0.99987304|0.99987423|0.99978536,0.00009417|0.00008012|0.00007047|0.00009062|0.00008144|0.00007547|0.00007350|0.00013593
tr_external_uz_dvbt_f482_r10,224,6773,DVB-T,0.9981651902198792,0.9981651902198792,LTE,0.9998578354716301,8.548156074539293e-05,0,8,0,False,only_4096_correct,LTE|LTE|LTE|LTE|LTE|LTE|LTE|LTE,0.99982220|0.99986851|0.99983382|0.99984860|0.99989831|0.99985468|0.99984431|0.99989223,0.00010683|0.00007781|0.00010073|0.00009014|0.00006124|0.00008905|0.00009269|0.00006537
tr_external_uz_dvbt_f482_r10,225,6774,DVB-T,0.9670252799987793,0.9670252799987793,LTE,0.999845564365387,9.243611475540092e-05,0,8,0,False,only_4096_correct,LTE|LTE|LTE|LTE|LTE|LTE|LTE|LTE,0.99983454|0.99987411|0.99987841|0.99982929|0.99980181|0.99987948|0.99982589|0.99984097,0.00010003|0.00007409|0.00007268|0.00010351|0.00011999|0.00007201|0.00010470|0.00009248
tr_external_uz_dvbt_f482_r10,226,6775,DVB-T,0.9588627815246582,0.9588627815246582,LTE,0.9998376443982124,9.774792670214083e-05,0,8,0,False,only_4096_correct,LTE|LTE|LTE|LTE|LTE|LTE|LTE|LTE,0.99982661|0.99987471|0.99986720|0.99978596|0.99987090|0.99978775|0.99984646|0.99984157,0.00010148|0.00007305|0.00007994|0.00013084|0.00007624|0.00012995|0.00009433|0.00009615
tr_external_uz_dvbt_f482_r10,227,6776,DVB-T,0.9973159432411194,0.9973159432411194,LTE,0.9998463988304138,9.095804125536233e-05,0,8,0,False,only_4096_correct,LTE|LTE|LTE|LTE|LTE|LTE|LTE|LTE,0.99987459|0.99988747|0.99980170|0.99983239|0.99988616|0.99978715|0.99984276|0.99985898,0.00007388|0.00006696|0.00012061|0.00009423|0.00006725|0.00013062|0.00008997|0.00008415
tr_external_uz_dvbt_f482_r10,228,6777,DVB-T,0.8369396924972534,0.8369396924972534,LTE,0.9998276755213737,0.00010127495716005797,0,8,0,False,only_4096_correct,LTE|LTE|LTE|LTE|LTE|LTE|LTE|LTE,0.99984193|0.99982953|0.99982542|0.99983227|0.99983287|0.99982673|0.99977535|0.99985731,0.00009503|0.00009773|0.00009932|0.00010183|0.00010139|0.00009684|0.00013488|0.00008318
tr_external_uz_dvbt_f482_r10,229,6778,DVB-T,0.9868446588516235,0.9868446588516235,LTE,0.9998504295945168,8.855593932821648e-05,0,8,0,False,only_4096_correct,LTE|LTE|LTE|LTE|LTE|LTE|LTE|LTE,0.99984360|0.99985039|0.99983776|0.99987423|0.99987447|0.99984956|0.99982518|0.99984825,0.00009339|0.00008599|0.00009608|0.00007354|0.00007449|0.00008745|0.00010725|0.00009025
tr_external_uz_dvbt_f482_r10,230,6779,DVB-T,0.8937514424324036,0.8937514424324036,LTE,0.9998068735003471,0.00011878580335178412,0,8,0,False,only_4096_correct,LTE|LTE|LTE|LTE|LTE|LTE|LTE|LTE,0.99987423|0.99983680|0.99987078|0.99948251|0.99984133|0.99986863|0.99980778|0.99987292,0.00007318|0.00009434|0.00007716|0.00035053|0.00009447|0.00007683|0.00011050|0.00007328
tr_external_uz_dvbt_f482_r10,231,6780,DVB-T,0.9795135855674744,0.9795135855674744,LTE,0.9998493567109108,9.032663956531906e-05,0,8,0,False,only_4096_correct,LTE|LTE|LTE|LTE|LTE|LTE|LTE|LTE,0.99986827|0.99983275|0.99985325|0.99990690|0.99984753|0.99984622|0.99987471|0.99976522,0.00007810|0.00010116|0.00008698|0.00005607|0.00008879|0.00009286|0.00007302|0.00014563
tr_external_uz_dvbt_f482_r10,232,6781,LTE,0.7903492450714111,0.20460748672485352,LTE,0.9998563826084137,8.553185853088507e-05,0,8,0,False,both_wrong,LTE|LTE|LTE|LTE|LTE|LTE|LTE|LTE,0.99989247|0.99985528|0.99986410|0.99987161|0.99985850|0.99979383|0.99989176|0.99982351,0.00006378|0.00008405|0.00007797|0.00007630|0.00008247|0.00012517|0.00006508|0.00010943
tr_external_uz_dvbt_f482_r10,233,6782,DVB-T,0.9358382821083069,0.9358382821083069,LTE,0.9998424500226974,9.330204193247482e-05,0,8,0,False,only_4096_correct,LTE|LTE|LTE|LTE|LTE|LTE|LTE|LTE,0.99984467|0.99986732|0.99981552|0.99983454|0.99984956|0.99980992|0.99984038|0.99987769,0.00009160|0.00007642|0.00010982|0.00009991|0.00008879|0.00011300|0.00009376|0.00007312
tr_external_uz_dvbt_f482_r10,234,6783,DVB-T,0.9871736764907837,0.9871736764907837,LTE,0.999818705022335,0.00010758608868854935,0,8,0,False,only_4096_correct,LTE|LTE|LTE|LTE|LTE|LTE|LTE|LTE,0.99980289|0.99979705|0.99989974|0.99974436|0.99989235|0.99983776|0.99978501|0.99979049,0.00011415|0.00011243|0.00006077|0.00015072|0.00006404|0.00009715|0.00013401|0.00012741
tr_external_uz_dvbt_f482_r10,235,6784,DVB-T,0.9742867350578308,0.9742867350578308,LTE,0.9998422712087631,9.277996605305816e-05,0,8,0,False,only_4096_correct,LTE|LTE|LTE|LTE|LTE|LTE|LTE|LTE,0.99982858|0.99985850|0.99983954|0.99979180|0.99990690|0.99981385|0.99985313|0.99984586,0.00010073|0.00008239|0.00009177|0.00012617|0.00005609|0.00010546|0.00008942|0.00009022
tr_external_uz_dvbt_f482_r10,236,6785,DVB-T,0.9632473587989807,0.9632473587989807,LTE,0.9998344853520393,9.885131476039533e-05,0,8,0,False,only_4096_correct,LTE|LTE|LTE|LTE|LTE|LTE|LTE|LTE,0.99976641|0.99986196|0.99984658|0.99985862|0.99983883|0.99981159|0.99980408|0.99988782,0.00014096|0.00008088|0.00009316|0.00008631|0.00009781|0.00010594|0.00011941|0.00006634
tr_external_uz_dvbt_f482_r10,237,6786,DVB-T,0.9775589108467102,0.9775589108467102,LTE,0.9998378306627274,9.797565326152835e-05,0,8,0,False,only_4096_correct,LTE|LTE|LTE|LTE|LTE|LTE|LTE|LTE,0.99987197|0.99975413|0.99985409|0.99987710|0.99978524|0.99985373|0.99985647|0.99984992,0.00007594|0.00015664|0.00008621|0.00007407|0.00013155|0.00008466|0.00008567|0.00008906
tr_external_uz_dvbt_f482_r10,238,6787,DVB-T,0.9371272921562195,0.9371272921562195,LTE,0.9998494610190392,9.006290292745689e-05,0,8,0,False,only_4096_correct,LTE|LTE|LTE|LTE|LTE|LTE|LTE|LTE,0.99988472|0.99984717|0.99984443|0.99983060|0.99988234|0.99986434|0.99978298|0.99985909,0.00006786|0.00009405|0.00009125|0.00010023|0.00006985|0.00008230|0.00013449|0.00008047
tr_external_uz_dvbt_f482_r10,239,6788,DVB-T,0.6567301154136658,0.6567301154136658,LTE,0.9998526498675346,8.76558533491334e-05,0,8,0,False,only_4096_correct,LTE|LTE|LTE|LTE|LTE|LTE|LTE|LTE,0.99985921|0.99986827|0.99984610|0.99981409|0.99984682|0.99986947|0.99983895|0.99987829,0.00008112|0.00007821|0.00008753|0.00011492|0.00009123|0.00007751|0.00009781|0.00007290
tr_external_uz_dvbt_f482_r10,240,6789,DVB-T,0.997101366519928,0.997101366519928,LTE,0.9998161345720291,0.00011000082395185018,0,8,0,False,only_4096_correct,LTE|LTE|LTE|LTE|LTE|LTE|LTE|LTE,0.99983835|0.99986136|0.99980360|0.99975067|0.99982327|0.99983382|0.99977034|0.99984765,0.00009476|0.00008208|0.00011238|0.00015932|0.00010665|0.00009740|0.00013706|0.00009035
tr_external_uz_dvbt_f482_r10,241,6790,DVB-T,0.9959462285041809,0.9959462285041809,LTE,0.999867282807827,7.862123129598331e-05,0,8,0,False,only_4096_correct,LTE|LTE|LTE|LTE|LTE|LTE|LTE|LTE,0.99985874|0.99984539|0.99988246|0.99987650|0.99989152|0.99987280|0.99982554|0.99988532,0.00008418|0.00009256|0.00006968|0.00007325|0.00006501|0.00007588|0.00010080|0.00006762
tr_external_uz_dvbt_f482_r10,242,6791,DVB-T,0.9842180013656616,0.9842180013656616,LTE,0.9998632073402405,8.057357626967132e-05,0,8,0,False,only_4096_correct,LTE|LTE|LTE|LTE|LTE|LTE|LTE|LTE,0.99987233|0.99985707|0.99984384|0.99985635|0.99989283|0.99986255|0.99986374|0.99985695,0.00007521|0.00008395|0.00008725|0.00008573|0.00006399|0.00008245|0.00008172|0.00008428
tr_external_uz_dvbt_f482_r10,243,6792,DVB-T,0.954725444316864,0.954725444316864,LTE,0.9998524412512779,8.621779761597281e-05,0,8,0,False,only_4096_correct,LTE|LTE|LTE|LTE|LTE|LTE|LTE|LTE,0.99982601|0.99986410|0.99986446|0.99983394|0.99986732|0.99984932|0.99987733|0.99983704,0.00010263|0.00007914|0.00007822|0.00009833|0.00007557|0.00008937|0.00007236|0.00009411
tr_external_uz_dvbt_f482_r10,244,6793,LTE,0.7797626852989197,0.21591927111148834,LTE,0.9998505264520645,8.972724026534706e-05,0,8,0,False,both_wrong,LTE|LTE|LTE|LTE|LTE|LTE|LTE|LTE,0.99982458|0.99986970|0.99982566|0.99988127|0.99985301|0.99985147|0.99982989|0.99986863,0.00010921|0.00007592|0.00010577|0.00006917|0.00008581|0.00008751|0.00010542|0.00007901
tr_external_uz_dvbt_f482_r10,245,6794,DVB-T,0.9950785636901855,0.9950785636901855,LTE,0.9998183101415634,0.0001100259714803542,0,8,0,False,only_4096_correct,LTE|LTE|LTE|LTE|LTE|LTE|LTE|LTE,0.99982435|0.99982941|0.99969912|0.99984288|0.99984705|0.99983788|0.99985230|0.99981350,0.00010581|0.00010339|0.00019514|0.00008898|0.00009555|0.00009445|0.00008539|0.00011150
tr_external_uz_dvbt_f482_r10,246,6795,DVB-T,0.9992306232452393,0.9992306232452393,LTE,0.9998023062944412,0.00012145327082180302,0,8,0,False,only_4096_correct,LTE|LTE|LTE|LTE|LTE|LTE|LTE|LTE,0.99976856|0.99986494|0.99983931|0.99981779|0.99969876|0.99971110|0.99981886|0.99989915,0.00013995|0.00007795|0.00009462|0.00011296|0.00019075|0.00018236|0.00011272|0.00006031
tr_external_uz_dvbt_f482_r10,247,6796,DVB-T,0.9983691573143005,0.9983691573143005,LTE,0.9998149573802948,0.00011183925562363584,0,8,0,False,only_4096_correct,LTE|LTE|LTE|LTE|LTE|LTE|LTE|LTE,0.99980551|0.99984801|0.99986994|0.99961227|0.99984062|0.99983251|0.99983060|0.99988019,0.00011634|0.00008866|0.00007570|0.00024950|0.00009220|0.00010305|0.00009845|0.00007082
tr_external_uz_dvbt_f482_r10,248,6797,DVB-T,0.9861587882041931,0.9861587882041931,LTE,0.9998208433389664,0.00010565159755060449,0,8,0,False,only_4096_correct,LTE|LTE|LTE|LTE|LTE|LTE|LTE|LTE,0.99973851|0.99987328|0.99983406|0.99984789|0.99986160|0.99978703|0.99979967|0.99982470,0.00015915|0.00007416|0.00009758|0.00008926|0.00008165|0.00013030|0.00011459|0.00009852
tr_external_uz_dvbt_f482_r10,249,6798,DVB-T,0.76490718126297,0.76490718126297,LTE,0.9998514354228973,8.869600424077362e-05,0,8,0,False,only_4096_correct,LTE|LTE|LTE|LTE|LTE|LTE|LTE|LTE,0.99981636|0.99981052|0.99986899|0.99988353|0.99983501|0.99987388|0.99986160|0.99986160,0.00011430|0.00011544|0.00007549|0.00006878|0.00009954|0.00007444|0.00008138|0.00008021
tr_external_uz_dvbt_f482_r10,250,6799,DVB-T,0.9572216272354126,0.9572216272354126,LTE,0.9998443722724915,9.252887048205594e-05,0,8,0,False,only_4096_correct,LTE|LTE|LTE|LTE|LTE|LTE|LTE|LTE,0.99987960|0.99986267|0.99983442|0.99985123|0.99980563|0.99981719|0.99983060|0.99987364,0.00007213|0.00008041|0.00009489|0.00008893|0.00011646|0.00010910|0.00010410|0.00007422
tr_external_uz_dvbt_f482_r10,251,6800,DVB-T,0.9539708495140076,0.9539708495140076,LTE,0.9998237863183022,0.00010527476933930302,0,8,0,False,only_4096_correct,LTE|LTE|LTE|LTE|LTE|LTE|LTE|LTE,0.99985087|0.99980384|0.99980444|0.99982291|0.99984586|0.99980909|0.99982220|0.99983108,0.00008673|0.00011908|0.00011784|0.00010915|0.00009379|0.00011455|0.00009698|0.00010407
tr_external_uz_dvbt_f482_r10,252,6801,DVB-T,0.9900292754173279,0.9900292754173279,LTE,0.9998340830206871,0.00010065778224088717,0,8,0,False,only_4096_correct,LTE|LTE|LTE|LTE|LTE|LTE|LTE|LTE,0.99980682|0.99977881|0.99987340|0.99987936|0.99983895|0.99986434|0.99985051|0.99978048,0.00011848|0.00013652|0.00007517|0.00007039|0.00009873|0.00008211|0.00008754|0.00013633
tr_external_uz_dvbt_f482_r10,253,6802,DVB-T,0.9989697933197021,0.9989697933197021,LTE,0.9997461959719658,0.00016267716728179948,0,8,0,False,only_4096_correct,LTE|LTE|LTE|LTE|LTE|LTE|LTE|LTE,0.99983549|0.99984527|0.99932504|0.99985909|0.99972039|0.99979657|0.99972266|0.99986506,0.00009938|0.00009342|0.00047280|0.00008306|0.00017802|0.00012708|0.00016835|0.00007931
tr_external_uz_dvbt_f482_r10,254,6803,DVB-T,0.9927353858947754,0.9927353858947754,LTE,0.9998185858130455,0.00011057638403144665,0,8,0,False,only_4096_correct,LTE|LTE|LTE|LTE|LTE|LTE|LTE|LTE,0.99988091|0.99985111|0.99977010|0.99984515|0.99970144|0.99987090|0.99977130|0.99985778,0.00007018|0.00008949|0.00013823|0.00009641|0.00019025|0.00007769|0.00013963|0.00008272
tr_external_uz_dvbt_f482_r10,255,6804,DVB-T,0.9915178418159485,0.9915178418159485,LTE,0.9998418614268303,9.288510500482516e-05,0,8,0,False,only_4096_correct,LTE|LTE|LTE|LTE|LTE|LTE|LTE|LTE,0.99980348|0.99988008|0.99983168|0.99989033|0.99982721|0.99980146|0.99985993|0.99984074,0.00011949|0.00007207|0.00009607|0.00006612|0.00010071|0.00011203|0.00008403|0.00009256
tr_external_uz_dvbt_f482_r10,256,6805,DVB-T,0.6486639380455017,0.6486639380455017,LTE,0.9998185113072395,0.00010921912780759158,0,8,0,False,only_4096_correct,LTE|LTE|LTE|LTE|LTE|LTE|LTE|LTE,0.99987686|0.99967253|0.99988425|0.99987364|0.99986720|0.99982518|0.99980193|0.99974650,0.00007219|0.00020268|0.00006797|0.00007461|0.00007721|0.00010359|0.00011929|0.00015621
tr_external_uz_dvbt_f482_r10,257,6806,DVB-T,0.5298459529876709,0.5298459529876709,LTE,0.999819241464138,0.00010896734238485806,0,8,0,False,only_4096_correct,LTE|LTE|LTE|LTE|LTE|LTE|LTE|LTE,0.99986732|0.99983275|0.99975413|0.99981576|0.99982435|0.99980932|0.99982929|0.99982101,0.00007835|0.00010300|0.00015535|0.00010619|0.00010731|0.00011129|0.00010054|0.00010972
tr_external_uz_dvbt_f482_r10,258,6807,DVB-T,0.9944356679916382,0.9944356679916382,LTE,0.9998047202825546,0.00011906553027074551,0,8,0,False,only_4096_correct,LTE|LTE|LTE|LTE|LTE|LTE|LTE|LTE,0.99981338|0.99973732|0.99967396|0.99983680|0.99984574|0.99982786|0.99986315|0.99983954,0.00011299|0.00016065|0.00021241|0.00009614|0.00009314|0.00010241|0.00008032|0.00009446
tr_external_uz_dvbt_f482_r10,259,6808,DVB-T,0.9968260526657104,0.9968260526657104,LTE,0.9998027309775352,0.00011929619995498797,0,8,0,False,only_4096_correct,LTE|LTE|LTE|LTE|LTE|LTE|LTE|LTE,0.99976462|0.99978060|0.99970919|0.99975520|0.99985731|0.99986899|0.99985909|0.99982685,0.00014750|0.00012719|0.00018150|0.00015270|0.00008090|0.00007604|0.00008213|0.00010642
tr_external_uz_dvbt_f482_r10,260,6809,DVB-T,0.9968345761299133,0.9968345761299133,LTE,0.9998304024338722,0.00010087845021189423,0,8,0,False,only_4096_correct,LTE|LTE|LTE|LTE|LTE|LTE|LTE|LTE,0.99983728|0.99977702|0.99986482|0.99975640|0.99988604|0.99980479|0.99986017|0.99985671,0.00009500|0.00013576|0.00007718|0.00015045|0.00006711|0.00011800|0.00007980|0.00008373
tr_external_uz_dvbt_f482_r10,261,6810,DVB-T,0.987966001033783,0.987966001033783,LTE,0.999846562743187,9.13263011170784e-05,0,8,0,False,only_4096_correct,LTE|LTE|LTE|LTE|LTE|LTE|LTE|LTE,0.99984586|0.99981683|0.99987102|0.99985671|0.99983048|0.99984539|0.99987924|0.99982697,0.00008889|0.00011276|0.00007704|0.00008378|0.00010319|0.00009024|0.00007084|0.00010386
tr_external_uz_dvbt_f482_r10,262,6811,DVB-T,0.7246723175048828,0.7246723175048828,LTE,0.9998187348246574,0.00010794694389915094,0,8,0,False,only_4096_correct,LTE|LTE|LTE|LTE|LTE|LTE|LTE|LTE,0.99985158|0.99979979|0.99978048|0.99973351|0.99981278|0.99980325|0.99987388|0.99989462,0.00008721|0.00012354|0.00013673|0.00015635|0.00010829|0.00011546|0.00007359|0.00006241
tr_external_uz_dvbt_f482_r10,263,6812,DVB-T,0.5848436951637268,0.5848436951637268,LTE,0.9998061433434486,0.00011597579577937722,0,8,0,False,only_4096_correct,LTE|LTE|LTE|LTE|LTE|LTE|LTE|LTE,0.99976224|0.99987054|0.99984539|0.99982774|0.99974185|0.99979073|0.99978787|0.99982280,0.00014575|0.00007771|0.00008953|0.00009977|0.00015362|0.00012141|0.00012889|0.00011112
tr_external_uz_dvbt_f482_r10,264,6813,DVB-T,0.9638938307762146,0.9638938307762146,LTE,0.9998558089137077,8.458558477286715e-05,0,8,0,False,only_4096_correct,LTE|LTE|LTE|LTE|LTE|LTE|LTE|LTE,0.99988711|0.99982518|0.99988389|0.99985707|0.99985492|0.99984443|0.99986196|0.99983191,0.00006662|0.00010258|0.00007034|0.00008514|0.00008788|0.00008747|0.00008043|0.00009622
tr_external_uz_dvbt_f482_r10,265,6814,DVB-T,0.9513885378837585,0.9513885378837585,LTE,0.9998544976115227,8.568242446926888e-05,0,8,0,False,only_4096_correct,LTE|LTE|LTE|LTE|LTE|LTE|LTE|LTE,0.99980217|0.99989986|0.99982578|0.99987411|0.99987364|0.99989772|0.99984050|0.99982220,0.00011918|0.00006049|0.00009750|0.00007496|0.00007357|0.00006144|0.00009338|0.00010496
tr_external_uz_dvbt_f482_r10,266,6815,DVB-T,0.8756622672080994,0.8756622672080994,LTE,0.9998555406928062,8.545552555005997e-05,0,8,0,False,only_4096_correct,LTE|LTE|LTE|LTE|LTE|LTE|LTE|LTE,0.99988282|0.99985445|0.99987590|0.99985313|0.99985504|0.99983108|0.99986851|0.99982339,0.00006945|0.00008631|0.00007344|0.00008738|0.00008569|0.00009786|0.00008010|0.00010342
tr_external_uz_dvbt_f482_r10,267,6816,DVB-T,0.8836654424667358,0.8836654424667358,LTE,0.9998523071408272,8.692995743331267e-05,0,8,0,False,only_4096_correct,LTE|LTE|LTE|LTE|LTE|LTE|LTE|LTE,0.99984467|0.99982893|0.99987400|0.99980980|0.99987853|0.99986613|0.99984348|0.99987292,0.00009046|0.00010196|0.00007540|0.00010609|0.00007227|0.00008147|0.00009410|0.00007368
tr_external_uz_dvbt_f482_r02,0,6817,LTE,0.9980596899986267,0.0016987161943688989,LTE,0.9998591765761375,8.370034720428521e-05,0,8,0,False,both_wrong,LTE|LTE|LTE|LTE|LTE|LTE|LTE|LTE,0.99985564|0.99981469|0.99988246|0.99989271|0.99984324|0.99987268|0.99984956|0.99986243,0.00008747|0.00010961|0.00006876|0.00006362|0.00009450|0.00007489|0.00009091|0.00007985
tr_external_uz_dvbt_f482_r02,1,6818,LTE,0.6694133281707764,0.3257722854614258,LTE,0.9998531267046928,8.724939789317432e-05,0,8,0,False,both_wrong,LTE|LTE|LTE|LTE|LTE|LTE|LTE|LTE,0.99982089|0.99987066|0.99982196|0.99981469|0.99990213|0.99986875|0.99985600|0.99986994,0.00010085|0.00007711|0.00011091|0.00011006|0.00005893|0.00007856|0.00008473|0.00007685
tr_external_uz_dvbt_f482_r02,2,6819,LTE,0.9981853365898132,0.0015673092566430569,LTE,0.9998728483915329,7.636101508978754e-05,0,8,0,False,both_wrong,LTE|LTE|LTE|LTE|LTE|LTE|LTE|LTE,0.99987257|0.99988461|0.99984336|0.99988496|0.99987864|0.99987400|0.99985242|0.99989223,0.00007389|0.00006821|0.00009500|0.00007036|0.00007351|0.00007529|0.00009038|0.00006423
tr_external_uz_dvbt_f482_r02,3,6820,LTE,0.9887620806694031,0.010373888537287712,LTE,0.999871276319027,7.67396322771674e-05,0,8,0,False,both_wrong,LTE|LTE|LTE|LTE|LTE|LTE|LTE|LTE,0.99982518|0.99986923|0.99987113|0.99991179|0.99988520|0.99986613|0.99987841|0.99986315,0.00010313|0.00007615|0.00007763|0.00005347|0.00006940|0.00008025|0.00007301|0.00008089
tr_external_uz_dvbt_f482_r02,4,6821,LTE,0.9866428375244141,0.012447813525795937,LTE,0.9998630434274673,8.127444743877277e-05,0,8,0,False,both_wrong,LTE|LTE|LTE|LTE|LTE|LTE|LTE|LTE,0.99983406|0.99988127|0.99988091|0.99985921|0.99987888|0.99984884|0.99985754|0.99986362,0.00010144|0.00006994|0.00007067|0.00008367|0.00007073|0.00008907|0.00008303|0.00008165
tr_external_uz_dvbt_f482_r02,5,6822,LTE,0.8599429130554199,0.13664348423480988,LTE,0.9998732656240463,7.543773244833574e-05,0,8,0,False,both_wrong,LTE|LTE|LTE|LTE|LTE|LTE|LTE|LTE,0.99986684|0.99983585|0.99989760|0.99988461|0.99988401|0.99984729|0.99988973|0.99988019,0.00007909|0.00009831|0.00006095|0.00006796|0.00007032|0.00009025|0.00006525|0.00007137
tr_external_uz_dvbt_f482_r02,6,6823,LTE,0.8926624655723572,0.10430080443620682,LTE,0.9998574107885361,8.458816682832548e-05,0,8,0,False,both_wrong,LTE|LTE|LTE|LTE|LTE|LTE|LTE|LTE,0.99981195|0.99989200|0.99986327|0.99988723|0.99982148|0.99985099|0.99985492|0.99987745,0.00011278|0.00006397|0.00008161|0.00006652|0.00010539|0.00008611|0.00008807|0.00007225
tr_external_uz_dvbt_f482_r02,7,6824,LTE,0.8622411489486694,0.13440577685832977,LTE,0.9998574033379555,8.6310099959519e-05,0,8,0,False,both_wrong,LTE|LTE|LTE|LTE|LTE|LTE|LTE|LTE,0.99983406|0.99988222|0.99980658|0.99989903|0.99984324|0.99984825|0.99985719|0.99988866,0.00009900|0.00007108|0.00012148|0.00006053|0.00009419|0.00009210|0.00008614|0.00006595
tr_external_uz_dvbt_f482_r02,8,6825,LTE,0.8019358515739441,0.19431065022945404,LTE,0.9998625814914703,8.142288152157562e-05,0,8,0,False,both_wrong,LTE|LTE|LTE|LTE|LTE|LTE|LTE|LTE,0.99985731|0.99984121|0.99986792|0.99984670|0.99986184|0.99988031|0.99986541|0.99987996,0.00008557|0.00009105|0.00007899|0.00009246|0.00008242|0.00007143|0.00007999|0.00006948
tr_external_uz_dvbt_f482_r02,9,6826,LTE,0.9445623159408569,0.053266942501068115,LTE,0.9998715221881866,7.67653327784501e-05,0,8,0,False,both_wrong,LTE|LTE|LTE|LTE|LTE|LTE|LTE|LTE,0.99987590|0.99990726|0.99984241|0.99986529|0.99986041|0.99986458|0.99987149|0.99988484,0.00007382|0.00005620|0.00009371|0.00007873|0.00008530|0.00007977|0.00007890|0.00006769
tr_external_uz_dvbt_f482_r02,10,6827,LTE,0.97352534532547,0.02513047866523266,LTE,0.9998632371425629,8.084402361419052e-05,0,8,0,False,both_wrong,LTE|LTE|LTE|LTE|LTE|LTE|LTE|LTE,0.99987698|0.99987066|0.99988115|0.99986911|0.99985325|0.99984515|0.99984491|0.99986470,0.00007410|0.00007742|0.00007122|0.00007740|0.00008711|0.00009413|0.00008740|0.00007798
tr_external_uz_dvbt_f482_r02,11,6828,LTE,0.9946432113647461,0.004863258916884661,LTE,0.9998545944690704,8.805086190477596e-05,0,8,0,False,both_wrong,LTE|LTE|LTE|LTE|LTE|LTE|LTE|LTE,0.99986982|0.99990034|0.99987149|0.99980742|0.99988961|0.99975282|0.99985456|0.99989069,0.00007636|0.00005971|0.00007671|0.00011813|0.00006546|0.00015527|0.00008816|0.00006460
tr_external_uz_dvbt_f482_r02,12,6829,LTE,0.9559587836265564,0.042175836861133575,LTE,0.9998480305075645,9.164614493784029e-05,0,8,0,False,both_wrong,LTE|LTE|LTE|LTE|LTE|LTE|LTE|LTE,0.99986172|0.99983895|0.99986517|0.99986422|0.99976295|0.99989462|0.99986887|0.99982774,0.00008330|0.00009910|0.00008199|0.00008319|0.00014182|0.00006351|0.00007747|0.00010279
tr_external_uz_dvbt_f482_r02,13,6830,LTE,0.9967485666275024,0.002874446101486683,LTE,0.9998631328344345,8.205058657040354e-05,0,8,0,False,both_wrong,LTE|LTE|LTE|LTE|LTE|LTE|LTE|LTE,0.99988425|0.99985087|0.99986684|0.99982917|0.99989343|0.99987030|0.99986482|0.99984539,0.00006812|0.00009224|0.00008174|0.00010326|0.00006368|0.00007500|0.00007982|0.00009254
tr_external_uz_dvbt_f482_r02,14,6831,LTE,0.9796156883239746,0.019244682043790817,LTE,0.9998809546232224,7.091307361406507e-05,0,8,0,False,both_wrong,LTE|LTE|LTE|LTE|LTE|LTE|LTE|LTE,0.99987054|0.99988520|0.99985814|0.99988306|0.99991512|0.99987078|0.99987483|0.99988997,0.00007629|0.00006920|0.00008665|0.00006877|0.00005146|0.00007725|0.00007266|0.00006502
tr_external_uz_dvbt_f482_r02,15,6832,LTE,0.8417252898216248,0.1546701341867447,LTE,0.9998682364821434,7.855362446207437e-05,0,8,0,False,both_wrong,LTE|LTE|LTE|LTE|LTE|LTE|LTE|LTE,0.99983704|0.99988651|0.99990368|0.99982738|0.99988770|0.99981672|0.99988556|0.99990129,0.00009585|0.00006787|0.00005778|0.00010573|0.00006655|0.00010733|0.00006776|0.00005956
tr_external_uz_dvbt_f482_r02,16,6833,LTE,0.7311946153640747,0.26441776752471924,LTE,0.9998576268553734,8.527521276846528e-05,0,8,0,False,both_wrong,LTE|LTE|LTE|LTE|LTE|LTE|LTE|LTE,0.99988699|0.99988389|0.99987459|0.99986720|0.99981588|0.99983656|0.99984431|0.99985158,0.00006686|0.00006947|0.00007333|0.00008091|0.00011295|0.00010155|0.00009019|0.00008694
tr_external_uz_dvbt_f482_r02,17,6834,LTE,0.9549816250801086,0.043307770043611526,LTE,0.9998693913221359,7.817569667167845e-05,0,8,0,False,both_wrong,LTE|LTE|LTE|LTE|LTE|LTE|LTE|LTE,0.99990547|0.99986374|0.99985063|0.99986064|0.99990654|0.99984276|0.99983966|0.99988568,0.00005696|0.00008034|0.00009245|0.00008204|0.00005674|0.00009378|0.00009612|0.00006698
tr_external_uz_dvbt_f482_r02,18,6835,LTE,0.9627407789230347,0.03548695147037506,LTE,0.9998444616794586,9.420911555935163e-05,0,8,0,False,both_wrong,LTE|LTE|LTE|LTE|LTE|LTE|LTE|LTE,0.99986541|0.99981052|0.99986482|0.99985683|0.99982893|0.99988461|0.99984515|0.99979943,0.00007949|0.00011944|0.00007891|0.00008740|0.00010195|0.00006922|0.00009480|0.00012246
tr_external_uz_dvbt_f482_r02,19,6836,LTE,0.8149091005325317,0.1813056766986847,LTE,0.9998539015650749,8.565538973925868e-05,0,8,0,False,both_wrong,LTE|LTE|LTE|LTE|LTE|LTE|LTE|LTE,0.99986756|0.99984396|0.99982929|0.99986792|0.99985969|0.99982327|0.99987900|0.99986053,0.00007647|0.00009621|0.00009712|0.00007865|0.00008334|0.00010067|0.00007124|0.00008154
tr_external_uz_dvbt_f482_r02,20,6837,LTE,0.9561009407043457,0.04214153438806534,LTE,0.9998620599508286,8.180791928680264e-05,0,8,0,False,both_wrong,LTE|LTE|LTE|LTE|LTE|LTE|LTE|LTE,0.99987125|0.99987030|0.99987090|0.99979919|0.99989843|0.99989903|0.99986076|0.99982661,0.00007431|0.00007443|0.00007655|0.00012714|0.00006103|0.00006092|0.00008219|0.00009789
tr_external_uz_dvbt_f482_r02,21,6838,LTE,0.9358806610107422,0.06181923300027847,LTE,0.9998736083507538,7.645014284207718e-05,0,8,0,False,both_wrong,LTE|LTE|LTE|LTE|LTE|LTE|LTE|LTE,0.99988437|0.99986291|0.99983454|0.99987161|0.99989343|0.99988699|0.99987698|0.99987805,0.00006972|0.00008451|0.00010092|0.00007729|0.00006393|0.00006818|0.00007424|0.00007281
tr_external_uz_dvbt_f482_r02,22,6839,LTE,0.992404043674469,0.007047638762742281,LTE,0.99986931681633,7.758519677736331e-05,0,8,0,False,both_wrong,LTE|LTE|LTE|LTE|LTE|LTE|LTE|LTE,0.99988556|0.99987161|0.99986219|0.99986327|0.99987519|0.99986887|0.99986172|0.99986613,0.00006789|0.00007702|0.00008214|0.00008095|0.00007221|0.00007732|0.00008228|0.00008087
tr_external_uz_dvbt_f482_r02,23,6840,LTE,0.9165650010108948,0.08085057139396667,LTE,0.999852366745472,8.9252382167615e-05,0,8,0,False,both_wrong,LTE|LTE|LTE|LTE|LTE|LTE|LTE|LTE,0.99978083|0.99988055|0.99983907|0.99988854|0.99984157|0.99987710|0.99986684|0.99984443,0.00013661|0.00007178|0.00009792|0.00006603|0.00009558|0.00007377|0.00007896|0.00009337
tr_external_uz_dvbt_f482_r02,24,6841,LTE,0.6369447112083435,0.3581654131412506,LTE,0.9998316466808319,0.00010202761950495187,0,8,0,False,both_wrong,LTE|LTE|LTE|LTE|LTE|LTE|LTE|LTE,0.99984264|0.99981242|0.99985385|0.99984431|0.99985552|0.99984682|0.99971420|0.99988341,0.00009116|0.00011679|0.00008493|0.00009306|0.00008267|0.00009080|0.00018599|0.00007082
tr_external_uz_dvbt_f482_r02,25,6842,LTE,0.4987167418003082,0.4960682690143585,LTE,0.9998341724276543,0.00010088983708556043,0,8,0,False,both_wrong,LTE|LTE|LTE|LTE|LTE|LTE|LTE|LTE,0.99983621|0.99980336|0.99983573|0.99987888|0.99985039|0.99980325|0.99984813|0.99981743,0.00009910|0.00012212|0.00009998|0.00007241|0.00008794|0.00011986|0.00009426|0.00011144
tr_external_uz_dvbt_f482_r02,26,6843,LTE,0.6537776589393616,0.34141507744789124,LTE,0.999864473938942,8.074182187556289e-05,0,8,0,False,both_wrong,LTE|LTE|LTE|LTE|LTE|LTE|LTE|LTE,0.99983597|0.99985814|0.99985266|0.99989045|0.99985480|0.99987245|0.99986196|0.99988937,0.00010005|0.00008255|0.00008928|0.00006509|0.00008574|0.00007659|0.00008045|0.00006619
tr_external_uz_dvbt_f482_r02,27,6844,LTE,0.7099117636680603,0.2854726314544678,LTE,0.9998662695288658,8.000792331586126e-05,0,8,0,False,both_wrong,LTE|LTE|LTE|LTE|LTE|LTE|LTE|LTE,0.99988508|0.99986184|0.99985170|0.99982172|0.99988353|0.99989426|0.99984884|0.99988317,0.00006750|0.00008273|0.00008615|0.00010668|0.00007038|0.00006377|0.00009288|0.00006997
tr_external_uz_dvbt_f482_r02,28,6845,LTE,0.9977332353591919,0.0020142667926847935,LTE,0.9998629167675972,8.134287872962886e-05,0,8,0,False,both_wrong,LTE|LTE|LTE|LTE|LTE|LTE|LTE|LTE,0.99981683|0.99987376|0.99986470|0.99989748|0.99987292|0.99983907|0.99988198|0.99985659,0.00010906|0.00007289|0.00007824|0.00006146|0.00007614|0.00009704|0.00007056|0.00008534
tr_external_uz_dvbt_f482_r02,29,6846,LTE,0.9668622612953186,0.031667884439229965,LTE,0.9998479634523392,9.103121101361467e-05,0,8,0,False,both_wrong,LTE|LTE|LTE|LTE|LTE|LTE|LTE|LTE,0.99979192|0.99985647|0.99987936|0.99988675|0.99984062|0.99987817|0.99980170|0.99984872,0.00012853|0.00008417|0.00007218|0.00006753|0.00009730|0.00007271|0.00011487|0.00009095
tr_external_uz_dvbt_f482_r02,30,6847,LTE,0.7991167902946472,0.1969401240348816,LTE,0.999861404299736,8.180306213034783e-05,0,8,0,False,both_wrong,LTE|LTE|LTE|LTE|LTE|LTE|LTE|LTE,0.99987888|0.99986517|0.99986875|0.99984825|0.99986637|0.99984288|0.99985528|0.99986565,0.00007154|0.00007837|0.00008048|0.00008824|0.00008022|0.00009151|0.00008566|0.00007840
tr_external_uz_dvbt_f482_r02,31,6848,LTE,0.9957538843154907,0.0038170963525772095,LTE,0.9998497813940048,8.920320397010073e-05,0,8,0,False,both_wrong,LTE|LTE|LTE|LTE|LTE|LTE|LTE|LTE,0.99983454|0.99987364|0.99986672|0.99979597|0.99981338|0.99986887|0.99986172|0.99988341,0.00009603|0.00007330|0.00007865|0.00012104|0.00011171|0.00008075|0.00008377|0.00006839
tr_external_uz_dvbt_f482_r02,32,6849,LTE,0.9882380366325378,0.010878017172217369,LTE,0.999858632683754,8.493343648297014e-05,0,8,0,False,both_wrong,LTE|LTE|LTE|LTE|LTE|LTE|LTE|LTE,0.99988317|0.99986017|0.99980420|0.99987471|0.99987292|0.99986219|0.99981624|0.99989545,0.00006985|0.00008219|0.00011931|0.00007326|0.00007717|0.00008170|0.00011370|0.00006229
tr_external_uz_dvbt_f482_r02,33,6850,LTE,0.9946445226669312,0.004854479804635048,LTE,0.9998719990253448,7.697732962697046e-05,0,8,0,False,both_wrong,LTE|LTE|LTE|LTE|LTE|LTE|LTE|LTE,0.99983478|0.99984658|0.99985969|0.99986947|0.99991071|0.99988961|0.99989736|0.99986780,0.00010214|0.00009147|0.00008474|0.00007714|0.00005405|0.00006637|0.00006151|0.00007842
tr_external_uz_dvbt_f482_r02,34,6851,LTE,0.9667704105377197,0.031703345477581024,LTE,0.9998588934540749,8.476536550006131e-05,0,8,0,False,both_wrong,LTE|LTE|LTE|LTE|LTE|LTE|LTE|LTE,0.99987185|0.99989939|0.99978715|0.99989009|0.99987686|0.99985993|0.99983716|0.99984872,0.00007608|0.00006017|0.00013199|0.00006438|0.00007408|0.00008603|0.00009692|0.00008847
tr_external_uz_dvbt_f482_r02,35,6852,LTE,0.996715784072876,0.0029004544485360384,LTE,0.999863363802433,8.134523432090646e-05,0,8,0,False,both_wrong,LTE|LTE|LTE|LTE|LTE|LTE|LTE|LTE,0.99984813|0.99987257|0.99984634|0.99989736|0.99986267|0.99987662|0.99987781|0.99982542,0.00008823|0.00007657|0.00009186|0.00006167|0.00008014|0.00007518|0.00007379|0.00010333
tr_external_uz_dvbt_f482_r02,36,6853,LTE,0.992165207862854,0.007242965046316385,LTE,0.9998496845364571,8.971162515081232e-05,0,8,0,False,both_wrong,LTE|LTE|LTE|LTE|LTE|LTE|LTE|LTE,0.99980050|0.99989080|0.99984241|0.99987257|0.99982810|0.99984181|0.99986911|0.99985218,0.00012225|0.00006467|0.00009458|0.00007348|0.00009972|0.00009698|0.00007747|0.00008854
tr_external_uz_dvbt_f482_r02,37,6854,LTE,0.9794825911521912,0.01931786723434925,LTE,0.9998459219932556,9.40932168305153e-05,0,8,0,False,both_wrong,LTE|LTE|LTE|LTE|LTE|LTE|LTE|LTE,0.99988854|0.99987495|0.99969804|0.99985301|0.99988616|0.99984860|0.99984658|0.99987149,0.00006613|0.00007313|0.00020137|0.00008699|0.00006831|0.00009248|0.00009052|0.00007381
tr_external_uz_dvbt_f482_r02,38,6855,LTE,0.8338752388954163,0.162602961063385,LTE,0.999859094619751,8.434775463683764e-05,0,8,0,False,both_wrong,LTE|LTE|LTE|LTE|LTE|LTE|LTE|LTE,0.99986732|0.99987268|0.99988115|0.99981862|0.99986053|0.99981624|0.99987781|0.99987841,0.00007881|0.00007627|0.00006987|0.00011233|0.00008309|0.00010924|0.00007304|0.00007212
tr_external_uz_dvbt_f482_r02,39,6856,LTE,0.9265855550765991,0.07109803706407547,LTE,0.9998624995350838,8.158248874678975e-05,0,8,0,False,both_wrong,LTE|LTE|LTE|LTE|LTE|LTE|LTE|LTE,0.99989176|0.99984813|0.99984467|0.99988282|0.99981111|0.99987137|0.99987209|0.99987805,0.00006515|0.00009168|0.00009165|0.00007080|0.00010710|0.00007723|0.00007682|0.00007224
tr_external_uz_dvbt_f482_r02,40,6857,LTE,0.9835941195487976,0.01537120807915926,LTE,0.9998518526554108,8.981049813883146e-05,0,8,0,False,both_wrong,LTE|LTE|LTE|LTE|LTE|LTE|LTE|LTE,0.99985218|0.99980813|0.99986339|0.99988234|0.99985898|0.99989021|0.99979907|0.99986053,0.00009178|0.00011871|0.00008223|0.00007224|0.00008104|0.00006555|0.00012387|0.00008308
tr_external_uz_dvbt_f482_r02,41,6858,LTE,0.9686853885650635,0.029758287593722343,LTE,0.9998779147863388,7.285230230991147e-05,0,8,0,False,both_wrong,LTE|LTE|LTE|LTE|LTE|LTE|LTE|LTE,0.99986851|0.99989605|0.99984074|0.99990737|0.99988949|0.99987876|0.99988282|0.99985957,0.00007700|0.00006175|0.00009558|0.00005594|0.00006659|0.00007325|0.00006894|0.00008377
tr_external_uz_dvbt_f482_r02,42,6859,LTE,0.9952694773674011,0.004257726948708296,LTE,0.9998619183897972,8.216491733037401e-05,0,8,0,False,both_wrong,LTE|LTE|LTE|LTE|LTE|LTE|LTE|LTE,0.99984121|0.99985075|0.99982387|0.99986088|0.99987006|0.99987578|0.99989867|0.99987411,0.00009334|0.00009011|0.00010233|0.00008399|0.00007691|0.00007533|0.00006055|0.00007478
tr_external_uz_dvbt_f482_r02,43,6860,LTE,0.9642225503921509,0.03440177068114281,LTE,0.9998588785529137,8.431388596363831e-05,0,8,0,False,both_wrong,LTE|LTE|LTE|LTE|LTE|LTE|LTE|LTE,0.99988019|0.99983335|0.99988449|0.99981397|0.99989498|0.99984622|0.99983799|0.99987984,0.00006985|0.00009912|0.00006921|0.00011439|0.00006316|0.00009100|0.00009603|0.00007175
tr_external_uz_dvbt_f482_r02,44,6861,LTE,0.8322064876556396,0.16413314640522003,LTE,0.9998442605137825,9.392979518452194e-05,0,8,0,False,both_wrong,LTE|LTE|LTE|LTE|LTE|LTE|LTE|LTE,0.99979943|0.99986506|0.99983978|0.99984181|0.99983847|0.99985421|0.99985135|0.99986398,0.00012204|0.00007941|0.00009853|0.00009063|0.00009882|0.00008599|0.00009228|0.00008375
tr_external_uz_dvbt_f482_r02,45,6862,LTE,0.8328573107719421,0.16345007717609406,LTE,0.9998522028326988,8.789480216364609e-05,0,8,0,False,both_wrong,LTE|LTE|LTE|LTE|LTE|LTE|LTE|LTE,0.99984717|0.99978834|0.99986494|0.99983048|0.99987519|0.99988866|0.99988592|0.99983692,0.00009045|0.00012386|0.00007868|0.00010226|0.00007531|0.00006737|0.00006764|0.00009759
tr_external_uz_dvbt_f482_r02,46,6863,LTE,0.9891175627708435,0.010082404129207134,LTE,0.9998578205704689,8.49681705403782e-05,0,8,0,False,both_wrong,LTE|LTE|LTE|LTE|LTE|LTE|LTE|LTE,0.99988854|0.99984980|0.99984503|0.99983239|0.99990296|0.99981087|0.99986100|0.99987197,0.00006655|0.00009325|0.00008820|0.00010227|0.00005840|0.00011399|0.00008169|0.00007539
tr_external_uz_dvbt_f482_r02,47,6864,LTE,0.7763260006904602,0.21993222832679749,LTE,0.9998774230480194,7.245430060720537e-05,0,8,0,False,both_wrong,LTE|LTE|LTE|LTE|LTE|LTE|LTE|LTE,0.99989867|0.99987447|0.99987471|0.99987054|0.99988663|0.99987602|0.99987388|0.99986446,0.00006057|0.00007436|0.00007308|0.00007667|0.00006685|0.00007287|0.00007329|0.00008195
tr_external_uz_dvbt_f482_r02,48,6865,LTE,0.9772271513938904,0.021432818844914436,LTE,0.9998606741428375,8.375057677767472e-05,0,8,0,False,both_wrong,LTE|LTE|LTE|LTE|LTE|LTE|LTE|LTE,0.99988425|0.99990618|0.99986386|0.99987876|0.99982738|0.99983144|0.99984694|0.99984658,0.00006791|0.00005654|0.00008211|0.00007144|0.00010739|0.00010350|0.00009286|0.00008825
tr_external_uz_dvbt_f482_r02,49,6866,LTE,0.9002588391304016,0.096882164478302,LTE,0.9998513832688332,8.896423332771519e-05,0,8,0,False,both_wrong,LTE|LTE|LTE|LTE|LTE|LTE|LTE|LTE,0.99986625|0.99982917|0.99988067|0.99985480|0.99987268|0.99984086|0.99984729|0.99981934,0.00007910|0.00010358|0.00007014|0.00008905|0.00007486|0.00009292|0.00009282|0.00010925
tr_external_uz_dvbt_f482_r02,50,6867,LTE,0.9775350093841553,0.02114979177713394,LTE,0.9998503923416138,8.892506411939394e-05,0,8,0,False,both_wrong,LTE|LTE|LTE|LTE|LTE|LTE|LTE|LTE,0.99986923|0.99983084|0.99982482|0.99982184|0.99986184|0.99987841|0.99986207|0.99985409,0.00007759|0.00010461|0.00010202|0.00010381|0.00008493|0.00007067|0.00008194|0.00008583
tr_external_uz_dvbt_f482_r02,51,6868,LTE,0.9876554608345032,0.011454053223133087,LTE,0.9998569339513779,8.688833440828603e-05,0,8,0,False,both_wrong,LTE|LTE|LTE|LTE|LTE|LTE|LTE|LTE,0.99988735|0.99981517|0.99989736|0.99986088|0.99978274|0.99988365|0.99985850|0.99986982,0.00006735|0.00011404|0.00006135|0.00008619|0.00013478|0.00007052|0.00008277|0.00007812
tr_external_uz_dvbt_f482_r02,52,6869,LTE,0.9702286124229431,0.02825990878045559,LTE,0.9998544752597809,8.769157011556672e-05,0,8,0,False,both_wrong,LTE|LTE|LTE|LTE|LTE|LTE|LTE|LTE,0.99983883|0.99985135|0.99985385|0.99987018|0.99986792|0.99983418|0.99987304|0.99984646,0.00009733|0.00008752|0.00008818|0.00007858|0.00007647|0.00010289|0.00007571|0.00009486
tr_external_uz_dvbt_f482_r02,53,6870,LTE,0.99457848072052,0.004855765961110592,LTE,0.9998772591352463,7.443581580446335e-05,0,8,0,False,both_wrong,LTE|LTE|LTE|LTE|LTE|LTE|LTE|LTE,0.99984789|0.99989593|0.99986935|0.99988604|0.99989247|0.99986172|0.99988234|0.99988234,0.00009467|0.00006359|0.00008053|0.00006998|0.00006421|0.00008299|0.00006889|0.00007063
tr_external_uz_dvbt_f482_r02,54,6871,LTE,0.9633320569992065,0.0350441038608551,LTE,0.9998620301485062,8.198543855542084e-05,0,8,0,False,both_wrong,LTE|LTE|LTE|LTE|LTE|LTE|LTE|LTE,0.99988508|0.99985719|0.99988699|0.99983883|0.99987793|0.99984539|0.99987411|0.99983072,0.00006879|0.00008676|0.00006784|0.00009682|0.00007258|0.00009370|0.00007301|0.00009637
tr_external_uz_dvbt_f482_r02,55,6872,LTE,0.9945840239524841,0.004901242908090353,LTE,0.9998631551861763,8.158706850736053e-05,0,8,0,False,both_wrong,LTE|LTE|LTE|LTE|LTE|LTE|LTE|LTE,0.99986756|0.99985623|0.99990976|0.99987733|0.99982834|0.99987364|0.99988449|0.99980789,0.00007702|0.00008707|0.00005422|0.00007223|0.00009939|0.00007593|0.00006803|0.00011881
tr_external_uz_dvbt_f482_r02,56,6873,LTE,0.9956037998199463,0.0039624422788619995,LTE,0.999872624874115,7.60833368076419e-05,0,8,0,False,both_wrong,LTE|LTE|LTE|LTE|LTE|LTE|LTE|LTE,0.99988401|0.99986541|0.99988270|0.99986458|0.99988902|0.99990153|0.99983859|0.99985516,0.00006844|0.00007805|0.00006929|0.00007866|0.00006779|0.00005933|0.00009814|0.00008896
tr_external_uz_dvbt_f482_r02,57,6874,LTE,0.9951015114784241,0.004433481488376856,LTE,0.9998412728309631,9.528936243441422e-05,0,8,0,False,both_wrong,LTE|LTE|LTE|LTE|LTE|LTE|LTE|LTE,0.99982661|0.99983478|0.99981636|0.99981695|0.99982041|0.99987602|0.99986970|0.99986935,0.00010385|0.00009827|0.00011481|0.00010715|0.00010956|0.00007373|0.00007516|0.00007979
tr_external_uz_dvbt_f482_r02,58,6875,LTE,0.9597488641738892,0.038498152047395706,LTE,0.9998544082045555,8.784098281466868e-05,0,8,0,False,both_wrong,LTE|LTE|LTE|LTE|LTE|LTE|LTE|LTE,0.99986374|0.99987698|0.99985802|0.99988520|0.99982649|0.99986446|0.99982917|0.99983120,0.00007942|0.00007351|0.00008568|0.00006931|0.00010463|0.00008007|0.00010509|0.00010502
tr_external_uz_dvbt_f482_r02,59,6876,LTE,0.9297161102294922,0.06790734082460403,LTE,0.9998570755124092,8.581790007156087e-05,0,8,0,False,both_wrong,LTE|LTE|LTE|LTE|LTE|LTE|LTE|LTE,0.99984550|0.99986660|0.99986327|0.99984396|0.99987411|0.99987841|0.99982530|0.99985945,0.00009408|0.00007896|0.00008212|0.00009459|0.00007521|0.00007209|0.00010814|0.00008135
tr_external_uz_dvbt_f482_r02,60,6877,LTE,0.9202063083648682,0.07739130407571793,LTE,0.9998557269573212,8.524071745341644e-05,0,8,0,False,both_wrong,LTE|LTE|LTE|LTE|LTE|LTE|LTE|LTE,0.99986136|0.99989843|0.99982351|0.99982661|0.99986696|0.99982882|0.99987960|0.99986053,0.00008174|0.00006137|0.00010457|0.00010134|0.00007680|0.00009910|0.00007190|0.00008511
tr_external_uz_dvbt_f482_r02,61,6878,LTE,0.7826421856880188,0.21342532336711884,LTE,0.9998658373951912,8.148012966557872e-05,0,8,0,False,both_wrong,LTE|LTE|LTE|LTE|LTE|LTE|LTE|LTE,0.99983370|0.99987817|0.99990630|0.99981219|0.99988973|0.99988151|0.99988019|0.99984491,0.00010299|0.00007196|0.00005651|0.00011570|0.00006584|0.00006985|0.00007288|0.00009612
tr_external_uz_dvbt_f482_r02,62,6879,LTE,0.878389835357666,0.1185360997915268,LTE,0.9998757839202881,7.414301762764808e-05,0,8,0,False,both_wrong,LTE|LTE|LTE|LTE|LTE|LTE|LTE|LTE,0.99982846|0.99987757|0.99987066|0.99987626|0.99989748|0.99987090|0.99990654|0.99987841,0.00010277|0.00007350|0.00007798|0.00007356|0.00006235|0.00007510|0.00005636|0.00007151
tr_external_uz_dvbt_f482_r02,63,6880,LTE,0.918998658657074,0.07865074276924133,LTE,0.9998667538166046,7.871082107158145e-05,0,8,0,False,both_wrong,LTE|LTE|LTE|LTE|LTE|LTE|LTE|LTE,0.99988759|0.99987555|0.99986053|0.99989283|0.99984980|0.99988496|0.99984682|0.99983597,0.00006660|0.00007440|0.00008133|0.00006355|0.00008611|0.00006806|0.00009046|0.00009918
tr_external_uz_dvbt_f482_r02,64,6881,LTE,0.995257556438446,0.004285638686269522,LTE,0.9998528435826302,8.77459915500367e-05,0,8,0,False,both_wrong,LTE|LTE|LTE|LTE|LTE|LTE|LTE|LTE,0.99987864|0.99985480|0.99982470|0.99983466|0.99985695|0.99985254|0.99988496|0.99983549,0.00007231|0.00008851|0.00010987|0.00009989|0.00008141|0.00009001|0.00006758|0.00009238
tr_external_uz_dvbt_f482_r02,65,6882,LTE,0.9650322794914246,0.03333500400185585,LTE,0.999836340546608,9.87677367447759e-05,0,8,0,False,both_wrong,LTE|LTE|LTE|LTE|LTE|LTE|LTE|LTE,0.99985218|0.99986088|0.99986160|0.99980146|0.99983644|0.99983764|0.99979788|0.99984264,0.00008442|0.00008462|0.00007934|0.00012417|0.00009976|0.00010195|0.00012347|0.00009241
tr_external_uz_dvbt_f482_r02,66,6883,LTE,0.9795030355453491,0.019259639084339142,LTE,0.9998495951294899,8.976628305390477e-05,0,8,0,False,both_wrong,LTE|LTE|LTE|LTE|LTE|LTE|LTE|LTE,0.99983704|0.99985850|0.99983025|0.99986458|0.99984634|0.99986124|0.99982685|0.99987197,0.00009698|0.00008744|0.00010242|0.00007819|0.00009054|0.00008506|0.00010147|0.00007603
tr_external_uz_dvbt_f482_r02,67,6884,LTE,0.7726532220840454,0.22321847081184387,LTE,0.99986432492733,8.139039528032299e-05,0,8,0,False,both_wrong,LTE|LTE|LTE|LTE|LTE|LTE|LTE|LTE,0.99986458|0.99985707|0.99986470|0.99987972|0.99985027|0.99987924|0.99985182|0.99986720,0.00008311|0.00008383|0.00008334|0.00007317|0.00008834|0.00007292|0.00008811|0.00007831
tr_external_uz_dvbt_f482_r02,68,6885,LTE,0.9742142558097839,0.024409156292676926,LTE,0.99986432492733,8.113028980005765e-05,0,8,0,False,both_wrong,LTE|LTE|LTE|LTE|LTE|LTE|LTE|LTE,0.99988675|0.99986398|0.99987757|0.99985301|0.99986064|0.99986672|0.99987042|0.99983549,0.00006913|0.00008120|0.00007278|0.00009035|0.00008215|0.00007777|0.00008022|0.00009543
tr_external_uz_dvbt_f482_r02,69,6886,LTE,0.8581885695457458,0.1383775770664215,LTE,0.999874085187912,7.451226701959968e-05,0,8,0,False,both_wrong,LTE|LTE|LTE|LTE|LTE|LTE|LTE|LTE,0.99987793|0.99986100|0.99986982|0.99989009|0.99989319|0.99988139|0.99986172|0.99985754,0.00007316|0.00008194|0.00007839|0.00006563|0.00006375|0.00006970|0.00008263|0.00008090
tr_external_uz_dvbt_f482_r02,70,6887,LTE,0.9928440451622009,0.0066218385472893715,LTE,0.9998548999428749,8.587780030211434e-05,0,8,0,False,both_wrong,LTE|LTE|LTE|LTE|LTE|LTE|LTE|LTE,0.99988949|0.99983108|0.99984264|0.99987149|0.99982339|0.99984562|0.99988019|0.99985528,0.00006540|0.00009867|0.00009717|0.00007534|0.00009800|0.00009280|0.00007199|0.00008764
tr_external_uz_dvbt_f482_r02,71,6888,LTE,0.9913375377655029,0.007953588850796223,LTE,0.9998476654291153,9.25351077967207e-05,0,8,0,False,both_wrong,LTE|LTE|LTE|LTE|LTE|LTE|LTE|LTE,0.99988294|0.99983346|0.99985647|0.99978441|0.99988222|0.99989569|0.99981266|0.99983346,0.00006953|0.00010031|0.00008203|0.00013572|0.00006983|0.00006211|0.00011906|0.00010170
tr_external_uz_dvbt_f482_r02,72,6889,LTE,0.9234117269515991,0.0741468220949173,LTE,0.9998385012149811,9.658721319283359e-05,0,8,0,False,both_wrong,LTE|LTE|LTE|LTE|LTE|LTE|LTE|LTE,0.99988568|0.99988031|0.99985337|0.99979526|0.99980658|0.99982160|0.99988329|0.99978191,0.00006910|0.00007206|0.00008777|0.00012506|0.00011086|0.00010483|0.00006923|0.00013380
tr_external_uz_dvbt_f482_r02,73,6890,LTE,0.9513590931892395,0.04684367775917053,LTE,0.9998542442917824,8.821873416309245e-05,0,8,0,False,both_wrong,LTE|LTE|LTE|LTE|LTE|LTE|LTE|LTE,0.99988329|0.99986279|0.99983740|0.99983895|0.99987614|0.99978906|0.99987149|0.99987483,0.00006943|0.00008501|0.00010007|0.00009595|0.00007437|0.00012813|0.00007607|0.00007671
tr_external_uz_dvbt_f482_r02,74,6891,LTE,0.7357212901115417,0.2598460614681244,LTE,0.999864749610424,8.115843593259342e-05,0,8,0,False,both_wrong,LTE|LTE|LTE|LTE|LTE|LTE|LTE|LTE,0.99988234|0.99980122|0.99989057|0.99987304|0.99986339|0.99987507|0.99983919|0.99989319,0.00007038|0.00012341|0.00006493|0.00007562|0.00008055|0.00007232|0.00009833|0.00006373
tr_external_uz_dvbt_f482_r02,75,6892,LTE,0.9652770757675171,0.03303822875022888,LTE,0.9998493641614914,9.06975274119759e-05,0,8,0,False,both_wrong,LTE|LTE|LTE|LTE|LTE|LTE|LTE|LTE,0.99983299|0.99986267|0.99986076|0.99987566|0.99988604|0.99981982|0.99984229|0.99981469,0.00009924|0.00008512|0.00008234|0.00007423|0.00006915|0.00011036|0.00009469|0.00011045
tr_external_uz_dvbt_f482_r02,76,6893,LTE,0.8455420136451721,0.1509973108768463,LTE,0.9998393952846527,9.642001441534376e-05,0,8,0,False,both_wrong,LTE|LTE|LTE|LTE|LTE|LTE|LTE|LTE,0.99987972|0.99985421|0.99983883|0.99988246|0.99968839|0.99985659|0.99987972|0.99983525,0.00007130|0.00008682|0.00009614|0.00006924|0.00019412|0.00008637|0.00007059|0.00009677
tr_external_uz_dvbt_f482_r02,77,6894,LTE,0.9797582626342773,0.019068166613578796,LTE,0.9998474195599556,9.152246184385149e-05,0,8,0,False,both_wrong,LTE|LTE|LTE|LTE|LTE|LTE|LTE|LTE,0.99987280|0.99984932|0.99986422|0.99984920|0.99986088|0.99975878|0.99986446|0.99985969,0.00007801|0.00008893|0.00008050|0.00008573|0.00008367|0.00015140|0.00008395|0.00008000
tr_external_uz_dvbt_f482_r02,78,6895,LTE,0.9769236445426941,0.021754836663603783,LTE,0.9998569414019585,8.520208939444274e-05,0,8,0,False,both_wrong,LTE|LTE|LTE|LTE|LTE|LTE|LTE|LTE,0.99983311|0.99987221|0.99988055|0.99984717|0.99980885|0.99986959|0.99988401|0.99986005,0.00009868|0.00007441|0.00007096|0.00009357|0.00011529|0.00007556|0.00006917|0.00008398
tr_external_uz_dvbt_f482_r02,79,6896,LTE,0.9366301894187927,0.06109035015106201,LTE,0.9998366758227348,9.947537910193205e-05,0,8,0,False,both_wrong,LTE|LTE|LTE|LTE|LTE|LTE|LTE|LTE,0.99976200|0.99986482|0.99981695|0.99984765|0.99987829|0.99981171|0.99988329|0.99982870,0.00015150|0.00008038|0.00010717|0.00009387|0.00007430|0.00011530|0.00006863|0.00010466
tr_external_uz_dvbt_f482_r02,80,6897,LTE,0.7183881402015686,0.2771318256855011,LTE,0.9998585060238838,8.564141171518713e-05,0,8,0,False,both_wrong,LTE|LTE|LTE|LTE|LTE|LTE|LTE|LTE,0.99986625|0.99982113|0.99985766|0.99987602|0.99983978|0.99985754|0.99987233|0.99987733,0.00007975|0.00011252|0.00008720|0.00007344|0.00009482|0.00008751|0.00007823|0.00007166
tr_external_uz_dvbt_f482_r02,81,6898,LTE,0.9726371169090271,0.026182204484939575,LTE,0.9998665228486061,8.006870211829664e-05,0,8,0,False,both_wrong,LTE|LTE|LTE|LTE|LTE|LTE|LTE|LTE,0.99981135|0.99990213|0.99989903|0.99985945|0.99983144|0.99986351|0.99987495|0.99989033,0.00011455|0.00005890|0.00006058|0.00008431|0.00010126|0.00008298|0.00007310|0.00006486
tr_external_uz_dvbt_f482_r02,82,6899,LTE,0.88128662109375,0.11555705964565277,LTE,0.99986532330513,8.011153931875015e-05,0,8,0,False,both_wrong,LTE|LTE|LTE|LTE|LTE|LTE|LTE|LTE,0.99986756|0.99984396|0.99988329|0.99987638|0.99985290|0.99985838|0.99986076|0.99987936,0.00008042|0.00009238|0.00006862|0.00007387|0.00008964|0.00008094|0.00008275|0.00007228
tr_external_uz_dvbt_f482_r02,83,6900,LTE,0.9889575839042664,0.010280069895088673,LTE,0.9998650029301643,8.112823252304224e-05,0,8,0,False,both_wrong,LTE|LTE|LTE|LTE|LTE|LTE|LTE|LTE,0.99990535|0.99986243|0.99988294|0.99987197|0.99985397|0.99985337|0.99979407|0.99989593,0.00005668|0.00008002|0.00006940|0.00007619|0.00009056|0.00008601|0.00012756|0.00006260
tr_external_uz_dvbt_f482_r02,84,6901,LTE,0.9787843823432922,0.0199689120054245,LTE,0.9998706057667732,7.72230214352021e-05,0,8,0,False,both_wrong,LTE|LTE|LTE|LTE|LTE|LTE|LTE|LTE,0.99987423|0.99987459|0.99984992|0.99990153|0.99989998|0.99982291|0.99985421|0.99988747,0.00007305|0.00007566|0.00008753|0.00005935|0.00005980|0.00010783|0.00008822|0.00006634
tr_external_uz_dvbt_f482_r02,85,6902,LTE,0.8133206367492676,0.1828306019306183,LTE,0.9998645931482315,8.111828992696246e-05,0,8,0,False,both_wrong,LTE|LTE|LTE|LTE|LTE|LTE|LTE|LTE,0.99986184|0.99985957|0.99985003|0.99986994|0.99987054|0.99985981|0.99986720|0.99987781,0.00008375|0.00008566|0.00009108|0.00007834|0.00007471|0.00008612|0.00007709|0.00007220
tr_external_uz_dvbt_f482_r02,86,6903,LTE,0.9811164140701294,0.01773207075893879,LTE,0.9998722821474075,7.602906862302916e-05,0,8,0,False,both_wrong,LTE|LTE|LTE|LTE|LTE|LTE|LTE|LTE,0.99987066|0.99986601|0.99985993|0.99989307|0.99985993|0.99987996|0.99987125|0.99987745,0.00007712|0.00008255|0.00008362|0.00006362|0.00008263|0.00007142|0.00007591|0.00007137
tr_external_uz_dvbt_f482_r02,87,6904,LTE,0.7978848814964294,0.1980907917022705,LTE,0.999871276319027,7.675737651879899e-05,0,8,0,False,both_wrong,LTE|LTE|LTE|LTE|LTE|LTE|LTE|LTE,0.99988747|0.99987030|0.99988627|0.99987602|0.99989176|0.99987268|0.99986017|0.99982554,0.00006647|0.00007518|0.00006770|0.00007279|0.00006526|0.00007603|0.00008217|0.00010846
tr_external_uz_dvbt_f482_r02,88,6905,LTE,0.9307901263237,0.06682467460632324,LTE,0.9998719245195389,7.545298467448447e-05,0,8,0,False,both_wrong,LTE|LTE|LTE|LTE|LTE|LTE|LTE|LTE,0.99987888|0.99984133|0.99988163|0.99987996|0.99988151|0.99987078|0.99986160|0.99987972,0.00007049|0.00009161|0.00006933|0.00007083|0.00007180|0.00007602|0.00008255|0.00007099
tr_external_uz_dvbt_f482_r02,89,6906,LTE,0.9812193512916565,0.017606493085622787,LTE,0.9998433291912079,9.456055704504251e-05,0,8,0,False,both_wrong,LTE|LTE|LTE|LTE|LTE|LTE|LTE|LTE,0.99981183|0.99984682|0.99981982|0.99986839|0.99985516|0.99984658|0.99984026|0.99985778,0.00011490|0.00008913|0.00011303|0.00007521|0.00008872|0.00009242|0.00009889|0.00008419
tr_external_uz_dvbt_f482_r02,90,6907,LTE,0.9138039946556091,0.08368076384067535,LTE,0.9998499751091003,8.790106267042574e-05,0,8,0,False,both_wrong,LTE|LTE|LTE|LTE|LTE|LTE|LTE|LTE,0.99986291|0.99983037|0.99986374|0.99981397|0.99985051|0.99982029|0.99985516|0.99990284,0.00007901|0.00010263|0.00007893|0.00011215|0.00008645|0.00009997|0.00008575|0.00005831
tr_external_uz_dvbt_f482_r02,91,6908,LTE,0.9968876242637634,0.0027096092235296965,LTE,0.9998645484447479,8.059314222919056e-05,0,8,0,False,both_wrong,LTE|LTE|LTE|LTE|LTE|LTE|LTE|LTE,0.99987519|0.99984837|0.99986041|0.99984431|0.99984491|0.99989092|0.99986601|0.99988627,0.00007439|0.00008967|0.00008540|0.00009207|0.00009328|0.00006452|0.00007742|0.00006800
tr_external_uz_dvbt_f482_r02,92,6909,LTE,0.841769278049469,0.15461306273937225,LTE,0.9998676925897598,7.929665571282385e-05,0,8,0,False,both_wrong,LTE|LTE|LTE|LTE|LTE|LTE|LTE|LTE,0.99987471|0.99984968|0.99988854|0.99985766|0.99989450|0.99983382|0.99986935|0.99987328,0.00007444|0.00008871|0.00006704|0.00008503|0.00006308|0.00010266|0.00007934|0.00007408
tr_external_uz_dvbt_f482_r02,93,6910,LTE,0.9805921316146851,0.018295878544449806,LTE,0.9998235628008842,0.00010808708884724183,0,8,0,False,both_wrong,LTE|LTE|LTE|LTE|LTE|LTE|LTE|LTE,0.99984300|0.99979967|0.99987900|0.99982280|0.99969745|0.99979562|0.99988508|0.99986589,0.00009486|0.00012482|0.00007069|0.00010503|0.00020141|0.00011996|0.00006814|0.00007979
tr_external_uz_dvbt_f482_r02,94,6911,LTE,0.9928615689277649,0.006503633689135313,LTE,0.9998701587319374,7.700365449636593e-05,0,8,0,False,both_wrong,LTE|LTE|LTE|LTE|LTE|LTE|LTE|LTE,0.99987352|0.99985778|0.99985909|0.99989796|0.99987566|0.99989867|0.99982554|0.99987304,0.00007834|0.00008389|0.00008417|0.00006085|0.00007396|0.00006038|0.00009984|0.00007460
tr_external_uz_dvbt_f482_r02,95,6912,LTE,0.9966956377029419,0.002913647796958685,LTE,0.9998741894960403,7.577778706036042e-05,0,8,0,False,both_wrong,LTE|LTE|LTE|LTE|LTE|LTE|LTE|LTE,0.99987388|0.99987578|0.99986959|0.99989259|0.99988115|0.99985290|0.99986553|0.99988210,0.00007408|0.00007534|0.00007812|0.00006435|0.00007225|0.00009019|0.00008223|0.00006965
tr_external_uz_dvbt_f482_r02,96,6913,LTE,0.8978535532951355,0.099308542907238,LTE,0.999861367046833,8.344633261003764e-05,0,8,0,False,both_wrong,LTE|LTE|LTE|LTE|LTE|LTE|LTE|LTE,0.99987280|0.99987423|0.99986112|0.99988103|0.99987733|0.99983847|0.99986780|0.99981815,0.00007660|0.00007487|0.00008257|0.00007181|0.00007282|0.00009525|0.00008001|0.00011365
tr_external_uz_dvbt_f482_r02,97,6914,LTE,0.7101191878318787,0.28540247678756714,LTE,0.9998414665460587,9.540042174194241e-05,0,8,0,False,both_wrong,LTE|LTE|LTE|LTE|LTE|LTE|LTE|LTE,0.99984872|0.99984062|0.99982113|0.99984312|0.99986780|0.99978679|0.99986911|0.99985445,0.00008664|0.00009841|0.00010978|0.00009428|0.00007892|0.00013387|0.00007658|0.00008474
tr_external_uz_dvbt_f482_r02,98,6915,LTE,0.9950802326202393,0.004381145350635052,LTE,0.9998540431261063,8.62659608173999e-05,0,8,0,False,both_wrong,LTE|LTE|LTE|LTE|LTE|LTE|LTE|LTE,0.99982846|0.99983346|0.99990141|0.99985111|0.99984753|0.99984956|0.99985576|0.99986506,0.00009790|0.00010031|0.00005935|0.00008697|0.00009406|0.00008644|0.00008305|0.00008205
tr_external_uz_dvbt_f482_r02,99,6916,LTE,0.9719088077545166,0.02664824388921261,LTE,0.9998610466718674,8.410356986132683e-05,0,8,0,False,both_wrong,LTE|LTE|LTE|LTE|LTE|LTE|LTE|LTE,0.99982977|0.99983132|0.99987018|0.99985111|0.99987626|0.99989855|0.99985898|0.99987221,0.00010337|0.00010308|0.00007768|0.00009116|0.00007377|0.00006103|0.00008568|0.00007707
tr_external_uz_dvbt_f482_r02,100,6917,LTE,0.9881458282470703,0.010958198457956314,LTE,0.9998529925942421,8.704786614543991e-05,0,8,0,False,both_wrong,LTE|LTE|LTE|LTE|LTE|LTE|LTE|LTE,0.99983418|0.99986207|0.99986088|0.99984026|0.99987447|0.99977738|0.99989152|0.99988317,0.00009515|0.00008219|0.00008005|0.00009861|0.00007502|0.00012877|0.00006550|0.00007109
tr_external_uz_dvbt_f482_r02,101,6918,LTE,0.9808939695358276,0.017974931746721268,LTE,0.9998644813895226,8.092023153949413e-05,0,8,0,False,both_wrong,LTE|LTE|LTE|LTE|LTE|LTE|LTE|LTE,0.99985731|0.99978048|0.99989653|0.99986947|0.99988830|0.99986398|0.99986053|0.99989927,0.00008675|0.00013284|0.00006162|0.00007576|0.00006704|0.00008168|0.00008145|0.00006022
tr_external_uz_dvbt_f482_r02,102,6919,LTE,0.9441184997558594,0.05369607359170914,LTE,0.999872475862503,7.500029460061342e-05,0,8,0,False,both_wrong,LTE|LTE|LTE|LTE|LTE|LTE|LTE|LTE,0.99986064|0.99988401|0.99985671|0.99987686|0.99988329|0.99987710|0.99987721|0.99986398,0.00008196|0.00006821|0.00008366|0.00007351|0.00006876|0.00007410|0.00007112|0.00007868
tr_external_uz_dvbt_f482_r02,103,6920,LTE,0.9770697355270386,0.021662261337041855,LTE,0.9998712688684464,7.732205813226756e-05,0,8,0,False,both_wrong,LTE|LTE|LTE|LTE|LTE|LTE|LTE|LTE,0.99983609|0.99988103|0.99989390|0.99985826|0.99988210|0.99986899|0.99986184|0.99988794,0.00010188|0.00007012|0.00006329|0.00008685|0.00007026|0.00007745|0.00008222|0.00006650
tr_external_uz_dvbt_f482_r02,104,6921,LTE,0.9991336464881897,0.0007269291672855616,LTE,0.9998655915260315,8.005526342458325e-05,0,8,0,False,both_wrong,LTE|LTE|LTE|LTE|LTE|LTE|LTE|LTE,0.99985433|0.99984086|0.99985719|0.99988353|0.99986076|0.99986672|0.99988949|0.99987185,0.00008739|0.00009861|0.00008485|0.00006923|0.00008046|0.00007791|0.00006575|0.00007624
tr_external_uz_dvbt_f482_r02,105,6922,LTE,0.9883124232292175,0.010871540755033493,LTE,0.999871514737606,7.642123000550782e-05,0,8,0,False,both_wrong,LTE|LTE|LTE|LTE|LTE|LTE|LTE|LTE,0.99989331|0.99989629|0.99983430|0.99990141|0.99986696|0.99988830|0.99981087|0.99988067,0.00006429|0.00006169|0.00009360|0.00005876|0.00007929|0.00006681|0.00011540|0.00007153
tr_external_uz_dvbt_f482_r02,106,6923,DVB-T,0.5024272203445435,0.5024272203445435,LTE,0.9998533427715302,8.762281595409149e-05,0,8,0,False,only_4096_correct,LTE|LTE|LTE|LTE|LTE|LTE|LTE|LTE,0.99984014|0.99987650|0.99980146|0.99987745|0.99983287|0.99988794|0.99982244|0.99988794,0.00009379|0.00007274|0.00011953|0.00007262|0.00010073|0.00006646|0.00010839|0.00006673
tr_external_uz_dvbt_f482_r02,107,6924,LTE,0.9499495029449463,0.048100609332323074,LTE,0.9998773634433746,7.254704723891336e-05,0,8,0,False,both_wrong,LTE|LTE|LTE|LTE|LTE|LTE|LTE|LTE,0.99988532|0.99987686|0.99985838|0.99987245|0.99987531|0.99988317|0.99988866|0.99987876,0.00006768|0.00007363|0.00008509|0.00007440|0.00007218|0.00006912|0.00006572|0.00007255
tr_external_uz_dvbt_f482_r02,108,6925,LTE,0.9561058878898621,0.04224657267332077,LTE,0.9998708963394165,7.716067511864821e-05,0,8,0,False,both_wrong,LTE|LTE|LTE|LTE|LTE|LTE|LTE|LTE,0.99987864|0.99984837|0.99987817|0.99989212|0.99990082|0.99986422|0.99987662|0.99982822,0.00007305|0.00009295|0.00007219|0.00006519|0.00005950|0.00008020|0.00007344|0.00010077
tr_external_uz_dvbt_f482_r02,109,6926,LTE,0.837363600730896,0.15898479521274567,LTE,0.999862551689148,8.162022550095571e-05,0,8,0,False,both_wrong,LTE|LTE|LTE|LTE|LTE|LTE|LTE|LTE,0.99989080|0.99983835|0.99987638|0.99985874|0.99988508|0.99987900|0.99983060|0.99984145,0.00006577|0.00009524|0.00007372|0.00008514|0.00006781|0.00007071|0.00010437|0.00009020
tr_external_uz_dvbt_f482_r02,110,6927,LTE,0.9841973185539246,0.014775389805436134,LTE,0.9998743832111359,7.464692635039683e-05,0,8,0,False,both_wrong,LTE|LTE|LTE|LTE|LTE|LTE|LTE|LTE,0.99987411|0.99988508|0.99986887|0.99990129|0.99988067|0.99986351|0.99985039|0.99987113,0.00007380|0.00006686|0.00008022|0.00005927|0.00007011|0.00008082|0.00008916|0.00007694
tr_external_uz_dvbt_f482_r02,111,6928,DVB-T,0.5551612377166748,0.5551612377166748,LTE,0.9998726397752762,7.606831150042126e-05,0,8,0,False,only_4096_correct,LTE|LTE|LTE|LTE|LTE|LTE|LTE|LTE,0.99988210|0.99984193|0.99987090|0.99986672|0.99986196|0.99989223|0.99989545|0.99986982,0.00007003|0.00009485|0.00007656|0.00008080|0.00008250|0.00006394|0.00006219|0.00007767
tr_external_uz_dvbt_f482_r02,112,6929,LTE,0.9937635064125061,0.005737940780818462,LTE,0.9998830258846283,6.94546606609947e-05,0,8,0,False,both_wrong,LTE|LTE|LTE|LTE|LTE|LTE|LTE|LTE,0.99990058|0.99988174|0.99987948|0.99988997|0.99985325|0.99991202|0.99987912|0.99986804,0.00005936|0.00007009|0.00006938|0.00006536|0.00008782|0.00005342|0.00007141|0.00007880
tr_external_uz_dvbt_f482_r02,113,6930,LTE,0.9741962552070618,0.024492809548974037,LTE,0.9998566880822182,8.652929409436183e-05,0,8,0,False,both_wrong,LTE|LTE|LTE|LTE|LTE|LTE|LTE|LTE,0.99986410|0.99984276|0.99985445|0.99984181|0.99988699|0.99985147|0.99981445|0.99989748,0.00008136|0.00009210|0.00008701|0.00009681|0.00006831|0.00009186|0.00011257|0.00006222
tr_external_uz_dvbt_f482_r02,114,6931,LTE,0.985757052898407,0.013285934925079346,LTE,0.9998811334371567,7.141683272493538e-05,0,8,0,False,both_wrong,LTE|LTE|LTE|LTE|LTE|LTE|LTE|LTE,0.99985862|0.99983215|0.99987483|0.99989700|0.99990034|0.99989438|0.99989057|0.99990118,0.00008447|0.00010420|0.00007437|0.00006166|0.00005978|0.00006271|0.00006493|0.00005921
tr_external_uz_dvbt_f482_r02,115,6932,LTE,0.5322055816650391,0.462461918592453,LTE,0.9998677223920822,7.924406418169383e-05,0,8,0,False,both_wrong,LTE|LTE|LTE|LTE|LTE|LTE|LTE|LTE,0.99989462|0.99981266|0.99989748|0.99987209|0.99989355|0.99989784|0.99984980|0.99982375,0.00006336|0.00011780|0.00006142|0.00007705|0.00006326|0.00006105|0.00009014|0.00009987
tr_external_uz_dvbt_f482_r02,116,6933,LTE,0.9628508687019348,0.03553878515958786,LTE,0.9998869895935059,6.739973832736723e-05,0,8,0,False,both_wrong,LTE|LTE|LTE|LTE|LTE|LTE|LTE|LTE,0.99987876|0.99988317|0.99986637|0.99989903|0.99988973|0.99989533|0.99988925|0.99989426,0.00007055|0.00006990|0.00008167|0.00006037|0.00006513|0.00006278|0.00006599|0.00006280
tr_external_uz_dvbt_f482_r02,117,6934,LTE,0.9981038570404053,0.0016399463638663292,LTE,0.9998652562499046,7.941043304526829e-05,0,8,0,False,both_wrong,LTE|LTE|LTE|LTE|LTE|LTE|LTE|LTE,0.99987447|0.99988079|0.99984539|0.99988210|0.99984121|0.99988067|0.99981922|0.99989820,0.00007395|0.00006997|0.00008759|0.00006845|0.00009618|0.00007209|0.00010627|0.00006078
tr_external_uz_dvbt_f482_r02,118,6935,LTE,0.7593489289283752,0.23616179823875427,LTE,0.9998727291822433,7.661045674467459e-05,0,8,0,False,both_wrong,LTE|LTE|LTE|LTE|LTE|LTE|LTE|LTE,0.99988246|0.99988961|0.99983203|0.99987459|0.99985957|0.99988520|0.99986422|0.99989414,0.00007197|0.00006546|0.00010282|0.00007569|0.00008159|0.00006847|0.00008353|0.00006334
tr_external_uz_dvbt_f482_r02,119,6936,LTE,0.8399243950843811,0.15642091631889343,LTE,0.9998566582798958,8.597435316914925e-05,0,8,0,False,both_wrong,LTE|LTE|LTE|LTE|LTE|LTE|LTE|LTE,0.99984896|0.99987364|0.99988341|0.99983752|0.99982578|0.99987316|0.99987507|0.99983573,0.00008945|0.00007337|0.00006844|0.00010086|0.00010809|0.00007417|0.00007284|0.00010058
tr_external_uz_dvbt_f482_r02,120,6937,LTE,0.9711262583732605,0.02736516296863556,LTE,0.9998698979616165,7.79327724558243e-05,0,8,0,False,both_wrong,LTE|LTE|LTE|LTE|LTE|LTE|LTE|LTE,0.99991632|0.99987233|0.99986494|0.99989140|0.99986267|0.99982846|0.99988139|0.99984169,0.00005153|0.00007678|0.00007758|0.00006556|0.00008336|0.00010544|0.00007028|0.00009293
tr_external_uz_dvbt_f482_r02,121,6938,LTE,0.9736559987068176,0.02494080923497677,LTE,0.9998658075928688,7.949840210130787e-05,0,8,0,False,both_wrong,LTE|LTE|LTE|LTE|LTE|LTE|LTE|LTE,0.99988258|0.99986482|0.99987876|0.99981505|0.99984515|0.99985909|0.99990487|0.99987614,0.00006954|0.00007906|0.00007032|0.00011103|0.00009034|0.00008539|0.00005714|0.00007317
tr_external_uz_dvbt_f482_r02,122,6939,LTE,0.9940458536148071,0.005413447041064501,LTE,0.9998749047517776,7.569490799141931e-05,0,8,0,False,both_wrong,LTE|LTE|LTE|LTE|LTE|LTE|LTE|LTE,0.99990380|0.99989772|0.99989772|0.99987328|0.99989915|0.99988019|0.99982542|0.99982196,0.00005785|0.00006119|0.00006128|0.00007460|0.00006001|0.00007121|0.00011012|0.00010929
tr_external_uz_dvbt_f482_r02,123,6940,LTE,0.9496921300888062,0.048232920467853546,LTE,0.9998744875192642,7.463470046786824e-05,0,8,0,False,both_wrong,LTE|LTE|LTE|LTE|LTE|LTE|LTE|LTE,0.99989569|0.99984241|0.99986601|0.99988770|0.99988210|0.99989724|0.99984491|0.99987984,0.00006213|0.00009490|0.00008082|0.00006637|0.00006887|0.00006128|0.00008865|0.00007407
tr_external_uz_dvbt_f482_r02,124,6941,LTE,0.7688202261924744,0.22689297795295715,LTE,0.9998771250247955,7.276789528987138e-05,0,8,0,False,both_wrong,LTE|LTE|LTE|LTE|LTE|LTE|LTE|LTE,0.99988699|0.99988401|0.99988425|0.99986589|0.99985564|0.99987912|0.99985421|0.99990690,0.00006700|0.00006868|0.00006885|0.00007940|0.00008477|0.00007407|0.00008295|0.00005643
tr_external_uz_dvbt_f482_r02,125,6942,LTE,0.9497842788696289,0.048588600009679794,LTE,0.9998700320720673,7.666497640457237e-05,0,8,0,False,both_wrong,LTE|LTE|LTE|LTE|LTE|LTE|LTE|LTE,0.99984741|0.99988341|0.99987376|0.99985719|0.99987113|0.99987161|0.99987531|0.99988043,0.00008749|0.00006826|0.00007326|0.00008682|0.00007538|0.00007828|0.00007305|0.00007078
tr_external_uz_dvbt_f482_r02,126,6943,LTE,0.6867184042930603,0.30871105194091797,LTE,0.9998545572161674,8.670860643178457e-05,0,8,0,False,both_wrong,LTE|LTE|LTE|LTE|LTE|LTE|LTE|LTE,0.99987268|0.99984205|0.99984264|0.99979323|0.99988842|0.99987710|0.99983108|0.99988925,0.00007464|0.00009167|0.00009214|0.00012609|0.00006674|0.00007268|0.00010361|0.00006609
tr_external_uz_dvbt_f482_r02,127,6944,LTE,0.9580055475234985,0.04009474068880081,LTE,0.9998713284730911,7.65772470003867e-05,0,8,0,False,both_wrong,LTE|LTE|LTE|LTE|LTE|LTE|LTE|LTE,0.99986243|0.99989939|0.99983001|0.99988854|0.99988294|0.99985397|0.99989605|0.99985731,0.00008034|0.00005989|0.00010528|0.00006594|0.00006940|0.00008570|0.00006196|0.00008410
tr_external_uz_dvbt_f482_r02,128,6945,LTE,0.7369903922080994,0.25861674547195435,LTE,0.9998618513345718,8.284801879199222e-05,0,8,0,False,both_wrong,LTE|LTE|LTE|LTE|LTE|LTE|LTE|LTE,0.99984610|0.99987853|0.99987817|0.99983191|0.99986804|0.99987745|0.99988639|0.99982822,0.00009585|0.00007138|0.00007328|0.00010375|0.00007792|0.00007366|0.00006810|0.00009885
tr_external_uz_dvbt_f482_r02,129,6946,LTE,0.9768242239952087,0.021914275363087654,LTE,0.9998709410429001,7.665096745768096e-05,0,8,0,False,both_wrong,LTE|LTE|LTE|LTE|LTE|LTE|LTE|LTE,0.99987531|0.99985051|0.99988115|0.99985754|0.99986970|0.99986875|0.99988198|0.99988258,0.00007317|0.00008952|0.00006978|0.00008305|0.00007545|0.00008080|0.00007022|0.00007123
tr_external_uz_dvbt_f482_r02,130,6947,LTE,0.9098484516143799,0.0872860923409462,LTE,0.9998666569590569,8.00949937911355e-05,0,8,0,False,both_wrong,LTE|LTE|LTE|LTE|LTE|LTE|LTE|LTE,0.99990296|0.99989200|0.99981731|0.99984467|0.99989045|0.99986959|0.99987245|0.99984384,0.00005822|0.00006424|0.00010808|0.00009507|0.00006484|0.00007971|0.00007736|0.00009323
tr_external_uz_dvbt_f482_r02,131,6948,LTE,0.8074244260787964,0.18870539963245392,LTE,0.9998769313097,7.292473856068682e-05,0,8,0,False,both_wrong,LTE|LTE|LTE|LTE|LTE|LTE|LTE|LTE,0.99986708|0.99986660|0.99988127|0.99989259|0.99988616|0.99988604|0.99987435|0.99986136,0.00007644|0.00007871|0.00007052|0.00006489|0.00006800|0.00006724|0.00007549|0.00008211
tr_external_uz_dvbt_f482_r02,132,6949,LTE,0.5345962047576904,0.46019247174263,LTE,0.9998750686645508,7.491650012525497e-05,0,8,0,False,both_wrong,LTE|LTE|LTE|LTE|LTE|LTE|LTE|LTE,0.99983251|0.99988389|0.99989522|0.99985325|0.99989986|0.99989128|0.99988210|0.99986243,0.00010170|0.00006976|0.00006269|0.00008559|0.00005984|0.00006455|0.00007141|0.00008380
tr_external_uz_dvbt_f482_r02,133,6950,LTE,0.8071584701538086,0.18876421451568604,LTE,0.9998640939593315,8.110390081128571e-05,0,8,0,False,both_wrong,LTE|LTE|LTE|LTE|LTE|LTE|LTE|LTE,0.99983966|0.99988055|0.99987161|0.99986386|0.99989498|0.99985981|0.99982470|0.99987757,0.00009399|0.00007210|0.00007476|0.00008190|0.00006250|0.00008537|0.00010604|0.00007218
tr_external_uz_dvbt_f482_r02,134,6951,LTE,0.5396410822868347,0.4549536108970642,LTE,0.9998518601059914,8.837905807013158e-05,0,8,0,False,both_wrong,LTE|LTE|LTE|LTE|LTE|LTE|LTE|LTE,0.99981123|0.99985170|0.99987602|0.99984872|0.99984157|0.99983668|0.99989796|0.99985099,0.00011199|0.00008688|0.00007210|0.00008863|0.00009428|0.00010156|0.00006131|0.00009029
tr_external_uz_dvbt_f482_r02,135,6952,LTE,0.5381757020950317,0.45642662048339844,LTE,0.9998526200652122,8.770369822741486e-05,0,8,0,False,both_wrong,LTE|LTE|LTE|LTE|LTE|LTE|LTE|LTE,0.99984586|0.99989533|0.99983895|0.99989307|0.99979168|0.99985635|0.99983370|0.99986601,0.00008905|0.00006257|0.00009396|0.00006348|0.00012698|0.00008919|0.00009622|0.00008018
tr_external_uz_dvbt_f482_r02,136,6953,LTE,0.9744438529014587,0.024142781272530556,LTE,0.9998572990298271,8.558627268939745e-05,0,8,0,False,both_wrong,LTE|LTE|LTE|LTE|LTE|LTE|LTE|LTE,0.99982458|0.99983895|0.99985242|0.99988353|0.99986994|0.99987757|0.99983478|0.99987662,0.00010273|0.00010002|0.00008758|0.00007154|0.00007789|0.00007291|0.00009752|0.00007451
tr_external_uz_dvbt_f482_r02,137,6954,DVB-T,0.6640759706497192,0.6640759706497192,LTE,0.9998649805784225,8.016480114747537e-05,0,8,0,False,only_4096_correct,LTE|LTE|LTE|LTE|LTE|LTE|LTE|LTE,0.99987805|0.99988186|0.99984825|0.99983466|0.99987447|0.99989176|0.99986351|0.99984729,0.00007359|0.00006927|0.00009050|0.00009538|0.00007491|0.00006516|0.00008155|0.00009096
tr_external_uz_dvbt_f482_r02,138,6955,LTE,0.982664167881012,0.01628933846950531,LTE,0.9998667389154434,7.971615923452191e-05,0,8,0,False,both_wrong,LTE|LTE|LTE|LTE|LTE|LTE|LTE|LTE,0.99984062|0.99989653|0.99985039|0.99986792|0.99988532|0.99987221|0.99986088|0.99986005,0.00009340|0.00006138|0.00009226|0.00007985|0.00006860|0.00007535|0.00008406|0.00008285
tr_external_uz_dvbt_f482_r02,139,6956,LTE,0.9145680069923401,0.08301571011543274,LTE,0.9998656958341599,7.947381163830869e-05,0,8,0,False,both_wrong,LTE|LTE|LTE|LTE|LTE|LTE|LTE|LTE,0.99986172|0.99983704|0.99989474|0.99987364|0.99987066|0.99988306|0.99984407|0.99986064,0.00007914|0.00009976|0.00006303|0.00007593|0.00007677|0.00006837|0.00009134|0.00008145
tr_external_uz_dvbt_f482_r02,140,6957,LTE,0.933599054813385,0.06410872936248779,LTE,0.9998539164662361,8.70241619850276e-05,0,8,0,False,both_wrong,LTE|LTE|LTE|LTE|LTE|LTE|LTE|LTE,0.99982280|0.99984121|0.99986494|0.99985993|0.99985301|0.99986565|0.99984181|0.99988198,0.00009822|0.00009280|0.00008129|0.00008689|0.00009016|0.00007904|0.00009510|0.00007269
tr_external_uz_dvbt_f482_r02,141,6958,LTE,0.8965081572532654,0.10046248137950897,LTE,0.9998669624328613,7.942536831251346e-05,0,8,0,False,both_wrong,LTE|LTE|LTE|LTE|LTE|LTE|LTE|LTE,0.99985862|0.99985003|0.99988127|0.99988723|0.99987257|0.99985623|0.99985349|0.99987626,0.00008536|0.00009168|0.00007086|0.00006854|0.00007885|0.00008279|0.00008445|0.00007288
tr_external_uz_dvbt_f482_r02,142,6959,LTE,0.8285914063453674,0.16814719140529633,LTE,0.9998588263988495,8.413003797613783e-05,0,8,0,False,both_wrong,LTE|LTE|LTE|LTE|LTE|LTE|LTE|LTE,0.99987745|0.99984705|0.99985969|0.99985456|0.99987876|0.99984622|0.99983907|0.99986780,0.00007469|0.00009284|0.00008179|0.00008431|0.00007255|0.00009391|0.00009607|0.00007687
tr_external_uz_dvbt_f482_r02,143,6960,LTE,0.8585390448570251,0.13833537697792053,LTE,0.99985271692276,8.889492892194539e-05,0,8,0,False,both_wrong,LTE|LTE|LTE|LTE|LTE|LTE|LTE|LTE,0.99985087|0.99983287|0.99987793|0.99988389|0.99983931|0.99982917|0.99983931|0.99986839,0.00008971|0.00010318|0.00007411|0.00007004|0.00009441|0.00010500|0.00009825|0.00007646
tr_external_uz_dvbt_f482_r02,144,6961,LTE,0.6146730780601501,0.38017889857292175,LTE,0.9998573511838913,8.605453422205755e-05,0,8,0,False,both_wrong,LTE|LTE|LTE|LTE|LTE|LTE|LTE|LTE,0.99984360|0.99989164|0.99984002|0.99983084|0.99987078|0.99983823|0.99988306|0.99986064,0.00009400|0.00006409|0.00009901|0.00009715|0.00007688|0.00009891|0.00007203|0.00008637
tr_external_uz_dvbt_f482_r02,145,6962,DVB-T,0.9048424363136292,0.9048424363136292,LTE,0.9998488277196884,9.03494128579041e-05,0,8,0,False,only_4096_correct,LTE|LTE|LTE|LTE|LTE|LTE|LTE|LTE,0.99977702|0.99987209|0.99987125|0.99978930|0.99987948|0.99985433|0.99987674|0.99987042,0.00013009|0.00007577|0.00007739|0.00012719|0.00007226|0.00008928|0.00007237|0.00007844
tr_external_uz_dvbt_f482_r02,146,6963,DVB-T,0.8716785311698914,0.8716785311698914,LTE,0.9998689144849777,7.771871833028854e-05,0,8,0,False,only_4096_correct,LTE|LTE|LTE|LTE|LTE|LTE|LTE|LTE,0.99984181|0.99986446|0.99985325|0.99989557|0.99985588|0.99990427|0.99985361|0.99988246,0.00009580|0.00007868|0.00008415|0.00006238|0.00008377|0.00005765|0.00008982|0.00006949
tr_external_uz_dvbt_f482_r02,147,6964,LTE,0.6165660619735718,0.3784424662590027,LTE,0.9998653531074524,8.00938669272e-05,0,8,0,False,both_wrong,LTE|LTE|LTE|LTE|LTE|LTE|LTE|LTE,0.99985695|0.99985385|0.99984872|0.99988675|0.99986219|0.99991488|0.99986303|0.99983644,0.00008482|0.00008559|0.00008959|0.00006669|0.00008133|0.00005164|0.00008038|0.00010070
tr_external_uz_dvbt_f482_r02,148,6965,LTE,0.9942728877067566,0.0051613785326480865,LTE,0.9998681023716927,7.836653185222531e-05,0,8,0,False,both_wrong,LTE|LTE|LTE|LTE|LTE|LTE|LTE|LTE,0.99988532|0.99988294|0.99986219|0.99987948|0.99989927|0.99980921|0.99988282|0.99984360,0.00006740|0.00006932|0.00008163|0.00007127|0.00006003|0.00011705|0.00006964|0.00009059
tr_external_uz_dvbt_f482_r02,149,6966,LTE,0.5094292759895325,0.48535215854644775,LTE,0.9998399242758751,9.599826626072172e-05,0,8,0,False,both_wrong,LTE|LTE|LTE|LTE|LTE|LTE|LTE|LTE,0.99983406|0.99985147|0.99984205|0.99985135|0.99985468|0.99985075|0.99983716|0.99979788,0.00009781|0.00009059|0.00009731|0.00009016|0.00008613|0.00008879|0.00009143|0.00012577
tr_external_uz_dvbt_f482_r02,150,6967,LTE,0.5635215640068054,0.43138816952705383,LTE,0.999847300350666,9.244782722817035e-05,0,8,0,False,both_wrong,LTE|LTE|LTE|LTE|LTE|LTE|LTE|LTE,0.99987948|0.99986112|0.99981958|0.99981481|0.99984777|0.99986470|0.99986589|0.99982506,0.00007169|0.00008602|0.00011229|0.00011429|0.00009080|0.00007969|0.00008264|0.00010217
tr_external_uz_dvbt_f482_r02,151,6968,LTE,0.8847489953041077,0.11214322596788406,LTE,0.9998641014099121,8.16386336737196e-05,0,8,0,False,both_wrong,LTE|LTE|LTE|LTE|LTE|LTE|LTE|LTE,0.99983001|0.99985528|0.99988914|0.99988127|0.99986827|0.99985027|0.99986875|0.99986982,0.00010014|0.00008563|0.00006526|0.00007020|0.00008169|0.00009300|0.00007886|0.00007834
tr_external_uz_dvbt_f482_r02,152,6969,LTE,0.7306212186813354,0.2654085159301758,LTE,0.999850258231163,8.904715377866523e-05,0,8,0,False,both_wrong,LTE|LTE|LTE|LTE|LTE|LTE|LTE|LTE,0.99989557|0.99982268|0.99984670|0.99986827|0.99987066|0.99976057|0.99986911|0.99986851,0.00006205|0.00009960|0.00009377|0.00007773|0.00007754|0.00014489|0.00007731|0.00007949
tr_external_uz_dvbt_f482_r02,153,6970,DVB-T,0.6535459756851196,0.6535459756851196,LTE,0.9998593926429749,8.467686348012649e-05,0,8,0,False,only_4096_correct,LTE|LTE|LTE|LTE|LTE|LTE|LTE|LTE,0.99986851|0.99986196|0.99984467|0.99988592|0.99988520|0.99983501|0.99985158|0.99984229,0.00007593|0.00008206|0.00009739|0.00006753|0.00006793|0.00010169|0.00008883|0.00009606
tr_external_uz_dvbt_f482_r02,154,6971,LTE,0.8096510767936707,0.18646778166294098,LTE,0.9998538494110107,8.771723514655605e-05,0,8,0,False,both_wrong,LTE|LTE|LTE|LTE|LTE|LTE|LTE|LTE,0.99981815|0.99988687|0.99983215|0.99989438|0.99986339|0.99982148|0.99984360|0.99987078,0.00011146|0.00006670|0.00010301|0.00006281|0.00007866|0.00010933|0.00009314|0.00007662
tr_external_uz_dvbt_f482_r02,155,6972,LTE,0.8442091345787048,0.15247812867164612,LTE,0.9998511597514153,8.964494281826774e-05,0,8,0,False,both_wrong,LTE|LTE|LTE|LTE|LTE|LTE|LTE|LTE,0.99985385|0.99982893|0.99986053|0.99983490|0.99982446|0.99984407|0.99988759|0.99987495,0.00008391|0.00010617|0.00008147|0.00010194|0.00011058|0.00009298|0.00006630|0.00007381
tr_external_uz_dvbt_f482_r02,156,6973,LTE,0.9758613705635071,0.02273714542388916,LTE,0.999859131872654,8.377201584153227e-05,0,8,0,False,both_wrong,LTE|LTE|LTE|LTE|LTE|LTE|LTE|LTE,0.99986899|0.99984956|0.99984610|0.99986160|0.99989879|0.99982160|0.99986243|0.99986398,0.00007664|0.00008903|0.00009332|0.00008235|0.00006071|0.00010598|0.00008140|0.00008075
tr_external_uz_dvbt_f482_r02,157,6974,LTE,0.5176775455474854,0.4771748483181,LTE,0.9998688697814941,7.806481607985916e-05,0,8,0,False,both_wrong,LTE|LTE|LTE|LTE|LTE|LTE|LTE|LTE,0.99987292|0.99989533|0.99984407|0.99988651|0.99984014|0.99989069|0.99985826|0.99986303,0.00007546|0.00006263|0.00008871|0.00006792|0.00009665|0.00006565|0.00008477|0.00008272
tr_external_uz_dvbt_f482_r02,158,6975,LTE,0.6571505069732666,0.3380509316921234,LTE,0.9998726546764374,7.710052477705176e-05,0,8,0,False,both_wrong,LTE|LTE|LTE|LTE|LTE|LTE|LTE|LTE,0.99988151|0.99983716|0.99987411|0.99985385|0.99990284|0.99986649|0.99990237|0.99986291,0.00007017|0.00009861|0.00007610|0.00008995|0.00005903|0.00008114|0.00005877|0.00008303
tr_external_uz_dvbt_f482_r02,159,6976,LTE,0.6157065629959106,0.37925979495048523,LTE,0.9998522698879242,8.844599506119266e-05,0,8,0,False,both_wrong,LTE|LTE|LTE|LTE|LTE|LTE|LTE|LTE,0.99988735|0.99986231|0.99986219|0.99986577|0.99984050|0.99982566|0.99981743|0.99985695,0.00006686|0.00008360|0.00007802|0.00008066|0.00009809|0.00010677|0.00010655|0.00008702
tr_external_uz_dvbt_f482_r02,160,6977,LTE,0.9958124756813049,0.00384018593467772,LTE,0.999859943985939,8.432916274614399e-05,0,8,0,False,both_wrong,LTE|LTE|LTE|LTE|LTE|LTE|LTE|LTE,0.99984717|0.99987745|0.99984694|0.99989438|0.99986947|0.99984097|0.99986064|0.99984252,0.00009156|0.00007406|0.00009561|0.00006306|0.00007680|0.00009779|0.00007947|0.00009630
tr_external_uz_dvbt_f482_r02,161,6978,LTE,0.9093899130821228,0.08816924691200256,LTE,0.9998509809374809,8.920823256630683e-05,0,8,0,False,both_wrong,LTE|LTE|LTE|LTE|LTE|LTE|LTE|LTE,0.99985087|0.99975628|0.99985313|0.99987268|0.99986494|0.99985719|0.99988759|0.99986517,0.00009049|0.00014608|0.00008782|0.00007414|0.00008177|0.00008462|0.00006694|0.00008180
tr_external_uz_dvbt_f482_r02,162,6979,LTE,0.8776129484176636,0.11930409073829651,LTE,0.9998526498675346,8.783266366663156e-05,0,8,0,False,both_wrong,LTE|LTE|LTE|LTE|LTE|LTE|LTE|LTE,0.99987185|0.99984348|0.99989140|0.99980158|0.99985480|0.99985874|0.99984562|0.99985373,0.00007490|0.00009538|0.00006458|0.00012177|0.00008551|0.00008141|0.00008901|0.00009011
tr_external_uz_dvbt_f482_r02,163,6980,LTE,0.6701266765594482,0.325077086687088,LTE,0.9998664408922195,7.87599910836434e-05,0,8,0,False,both_wrong,LTE|LTE|LTE|LTE|LTE|LTE|LTE|LTE,0.99987936|0.99989545|0.99984980|0.99988937|0.99987173|0.99987781|0.99983728|0.99983072,0.00007027|0.00006260|0.00008669|0.00006716|0.00007453|0.00007145|0.00009451|0.00010287
tr_external_uz_dvbt_f482_r02,164,6981,LTE,0.7976294159889221,0.1983732432126999,LTE,0.9998501986265182,8.976442768471316e-05,0,8,0,False,both_wrong,LTE|LTE|LTE|LTE|LTE|LTE|LTE|LTE,0.99977773|0.99988294|0.99985933|0.99984777|0.99986565|0.99986613|0.99981493|0.99988711,0.00013864|0.00007005|0.00008617|0.00009071|0.00007741|0.00007922|0.00010780|0.00006812
tr_external_uz_dvbt_f482_r02,165,6982,LTE,0.9827448725700378,0.01612859219312668,LTE,0.9998649954795837,7.897797422629083e-05,0,8,0,False,both_wrong,LTE|LTE|LTE|LTE|LTE|LTE|LTE|LTE,0.99982977|0.99988985|0.99985969|0.99985826|0.99988282|0.99987876|0.99988019|0.99984062,0.00009713|0.00006505|0.00007928|0.00008569|0.00006851|0.00007252|0.00006987|0.00009377
tr_external_uz_dvbt_f482_r02,166,6983,DVB-T,0.6087601184844971,0.6087601184844971,LTE,0.9998782575130463,7.273154051290476e-05,0,8,0,False,only_4096_correct,LTE|LTE|LTE|LTE|LTE|LTE|LTE|LTE,0.99985552|0.99985743|0.99989963|0.99989164|0.99986231|0.99990857|0.99989080|0.99986017,0.00008271|0.00008488|0.00006024|0.00006539|0.00008185|0.00005525|0.00006464|0.00008690
tr_external_uz_dvbt_f482_r02,167,6984,LTE,0.8614827990531921,0.1352047324180603,LTE,0.9998797625303268,7.239611113618594e-05,0,8,0,False,both_wrong,LTE|LTE|LTE|LTE|LTE|LTE|LTE|LTE,0.99989402|0.99989235|0.99990046|0.99986720|0.99987781|0.99986434|0.99987948|0.99986243,0.00006353|0.00006502|0.00005966|0.00008058|0.00007428|0.00008112|0.00007168|0.00008331
tr_external_uz_dvbt_f482_r02,168,6985,LTE,0.6781435012817383,0.3170117139816284,LTE,0.9998660385608673,7.993565031938488e-05,0,8,0,False,both_wrong,LTE|LTE|LTE|LTE|LTE|LTE|LTE|LTE,0.99984407|0.99984717|0.99987388|0.99986863|0.99987078|0.99989724|0.99984014|0.99988639,0.00009339|0.00009238|0.00007461|0.00007632|0.00007681|0.00006135|0.00009754|0.00006708
tr_external_uz_dvbt_f482_r02,169,6986,LTE,0.9641841053962708,0.03409202769398689,LTE,0.9998508989810944,9.012466171043343e-05,0,8,0,False,both_wrong,LTE|LTE|LTE|LTE|LTE|LTE|LTE|LTE,0.99981409|0.99985075|0.99986577|0.99987066|0.99990129|0.99984074|0.99985087|0.99981302,0.00011268|0.00009011|0.00008004|0.00007756|0.00005949|0.00009656|0.00009136|0.00011320
tr_external_uz_dvbt_f482_r02,170,6987,LTE,0.9647010564804077,0.03370713070034981,LTE,0.9998673051595688,7.830193590052659e-05,0,8,0,False,both_wrong,LTE|LTE|LTE|LTE|LTE|LTE|LTE|LTE,0.99983144|0.99987459|0.99986565|0.99988866|0.99985957|0.99986053|0.99989212|0.99986589,0.00010051|0.00007487|0.00008068|0.00006573|0.00007872|0.00007879|0.00006482|0.00008229
tr_external_uz_dvbt_f482_r02,171,6988,DVB-T,0.8125262260437012,0.8125262260437012,LTE,0.999874472618103,7.480895328626502e-05,0,8,0,False,only_4096_correct,LTE|LTE|LTE|LTE|LTE|LTE|LTE|LTE,0.99984610|0.99987698|0.99989223|0.99987733|0.99986732|0.99986935|0.99987268|0.99989378,0.00009098|0.00007404|0.00006423|0.00007255|0.00007690|0.00007910|0.00007675|0.00006392
tr_external_uz_dvbt_f482_r02,172,6989,DVB-T,0.7237136363983154,0.7237136363983154,LTE,0.9998510181903839,8.870902092894539e-05,0,8,0,False,only_4096_correct,LTE|LTE|LTE|LTE|LTE|LTE|LTE|LTE,0.99987626|0.99987876|0.99980277|0.99984133|0.99986863|0.99985301|0.99988782|0.99979955,0.00007192|0.00007228|0.00011625|0.00009418|0.00007813|0.00008582|0.00006659|0.00012450
tr_external_uz_dvbt_f482_r02,173,6990,LTE,0.7827365398406982,0.2132924497127533,LTE,0.9998634457588196,8.067461931204889e-05,0,8,0,False,both_wrong,LTE|LTE|LTE|LTE|LTE|LTE|LTE|LTE,0.99987352|0.99988747|0.99986589|0.99988127|0.99987328|0.99984169|0.99983966|0.99984479,0.00007430|0.00006590|0.00007962|0.00006938|0.00007493|0.00009781|0.00009003|0.00009343
tr_external_uz_dvbt_f482_r02,174,6991,LTE,0.6463651061058044,0.3486105501651764,LTE,0.9998569115996361,8.552528925065417e-05,0,8,0,False,both_wrong,LTE|LTE|LTE|LTE|LTE|LTE|LTE|LTE,0.99985576|0.99986076|0.99987793|0.99987221|0.99988389|0.99980479|0.99984157|0.99985838,0.00008501|0.00008089|0.00007261|0.00007486|0.00007015|0.00011856|0.00009722|0.00008489
tr_external_uz_dvbt_f482_r02,175,6992,LTE,0.9261226654052734,0.07163006067276001,LTE,0.9998442679643631,9.313406826549908e-05,0,8,0,False,both_wrong,LTE|LTE|LTE|LTE|LTE|LTE|LTE|LTE,0.99986839|0.99984932|0.99985051|0.99984515|0.99980551|0.99986851|0.99985111|0.99981564,0.00007706|0.00009149|0.00008765|0.00009093|0.00011930|0.00007853|0.00009179|0.00010833
tr_external_uz_dvbt_f482_r02,176,6993,LTE,0.9215424060821533,0.07593856751918793,LTE,0.9998618513345718,8.187188541342039e-05,0,8,0,False,both_wrong,LTE|LTE|LTE|LTE|LTE|LTE|LTE|LTE,0.99989641|0.99986112|0.99988067|0.99987638|0.99985981|0.99984956|0.99983370|0.99983716,0.00006172|0.00008280|0.00007267|0.00007296|0.00008401|0.00009151|0.00009434|0.00009496
tr_external_uz_dvbt_f482_r02,177,6994,LTE,0.9797705411911011,0.019139058887958527,LTE,0.9998581185936928,8.606990468251752e-05,0,8,0,False,both_wrong,LTE|LTE|LTE|LTE|LTE|LTE|LTE|LTE,0.99983335|0.99988365|0.99986351|0.99988329|0.99988019|0.99977106|0.99988127|0.99986863,0.00010262|0.00006915|0.00008034|0.00006892|0.00007364|0.00014598|0.00006932|0.00007859
tr_external_uz_dvbt_f482_r02,178,6995,LTE,0.8509184718132019,0.14577551186084747,LTE,0.999868132174015,7.854078558011679e-05,0,8,0,False,both_wrong,LTE|LTE|LTE|LTE|LTE|LTE|LTE|LTE,0.99989069|0.99987936|0.99985278|0.99988639|0.99987590|0.99981779|0.99986410|0.99987805,0.00006586|0.00007128|0.00008591|0.00006677|0.00007384|0.00010858|0.00008197|0.00007412
tr_external_uz_dvbt_f482_r02,179,6996,LTE,0.9842991828918457,0.014631682075560093,LTE,0.999860867857933,8.26465557111078e-05,0,8,0,False,both_wrong,LTE|LTE|LTE|LTE|LTE|LTE|LTE|LTE,0.99985862|0.99985981|0.99985528|0.99988556|0.99984884|0.99987280|0.99987292|0.99983311,0.00008474|0.00008494|0.00008552|0.00006733|0.00008709|0.00007575|0.00007750|0.00009831
tr_external_uz_dvbt_f482_r02,180,6997,LTE,0.8640495538711548,0.1325683891773224,LTE,0.9998604953289032,8.279196754301665e-05,0,8,0,False,both_wrong,LTE|LTE|LTE|LTE|LTE|LTE|LTE|LTE,0.99986839|0.99983358|0.99986625|0.99985397|0.99988413|0.99986625|0.99986923|0.99984217,0.00007935|0.00009783|0.00008104|0.00008835|0.00006814|0.00007781|0.00007696|0.00009286
tr_external_uz_dvbt_f482_r02,181,6998,LTE,0.9956764578819275,0.0038600654806941748,LTE,0.9998447522521019,9.301560021413025e-05,0,8,0,False,both_wrong,LTE|LTE|LTE|LTE|LTE|LTE|LTE|LTE,0.99988496|0.99973768|0.99987447|0.99984968|0.99983644|0.99988270|0.99983299|0.99985909,0.00006771|0.00016329|0.00007337|0.00008965|0.00009713|0.00006919|0.00009954|0.00008424
tr_external_uz_dvbt_f482_r02,182,6999,LTE,0.9949433207511902,0.004595447331666946,LTE,0.9998732656240463,7.512801767006749e-05,0,8,0,False,both_wrong,LTE|LTE|LTE|LTE|LTE|LTE|LTE|LTE,0.99987006|0.99985194|0.99988246|0.99986815|0.99985445|0.99987400|0.99990284|0.99988222,0.00007940|0.00008850|0.00007044|0.00007692|0.00008291|0.00007479|0.00005832|0.00006974
tr_external_uz_dvbt_f482_r02,183,7000,LTE,0.9669578671455383,0.03145410865545273,LTE,0.9998614490032196,8.236531766669941e-05,0,8,0,False,both_wrong,LTE|LTE|LTE|LTE|LTE|LTE|LTE|LTE,0.99982738|0.99985659|0.99986887|0.99989867|0.99983406|0.99985826|0.99987638|0.99987137,0.00010001|0.00008913|0.00007704|0.00006096|0.00010177|0.00008169|0.00007247|0.00007584
tr_external_uz_dvbt_f482_r02,184,7001,LTE,0.9805408120155334,0.018375104293227196,LTE,0.9998840093612671,6.975542100917664e-05,0,8,0,False,both_wrong,LTE|LTE|LTE|LTE|LTE|LTE|LTE|LTE,0.99990642|0.99989414|0.99985933|0.99989438|0.99987853|0.99990773|0.99986029|0.99987125,0.00005635|0.00006312|0.00008438|0.00006321|0.00007123|0.00005559|0.00008690|0.00007728
tr_external_uz_dvbt_f482_r02,185,7002,LTE,0.9998279809951782,0.00012526796490419656,LTE,0.9998767226934433,7.439184537361143e-05,0,8,0,False,both_wrong,LTE|LTE|LTE|LTE|LTE|LTE|LTE|LTE,0.99987781|0.99985957|0.99988961|0.99987042|0.99988806|0.99988294|0.99984956|0.99989581,0.00007459|0.00008661|0.00006614|0.00007635|0.00006719|0.00006921|0.00009256|0.00006248
tr_external_uz_dvbt_f482_r02,186,7003,LTE,0.9808942079544067,0.017997534945607185,LTE,0.9998725205659866,7.526629633503035e-05,0,8,0,False,both_wrong,LTE|LTE|LTE|LTE|LTE|LTE|LTE|LTE,0.99989831|0.99990165|0.99986565|0.99988568|0.99984801|0.99983633|0.99986970|0.99987483,0.00006091|0.00005879|0.00008150|0.00006704|0.00009035|0.00009479|0.00007643|0.00007231
tr_external_uz_dvbt_f482_r02,187,7004,LTE,0.9550220370292664,0.04314624145627022,LTE,0.9998849630355835,6.800421670050127e-05,0,8,0,False,both_wrong,LTE|LTE|LTE|LTE|LTE|LTE|LTE|LTE,0.99987435|0.99987531|0.99987507|0.99986279|0.99988484|0.99992847|0.99989009|0.99988878,0.00007531|0.00007299|0.00007327|0.00007937|0.00006738|0.00004399|0.00006554|0.00006618
tr_external_uz_dvbt_f482_r02,188,7005,LTE,0.8733885288238525,0.12337057292461395,LTE,0.9998665452003479,7.897294472059002e-05,0,8,0,False,both_wrong,LTE|LTE|LTE|LTE|LTE|LTE|LTE|LTE,0.99987054|0.99985838|0.99986947|0.99987042|0.99988008|0.99986684|0.99984634|0.99987030,0.00007705|0.00008259|0.00007654|0.00007887|0.00007007|0.00008035|0.00009129|0.00007502
tr_external_uz_dvbt_f482_r02,189,7006,LTE,0.666715145111084,0.3284178078174591,LTE,0.9998679310083389,7.827414628991392e-05,0,8,0,False,both_wrong,LTE|LTE|LTE|LTE|LTE|LTE|LTE|LTE,0.99989510|0.99987316|0.99988973|0.99988139|0.99984765|0.99983776|0.99988568|0.99983299,0.00006266|0.00007357|0.00006544|0.00007269|0.00009018|0.00009212|0.00006913|0.00010040
tr_external_uz_dvbt_f482_r02,190,7007,LTE,0.9858269095420837,0.013246850110590458,LTE,0.9998718500137329,7.566913063783431e-05,0,8,0,False,both_wrong,LTE|LTE|LTE|LTE|LTE|LTE|LTE|LTE,0.99988568|0.99987292|0.99986994|0.99986947|0.99984396|0.99987042|0.99988163|0.99988079,0.00006758|0.00007481|0.00007554|0.00007783|0.00008869|0.00007942|0.00007049|0.00007098
tr_external_uz_dvbt_f482_r02,191,7008,LTE,0.8894282579421997,0.1075623631477356,LTE,0.9998794794082642,7.189248390204739e-05,0,8,0,False,both_wrong,LTE|LTE|LTE|LTE|LTE|LTE|LTE|LTE,0.99988866|0.99988508|0.99988568|0.99988616|0.99988079|0.99983478|0.99989247|0.99988222,0.00006596|0.00006801|0.00006832|0.00006791|0.00007151|0.00010024|0.00006404|0.00006916
tr_external_uz_dvbt_f482_r02,192,7009,LTE,0.9917988777160645,0.0074807265773415565,LTE,0.9998711571097374,7.672900983379805e-05,0,8,0,False,both_wrong,LTE|LTE|LTE|LTE|LTE|LTE|LTE|LTE,0.99985194|0.99986708|0.99990201|0.99987316|0.99981648|0.99988389|0.99990129|0.99987340,0.00008957|0.00007972|0.00005884|0.00007383|0.00010743|0.00006962|0.00005921|0.00007561
tr_external_uz_dvbt_f482_r02,193,7010,LTE,0.951897382736206,0.04625582695007324,LTE,0.9998696893453598,7.810398437868571e-05,0,8,0,False,both_wrong,LTE|LTE|LTE|LTE|LTE|LTE|LTE|LTE,0.99988484|0.99985862|0.99986899|0.99988437|0.99985147|0.99988246|0.99986935|0.99985743,0.00006943|0.00008311|0.00007885|0.00006898|0.00008995|0.00006921|0.00008016|0.00008514
tr_external_uz_dvbt_f482_r02,194,7011,LTE,0.987006425857544,0.012069913558661938,LTE,0.9998787641525269,7.293810040209792e-05,0,8,0,False,both_wrong,LTE|LTE|LTE|LTE|LTE|LTE|LTE|LTE,0.99986231|0.99987841|0.99988592|0.99990463|0.99988425|0.99987912|0.99989343|0.99984205,0.00008502|0.00007283|0.00006721|0.00005751|0.00006797|0.00007037|0.00006461|0.00009799
tr_external_uz_dvbt_f482_r02,195,7012,LTE,0.9841054081916809,0.014802554622292519,LTE,0.999868780374527,7.786692003719509e-05,0,8,0,False,both_wrong,LTE|LTE|LTE|LTE|LTE|LTE|LTE|LTE,0.99987030|0.99984980|0.99989545|0.99984252|0.99987555|0.99987650|0.99986804|0.99987209,0.00007507|0.00009240|0.00006243|0.00009315|0.00007382|0.00007452|0.00007651|0.00007504
tr_external_uz_dvbt_f482_r02,196,7013,LTE,0.9978249073028564,0.0019003561465069652,LTE,0.9998781979084015,7.280416957655689e-05,0,8,0,False,both_wrong,LTE|LTE|LTE|LTE|LTE|LTE|LTE|LTE,0.99989760|0.99986422|0.99989295|0.99989438|0.99987495|0.99984384|0.99988556|0.99987209,0.00006274|0.00008109|0.00006357|0.00006284|0.00007616|0.00009063|0.00006860|0.00007680
tr_external_uz_dvbt_f482_r02,197,7014,LTE,0.9052610397338867,0.09179376065731049,LTE,0.9998748898506165,7.433431483150343e-05,0,8,0,False,both_wrong,LTE|LTE|LTE|LTE|LTE|LTE|LTE|LTE,0.99985373|0.99986374|0.99990320|0.99988043|0.99989080|0.99987197|0.99985135|0.99988389,0.00008877|0.00007955|0.00005818|0.00006985|0.00006510|0.00007480|0.00008994|0.00006849
tr_external_uz_dvbt_f482_r02,198,7015,LTE,0.7934121489524841,0.20253725349903107,LTE,0.9998720437288284,7.636639975316939e-05,0,8,0,False,both_wrong,LTE|LTE|LTE|LTE|LTE|LTE|LTE|LTE,0.99987948|0.99985027|0.99985540|0.99989295|0.99987137|0.99989915|0.99987805|0.99984968,0.00007134|0.00009170|0.00008762|0.00006383|0.00007729|0.00006022|0.00007351|0.00008542
tr_external_uz_dvbt_f482_r02,199,7016,LTE,0.9136912822723389,0.0836566910147667,LTE,0.9998485818505287,9.10397438929067e-05,0,8,0,False,both_wrong,LTE|LTE|LTE|LTE|LTE|LTE|LTE|LTE,0.99984288|0.99989223|0.99983692|0.99981016|0.99986160|0.99983740|0.99984181|0.99986565,0.00009657|0.00006467|0.00009976|0.00011566|0.00008322|0.00009793|0.00009165|0.00007887
tr_external_uz_dvbt_f482_r02,200,7017,LTE,0.9818627238273621,0.016969135031104088,LTE,0.9998679906129837,7.821696181053994e-05,0,8,0,False,both_wrong,LTE|LTE|LTE|LTE|LTE|LTE|LTE|LTE,0.99985659|0.99988067|0.99982786|0.99989021|0.99986482|0.99986982|0.99988604|0.99986792,0.00008402|0.00007105|0.00010447|0.00006524|0.00007916|0.00007621|0.00006709|0.00007850
tr_external_uz_dvbt_f482_r02,201,7018,LTE,0.8695279955863953,0.1275419443845749,LTE,0.999841995537281,9.451414553041104e-05,0,8,0,False,both_wrong,LTE|LTE|LTE|LTE|LTE|LTE|LTE|LTE,0.99987447|0.99981636|0.99981517|0.99983203|0.99987149|0.99981123|0.99984622|0.99986899,0.00007499|0.00010962|0.00011384|0.00010004|0.00007609|0.00011314|0.00009301|0.00007538
tr_external_uz_dvbt_f482_r02,202,7019,LTE,0.978451132774353,0.020376069471240044,LTE,0.9998560026288033,8.681030112711596e-05,0,8,0,False,both_wrong,LTE|LTE|LTE|LTE|LTE|LTE|LTE|LTE,0.99984360|0.99981064|0.99990106|0.99986732|0.99988079|0.99984801|0.99984252|0.99985409,0.00009396|0.00011810|0.00005971|0.00007686|0.00006999|0.00009348|0.00009728|0.00008510
tr_external_uz_dvbt_f482_r02,203,7020,LTE,0.9397863149642944,0.058080531656742096,LTE,0.9998605102300644,8.289874858746771e-05,0,8,0,False,both_wrong,LTE|LTE|LTE|LTE|LTE|LTE|LTE|LTE,0.99983859|0.99987173|0.99986231|0.99985492|0.99988949|0.99985147|0.99987113|0.99984443,0.00009925|0.00007495|0.00007984|0.00008607|0.00006669|0.00008793|0.00007890|0.00008956
tr_external_uz_dvbt_f482_r02,204,7021,LTE,0.9788469672203064,0.01999843493103981,LTE,0.9998686611652374,7.88003394518455e-05,0,8,0,False,both_wrong,LTE|LTE|LTE|LTE|LTE|LTE|LTE|LTE,0.99983191|0.99987495|0.99988496|0.99986923|0.99987483|0.99983466|0.99987245|0.99990630,0.00010062|0.00007375|0.00006814|0.00007754|0.00007615|0.00010209|0.00007532|0.00005678
tr_external_uz_dvbt_f482_r02,205,7022,LTE,0.99212646484375,0.007192729972302914,LTE,0.9998751282691956,7.3830871770042e-05,0,8,0,False,both_wrong,LTE|LTE|LTE|LTE|LTE|LTE|LTE|LTE,0.99986041|0.99985600|0.99991989|0.99984801|0.99987650|0.99987853|0.99991107|0.99985063,0.00008323|0.00008604|0.00004897|0.00008908|0.00007246|0.00007054|0.00005372|0.00008661
tr_external_uz_dvbt_f482_r02,206,7023,LTE,0.8690952062606812,0.12757226824760437,LTE,0.9998659193515778,8.048793279158417e-05,0,8,0,False,both_wrong,LTE|LTE|LTE|LTE|LTE|LTE|LTE|LTE,0.99986672|0.99986303|0.99987447|0.99986959|0.99985659|0.99987602|0.99988377|0.99983716,0.00008239|0.00008125|0.00007521|0.00007979|0.00008442|0.00007598|0.00006953|0.00009534
tr_external_uz_dvbt_f482_r02,207,7024,LTE,0.9948286414146423,0.004642953164875507,LTE,0.9998648688197136,8.022307792998618e-05,0,8,0,False,both_wrong,LTE|LTE|LTE|LTE|LTE|LTE|LTE|LTE,0.99986708|0.99986374|0.99987566|0.99988937|0.99978882|0.99985862|0.99987936|0.99989629,0.00007811|0.00007994|0.00007313|0.00006616|0.00012638|0.00008383|0.00007077|0.00006346
tr_external_uz_dvbt_f482_r02,208,7025,LTE,0.9026474952697754,0.0948246568441391,LTE,0.9998442903161049,9.450321340409573e-05,0,8,0,False,both_wrong,LTE|LTE|LTE|LTE|LTE|LTE|LTE|LTE,0.99986184|0.99988818|0.99984658|0.99984121|0.99984086|0.99980706|0.99983013|0.99983847,0.00008128|0.00006649|0.00009215|0.00009648|0.00009632|0.00011990|0.00010410|0.00009931
tr_external_uz_dvbt_f482_r02,209,7026,LTE,0.9337044358253479,0.06393957138061523,LTE,0.9998776316642761,7.23110656508652e-05,0,8,0,False,both_wrong,LTE|LTE|LTE|LTE|LTE|LTE|LTE|LTE,0.99988663|0.99986315|0.99990106|0.99986279|0.99988663|0.99986899|0.99988151|0.99987030,0.00006795|0.00008051|0.00005941|0.00008178|0.00006824|0.00007606|0.00006848|0.00007604
tr_external_uz_dvbt_f482_r02,210,7027,LTE,0.9963022470474243,0.0032482461538165808,LTE,0.9998814612627029,7.043955338303931e-05,0,8,0,False,both_wrong,LTE|LTE|LTE|LTE|LTE|LTE|LTE|LTE,0.99989283|0.99988043|0.99987006|0.99987030|0.99990237|0.99988949|0.99988449|0.99986172,0.00006357|0.00007119|0.00007699|0.00007670|0.00005878|0.00006597|0.00006741|0.00008290
tr_external_uz_dvbt_f482_r02,211,7028,LTE,0.967026948928833,0.03157757595181465,LTE,0.9998730272054672,7.559001960544265e-05,0,8,0,False,both_wrong,LTE|LTE|LTE|LTE|LTE|LTE|LTE|LTE,0.99985874|0.99986386|0.99987268|0.99986482|0.99990451|0.99987221|0.99987102|0.99987638,0.00008485|0.00008274|0.00007657|0.00007820|0.00005746|0.00007762|0.00007500|0.00007229
tr_external_uz_dvbt_f482_r02,212,7029,LTE,0.9834483861923218,0.015476720407605171,LTE,0.999862939119339,8.193310895876493e-05,0,8,0,False,both_wrong,LTE|LTE|LTE|LTE|LTE|LTE|LTE|LTE,0.99984527|0.99986219|0.99989223|0.99985623|0.99987066|0.99987721|0.99986589|0.99983382,0.00009256|0.00008039|0.00006645|0.00008684|0.00007509|0.00007314|0.00007875|0.00010225
tr_external_uz_dvbt_f482_r02,213,7030,LTE,0.9920291304588318,0.00736734364181757,LTE,0.9998581558465958,8.451791472907644e-05,0,8,0,False,both_wrong,LTE|LTE|LTE|LTE|LTE|LTE|LTE|LTE,0.99987316|0.99983799|0.99988258|0.99988282|0.99983346|0.99984312|0.99986136|0.99985075,0.00007313|0.00009896|0.00007017|0.00006838|0.00009810|0.00009692|0.00008295|0.00008753
tr_external_uz_dvbt_f482_r02,214,7031,LTE,0.9907655715942383,0.00852108933031559,LTE,0.9998592510819435,8.269435693364358e-05,0,8,0,False,both_wrong,LTE|LTE|LTE|LTE|LTE|LTE|LTE|LTE,0.99985027|0.99988830|0.99982399|0.99986601|0.99986172|0.99986386|0.99986267|0.99985719,0.00008471|0.00006606|0.00010370|0.00007818|0.00008109|0.00008008|0.00008269|0.00008503
tr_external_uz_dvbt_f482_r02,215,7032,LTE,0.9218876361846924,0.07573255896568298,LTE,0.999854065477848,8.839792917569866e-05,0,8,0,False,both_wrong,LTE|LTE|LTE|LTE|LTE|LTE|LTE|LTE,0.99985731|0.99988294|0.99982709|0.99986041|0.99984169|0.99985349|0.99982953|0.99988008,0.00008441|0.00007091|0.00010514|0.00008322|0.00009816|0.00008920|0.00010385|0.00007230
tr_external_uz_dvbt_f482_r02,216,7033,LTE,0.9920806288719177,0.007290273439139128,LTE,0.9998544752597809,8.731524212635122e-05,0,8,0,False,both_wrong,LTE|LTE|LTE|LTE|LTE|LTE|LTE|LTE,0.99985838|0.99983203|0.99985468|0.99986613|0.99986422|0.99983537|0.99987650|0.99984848,0.00008703|0.00010143|0.00008592|0.00007847|0.00007927|0.00010026|0.00007368|0.00009247
tr_external_uz_dvbt_f482_r02,217,7034,LTE,0.9962150454521179,0.003395970445126295,LTE,0.9998731166124344,7.589741017000051e-05,0,8,0,False,both_wrong,LTE|LTE|LTE|LTE|LTE|LTE|LTE|LTE,0.99989617|0.99986374|0.99989009|0.99986434|0.99990451|0.99987328|0.99983394|0.99985886,0.00006230|0.00008076|0.00006484|0.00008251|0.00005727|0.00007533|0.00010015|0.00008401
tr_external_uz_dvbt_f482_r02,218,7035,LTE,0.7607532739639282,0.23503392934799194,LTE,0.9998655170202255,8.032270488911308e-05,0,8,0,False,both_wrong,LTE|LTE|LTE|LTE|LTE|LTE|LTE|LTE,0.99990535|0.99985003|0.99984157|0.99987578|0.99984956|0.99987853|0.99985933|0.99986398,0.00005680|0.00008765|0.00009711|0.00007427|0.00008728|0.00007099|0.00008593|0.00008253
tr_external_uz_dvbt_f482_r02,219,7036,LTE,0.8003050684928894,0.19576622545719147,LTE,0.9998650699853897,8.106780569505645e-05,0,8,0,False,both_wrong,LTE|LTE|LTE|LTE|LTE|LTE|LTE|LTE,0.99986088|0.99983108|0.99987662|0.99989438|0.99986649|0.99988377|0.99986541|0.99984193,0.00008186|0.00010273|0.00007478|0.00006292|0.00007767|0.00007038|0.00008073|0.00009747
tr_external_uz_dvbt_f482_r02,220,7037,LTE,0.9807995557785034,0.018087085336446762,LTE,0.9998750537633896,7.373126209131442e-05,0,8,0,False,both_wrong,LTE|LTE|LTE|LTE|LTE|LTE|LTE|LTE,0.99988222|0.99986207|0.99989772|0.99986470|0.99989927|0.99987853|0.99986649|0.99984944,0.00006856|0.00007989|0.00006128|0.00007768|0.00006092|0.00007106|0.00007816|0.00009230
tr_external_uz_dvbt_f482_r02,221,7038,LTE,0.800499677658081,0.19553527235984802,LTE,0.9998474642634392,9.141505506704561e-05,0,8,0,False,both_wrong,LTE|LTE|LTE|LTE|LTE|LTE|LTE|LTE,0.99983728|0.99985373|0.99985540|0.99987006|0.99986970|0.99983966|0.99985278|0.99980110,0.00009889|0.00009018|0.00008873|0.00007598|0.00007469|0.00009367|0.00008558|0.00012360
tr_external_uz_dvbt_f482_r02,222,7039,LTE,0.9970104694366455,0.0026673506945371628,LTE,0.9998579621315002,8.40975803839683e-05,0,8,0,False,both_wrong,LTE|LTE|LTE|LTE|LTE|LTE|LTE|LTE,0.99988604|0.99986124|0.99989903|0.99986863|0.99980205|0.99988139|0.99980718|0.99985814,0.00006691|0.00008534|0.00006045|0.00007746|0.00011392|0.00007135|0.00011506|0.00008229
tr_external_uz_dvbt_f482_r02,223,7040,LTE,0.7593735456466675,0.2364254593849182,LTE,0.999847762286663,9.051402457771474e-05,0,8,0,False,both_wrong,LTE|LTE|LTE|LTE|LTE|LTE|LTE|LTE,0.99980932|0.99986517|0.99979383|0.99983633|0.99979430|0.99989974|0.99989939|0.99988401,0.00011525|0.00008256|0.00011832|0.00009784|0.00012020|0.00006012|0.00006041|0.00006943
tr_external_uz_dvbt_f482_r02,224,7041,LTE,0.8762744665145874,0.12051574885845184,LTE,0.9998525902628899,8.758500553085469e-05,0,8,0,False,both_wrong,LTE|LTE|LTE|LTE|LTE|LTE|LTE|LTE,0.99979860|0.99985921|0.99984741|0.99987602|0.99987161|0.99983823|0.99987996|0.99984968,0.00012263|0.00008470|0.00008870|0.00007195|0.00007641|0.00009773|0.00007178|0.00008678
tr_external_uz_dvbt_f482_r02,225,7042,DVB-T,0.6659613847732544,0.6659613847732544,LTE,0.9998595118522644,8.498993975081248e-05,0,8,0,False,only_4096_correct,LTE|LTE|LTE|LTE|LTE|LTE|LTE|LTE,0.99981958|0.99977821|0.99989283|0.99987423|0.99988639|0.99987543|0.99988580|0.99986362,0.00011159|0.00013588|0.00006367|0.00007480|0.00006835|0.00007472|0.00006993|0.00008098
tr_external_uz_dvbt_f482_r02,226,7043,LTE,0.7315441966056824,0.26390939950942993,LTE,0.9998847842216492,6.871797722851625e-05,0,8,0,False,both_wrong,LTE|LTE|LTE|LTE|LTE|LTE|LTE|LTE,0.99989522|0.99988139|0.99989629|0.99988532|0.99988639|0.99986172|0.99989343|0.99987853,0.00006276|0.00007031|0.00006199|0.00006904|0.00006795|0.00008106|0.00006351|0.00007312
tr_external_uz_dvbt_f482_r02,227,7044,LTE,0.8288025259971619,0.16763798892498016,LTE,0.9998753368854523,7.437754675265751e-05,0,8,0,False,both_wrong,LTE|LTE|LTE|LTE|LTE|LTE|LTE|LTE,0.99988663|0.99987638|0.99983752|0.99990773|0.99985969|0.99988258|0.99988234|0.99986982,0.00006718|0.00007505|0.00009975|0.00005568|0.00008138|0.00006883|0.00007003|0.00007712
tr_external_uz_dvbt_f482_r02,228,7045,LTE,0.8227880597114563,0.17358244955539703,LTE,0.9998586848378181,8.420228368777316e-05,0,8,0,False,both_wrong,LTE|LTE|LTE|LTE|LTE|LTE|LTE|LTE,0.99986362|0.99986398|0.99980515|0.99988103|0.99984753|0.99985850|0.99985349|0.99989617,0.00007923|0.00007776|0.00011757|0.00007051|0.00009363|0.00008098|0.00009140|0.00006254
tr_external_uz_dvbt_f482_r02,229,7046,LTE,0.7090229988098145,0.2864100933074951,LTE,0.9998695999383926,7.796277895977255e-05,0,8,0,False,both_wrong,LTE|LTE|LTE|LTE|LTE|LTE|LTE|LTE,0.99986339|0.99988365|0.99988139|0.99988997|0.99988282|0.99988222|0.99984491|0.99982846,0.00007969|0.00007039|0.00007011|0.00006560|0.00006856|0.00006941|0.00009462|0.00010531
tr_external_uz_dvbt_f482_r02,230,7047,LTE,0.7140651941299438,0.2816125154495239,LTE,0.9998626410961151,8.06577463663416e-05,0,8,0,False,both_wrong,LTE|LTE|LTE|LTE|LTE|LTE|LTE|LTE,0.99986768|0.99987316|0.99985230|0.99982810|0.99987733|0.99983251|0.99987328|0.99989676,0.00007790|0.00007516|0.00008719|0.00009733|0.00007301|0.00009776|0.00007500|0.00006191
tr_external_uz_dvbt_f482_r02,231,7048,LTE,0.9637339115142822,0.034592192620038986,LTE,0.9998604208230972,8.308137512358371e-05,0,8,0,False,both_wrong,LTE|LTE|LTE|LTE|LTE|LTE|LTE|LTE,0.99984956|0.99985003|0.99986458|0.99986815|0.99988496|0.99987495|0.99984491|0.99984622,0.00009227|0.00008724|0.00008049|0.00007994|0.00006802|0.00007427|0.00009135|0.00009109
tr_external_uz_dvbt_f482_r02,232,7049,LTE,0.9301766157150269,0.06746439635753632,LTE,0.9998706355690956,7.670288277950021e-05,0,8,0,False,both_wrong,LTE|LTE|LTE|LTE|LTE|LTE|LTE|LTE,0.99986494|0.99988043|0.99989879|0.99981457|0.99990904|0.99986362|0.99985385|0.99987984,0.00007973|0.00007345|0.00006071|0.00010628|0.00005505|0.00008168|0.00008473|0.00007200
tr_external_uz_dvbt_f482_r02,233,7050,LTE,0.969748318195343,0.02874259278178215,LTE,0.9998830854892731,6.995238163653994e-05,0,8,0,False,both_wrong,LTE|LTE|LTE|LTE|LTE|LTE|LTE|LTE,0.99987078|0.99988079|0.99988973|0.99987745|0.99989533|0.99988174|0.99988031|0.99988854,0.00007681|0.00007240|0.00006772|0.00007360|0.00006265|0.00006955|0.00007046|0.00006642
tr_external_uz_dvbt_f482_r02,234,7051,LTE,0.984157145023346,0.014787317253649235,LTE,0.9998717978596687,7.605386099385214e-05,0,8,0,False,both_wrong,LTE|LTE|LTE|LTE|LTE|LTE|LTE|LTE,0.99983501|0.99989784|0.99988663|0.99989152|0.99986351|0.99987853|0.99990487|0.99981648,0.00009435|0.00006123|0.00006850|0.00006455|0.00008114|0.00007099|0.00005711|0.00011055
tr_external_uz_dvbt_f482_r02,235,7052,LTE,0.9128547310829163,0.08456443250179291,LTE,0.9998740330338478,7.520755298173754e-05,0,8,0,False,both_wrong,LTE|LTE|LTE|LTE|LTE|LTE|LTE|LTE,0.99989498|0.99989355|0.99988902|0.99988663|0.99981648|0.99985731|0.99987829|0.99987602,0.00006266|0.00006382|0.00006683|0.00006748|0.00011194|0.00008416|0.00007099|0.00007378
tr_external_uz_dvbt_f482_r02,236,7053,LTE,0.9873823523521423,0.01180026214569807,LTE,0.9998731166124344,7.509801889682421e-05,0,8,0,False,both_wrong,LTE|LTE|LTE|LTE|LTE|LTE|LTE|LTE,0.99988341|0.99989593|0.99987566|0.99986172|0.99987650|0.99986398|0.99984074|0.99988699,0.00006913|0.00006228|0.00007364|0.00008444|0.00007230|0.00007830|0.00009376|0.00006692
tr_external_uz_dvbt_f482_r02,237,7054,LTE,0.539887011051178,0.45501232147216797,LTE,0.9998715668916702,7.585052844660822e-05,0,8,0,False,both_wrong,LTE|LTE|LTE|LTE|LTE|LTE|LTE|LTE,0.99986243|0.99987698|0.99989343|0.99988163|0.99985385|0.99986756|0.99985886|0.99987781,0.00008094|0.00007335|0.00006338|0.00006988|0.00008996|0.00007579|0.00008135|0.00007216
tr_external_uz_dvbt_f482_r02,238,7055,LTE,0.9649649262428284,0.03340405970811844,LTE,0.9998799711465836,7.148038912418997e-05,0,8,0,False,both_wrong,LTE|LTE|LTE|LTE|LTE|LTE|LTE|LTE,0.99987471|0.99987602|0.99990976|0.99989223|0.99988997|0.99986005|0.99986196|0.99987507,0.00007360|0.00007380|0.00005447|0.00006472|0.00006514|0.00008236|0.00008234|0.00007542
tr_external_uz_dvbt_f482_r02,239,7056,LTE,0.9795792102813721,0.019184570759534836,LTE,0.9998638182878494,8.084495220828103e-05,0,8,0,False,both_wrong,LTE|LTE|LTE|LTE|LTE|LTE|LTE|LTE,0.99985576|0.99988043|0.99985313|0.99988449|0.99989045|0.99983692|0.99984479|0.99986458,0.00008829|0.00007030|0.00008274|0.00006834|0.00006597|0.00010104|0.00008721|0.00008287
tr_external_uz_dvbt_f482_r02,240,7057,LTE,0.9858257174491882,0.013177081942558289,LTE,0.9998741149902344,7.427742548316019e-05,0,8,0,False,both_wrong,LTE|LTE|LTE|LTE|LTE|LTE|LTE|LTE,0.99989164|0.99987161|0.99986613|0.99983644|0.99987197|0.99987888|0.99988103|0.99989522,0.00006425|0.00007706|0.00007738|0.00009548|0.00007374|0.00007073|0.00007334|0.00006224
tr_external_uz_dvbt_f482_r02,241,7058,LTE,0.9634033441543579,0.034918878227472305,LTE,0.9998608231544495,8.366223437406006e-05,0,8,0,False,both_wrong,LTE|LTE|LTE|LTE|LTE|LTE|LTE|LTE,0.99989843|0.99980813|0.99987864|0.99989748|0.99984229|0.99987757|0.99986613|0.99981791,0.00006091|0.00011622|0.00007155|0.00006171|0.00009238|0.00007161|0.00008164|0.00011328
tr_external_uz_dvbt_f482_r02,242,7059,LTE,0.994785487651825,0.004719780758023262,LTE,0.9998686909675598,7.914567595435074e-05,0,8,0,False,both_wrong,LTE|LTE|LTE|LTE|LTE|LTE|LTE|LTE,0.99985898|0.99986708|0.99986863|0.99985373|0.99987853|0.99989104|0.99988317|0.99984837,0.00008780|0.00007912|0.00008004|0.00008669|0.00007127|0.00006484|0.00007047|0.00009293
tr_external_uz_dvbt_f482_r02,243,7060,LTE,0.8425495028495789,0.15389731526374817,LTE,0.9998596832156181,8.493076620652573e-05,0,8,0,False,both_wrong,LTE|LTE|LTE|LTE|LTE|LTE|LTE|LTE,0.99987698|0.99985445|0.99988079|0.99989116|0.99979049|0.99988627|0.99983144|0.99986589,0.00007298|0.00008949|0.00007017|0.00006485|0.00012967|0.00006698|0.00010459|0.00008071
tr_external_uz_dvbt_f482_r02,244,7061,LTE,0.9336510300636292,0.06407980620861053,LTE,0.9998626336455345,8.285110288852593e-05,0,8,0,False,both_wrong,LTE|LTE|LTE|LTE|LTE|LTE|LTE|LTE,0.99990082|0.99985635|0.99988258|0.99987006|0.99981672|0.99984527|0.99987566|0.99985361,0.00005961|0.00008579|0.00006919|0.00007666|0.00011733|0.00009261|0.00007487|0.00008675
tr_external_uz_dvbt_f482_r02,245,7062,LTE,0.933431088924408,0.06431253999471664,LTE,0.999867245554924,7.915292462712387e-05,0,8,0,False,both_wrong,LTE|LTE|LTE|LTE|LTE|LTE|LTE|LTE,0.99987578|0.99986732|0.99985731|0.99986935|0.99988031|0.99985170|0.99989116|0.99984503,0.00007538|0.00007726|0.00008440|0.00007873|0.00007169|0.00008672|0.00006541|0.00009363
tr_external_uz_dvbt_f482_r02,246,7063,LTE,0.8918553590774536,0.10526470839977264,LTE,0.9998630583286285,8.236166922870325e-05,0,8,0,False,both_wrong,LTE|LTE|LTE|LTE|LTE|LTE|LTE|LTE,0.99986506|0.99984431|0.99986148|0.99985933|0.99984574|0.99989808|0.99988282|0.99984765,0.00008187|0.00009591|0.00008165|0.00008257|0.00009384|0.00006105|0.00007162|0.00009040
tr_external_uz_dvbt_f482_r02,247,7064,LTE,0.9775872826576233,0.021245576441287994,LTE,0.9998664557933807,7.87686130934162e-05,0,8,0,False,both_wrong,LTE|LTE|LTE|LTE|LTE|LTE|LTE|LTE,0.99985182|0.99985564|0.99989796|0.99988019|0.99987280|0.99985695|0.99987650|0.99983978,0.00008709|0.00008170|0.00006104|0.00007193|0.00007600|0.00008321|0.00007250|0.00009667
tr_external_uz_dvbt_f482_r02,248,7065,LTE,0.5786415338516235,0.4162834882736206,LTE,0.9998477771878242,9.050192147697089e-05,0,8,0,False,both_wrong,LTE|LTE|LTE|LTE|LTE|LTE|LTE|LTE,0.99986541|0.99985218|0.99982589|0.99986625|0.99983299|0.99985182|0.99983025|0.99985743,0.00007735|0.00008351|0.00010585|0.00007942|0.00010158|0.00008960|0.00010156|0.00008514
tr_external_uz_dvbt_f482_r02,249,7066,LTE,0.7436358332633972,0.251971036195755,LTE,0.9998661503195763,7.989680852915626e-05,0,8,0,False,both_wrong,LTE|LTE|LTE|LTE|LTE|LTE|LTE|LTE,0.99987292|0.99986756|0.99988353|0.99988997|0.99988735|0.99984729|0.99986613|0.99981445,0.00007519|0.00007803|0.00006874|0.00006570|0.00006713|0.00009127|0.00007792|0.00011521
tr_external_uz_dvbt_f482_r02,250,7067,LTE,0.9933184385299683,0.006171911023557186,LTE,0.9998756945133209,7.485822470698622e-05,0,8,0,False,both_wrong,LTE|LTE|LTE|LTE|LTE|LTE|LTE|LTE,0.99986112|0.99986684|0.99989438|0.99989951|0.99988937|0.99985981|0.99987328|0.99986124,0.00008229|0.00008165|0.00006446|0.00006015|0.00006543|0.00008496|0.00007606|0.00008386
tr_external_uz_dvbt_f482_r02,251,7068,LTE,0.9028578996658325,0.09434425830841064,LTE,0.9998603314161301,8.29592263471568e-05,0,8,0,False,both_wrong,LTE|LTE|LTE|LTE|LTE|LTE|LTE|LTE,0.99983621|0.99984181|0.99989736|0.99985504|0.99985290|0.99987662|0.99985468|0.99986804,0.00010105|0.00008992|0.00006119|0.00008489|0.00008826|0.00007347|0.00008755|0.00007734
tr_external_uz_dvbt_f482_r02,252,7069,LTE,0.8276580572128296,0.16865798830986023,LTE,0.9998644813895226,8.071476895565866e-05,0,8,0,False,both_wrong,LTE|LTE|LTE|LTE|LTE|LTE|LTE|LTE,0.99984884|0.99986887|0.99989069|0.99987197|0.99980277|0.99988520|0.99987018|0.99987733,0.00009167|0.00007557|0.00006496|0.00007538|0.00011909|0.00006801|0.00007814|0.00007290
tr_external_uz_dvbt_f482_r02,253,7070,LTE,0.9865777492523193,0.012504840269684792,LTE,0.9998591840267181,8.329534193762811e-05,0,8,0,False,both_wrong,LTE|LTE|LTE|LTE|LTE|LTE|LTE|LTE,0.99987721|0.99986947|0.99987698|0.99987292|0.99982870|0.99983847|0.99987340|0.99983633,0.00007173|0.00007807|0.00007251|0.00007554|0.00009849|0.00009914|0.00007511|0.00009578
tr_external_uz_dvbt_f482_r02,254,7071,LTE,0.834452211856842,0.1620182991027832,LTE,0.9998445212841034,9.295922791352496e-05,0,8,0,False,both_wrong,LTE|LTE|LTE|LTE|LTE|LTE|LTE|LTE,0.99984980|0.99982762|0.99984002|0.99986362|0.99984479|0.99985075|0.99983382|0.99984574,0.00009135|0.00010575|0.00009762|0.00008126|0.00009282|0.00008644|0.00009786|0.00009056
tr_external_uz_dvbt_f482_r02,255,7072,LTE,0.8057605624198914,0.1904897540807724,LTE,0.999825656414032,0.00010449944329593563,0,8,0,False,both_wrong,LTE|LTE|LTE|LTE|LTE|LTE|LTE|LTE,0.99979371|0.99984872|0.99986744|0.99981171|0.99982953|0.99980539|0.99980789|0.99984086,0.00012741|0.00008760|0.00007852|0.00011276|0.00010450|0.00012177|0.00011016|0.00009328
tr_external_uz_dvbt_f482_r02,256,7073,LTE,0.9534498453140259,0.044623032212257385,LTE,0.9998377785086632,9.83287200142513e-05,0,8,0,False,both_wrong,LTE|LTE|LTE|LTE|LTE|LTE|LTE|LTE,0.99981099|0.99983525|0.99982375|0.99987113|0.99978334|0.99987972|0.99985218|0.99984586,0.00011560|0.00009860|0.00010920|0.00007610|0.00013407|0.00007195|0.00008726|0.00009384
tr_external_uz_dvbt_f482_r02,257,7074,LTE,0.9084451794624329,0.08877412229776382,LTE,0.999861903488636,8.310447447001934e-05,0,8,0,False,both_wrong,LTE|LTE|LTE|LTE|LTE|LTE|LTE|LTE,0.99988508|0.99986780|0.99977583|0.99987137|0.99983191|0.99987149|0.99989879|0.99989295,0.00007067|0.00007629|0.00013974|0.00007587|0.00010239|0.00007479|0.00006054|0.00006455
tr_external_uz_dvbt_f482_r02,258,7075,LTE,0.9982538819313049,0.0015200519701465964,LTE,0.9998714104294777,7.648346081623458e-05,0,8,0,False,both_wrong,LTE|LTE|LTE|LTE|LTE|LTE|LTE|LTE,0.99986589|0.99986982|0.99986470|0.99982280|0.99985921|0.99991822|0.99988627|0.99988437,0.00008009|0.00007494|0.00008367|0.00010329|0.00008383|0.00004943|0.00006707|0.00006956
tr_external_uz_dvbt_f482_r02,259,7076,LTE,0.9955222606658936,0.0040660458616912365,LTE,0.9998695999383926,7.800234470778378e-05,0,8,0,False,both_wrong,LTE|LTE|LTE|LTE|LTE|LTE|LTE|LTE,0.99985421|0.99988651|0.99985969|0.99985898|0.99984896|0.99987292|0.99989653|0.99987900,0.00008933|0.00006883|0.00008259|0.00008667|0.00008870|0.00007276|0.00006303|0.00007210
tr_external_uz_dvbt_f482_r02,260,7077,LTE,0.9382876753807068,0.059465326368808746,LTE,0.9998425170779228,9.637746916268952e-05,0,8,0,False,both_wrong,LTE|LTE|LTE|LTE|LTE|LTE|LTE|LTE,0.99974686|0.99987090|0.99984598|0.99988544|0.99984205|0.99983037|0.99982953|0.99988902,0.00016257|0.00007636|0.00008872|0.00006959|0.00009663|0.00010480|0.00010552|0.00006683
tr_external_uz_dvbt_f482_r02,261,7078,LTE,0.9730249047279358,0.025555266067385674,LTE,0.9998470172286034,9.194188351102639e-05,0,8,0,False,both_wrong,LTE|LTE|LTE|LTE|LTE|LTE|LTE|LTE,0.99981517|0.99987483|0.99986267|0.99988568|0.99981588|0.99981028|0.99984646|0.99986517,0.00010540|0.00007249|0.00008272|0.00006888|0.00011456|0.00011901|0.00009305|0.00007942
tr_external_uz_dvbt_f482_r02,262,7079,LTE,0.5015662908554077,0.49319785833358765,LTE,0.9998496547341347,9.023627990245586e-05,0,8,0,False,both_wrong,LTE|LTE|LTE|LTE|LTE|LTE|LTE|LTE,0.99984169|0.99986851|0.99988914|0.99979419|0.99984014|0.99984133|0.99983418|0.99988806,0.00009607|0.00007731|0.00006578|0.00012259|0.00009895|0.00009257|0.00010199|0.00006663
tr_external_uz_dvbt_f482_r02,263,7080,LTE,0.8184338212013245,0.17780336737632751,LTE,0.9998361319303513,9.954020879376912e-05,0,8,0,False,both_wrong,LTE|LTE|LTE|LTE|LTE|LTE|LTE|LTE,0.99977618|0.99983871|0.99985945|0.99986517|0.99985433|0.99982834|0.99984205|0.99982482,0.00014406|0.00009678|0.00008747|0.00007928|0.00008758|0.00009905|0.00009541|0.00010668
tr_external_uz_dvbt_f482_r02,264,7081,LTE,0.9087094664573669,0.0886179581284523,LTE,0.9998570084571838,8.63077202666318e-05,0,8,0,False,both_wrong,LTE|LTE|LTE|LTE|LTE|LTE|LTE|LTE,0.99985659|0.99982506|0.99987888|0.99982208|0.99989974|0.99985850|0.99983084|0.99988437,0.00008469|0.00010750|0.00007363|0.00010744|0.00006034|0.00008364|0.00010426|0.00006896
tr_external_uz_dvbt_f482_r02,265,7082,LTE,0.7391911745071411,0.25648725032806396,LTE,0.9997946172952652,0.00012701202558673685,0,8,0,False,both_wrong,LTE|LTE|LTE|LTE|LTE|LTE|LTE|LTE,0.99987280|0.99986672|0.99986124|0.99973947|0.99980682|0.99965107|0.99980682|0.99975199,0.00007374|0.00007886|0.00008439|0.00016354|0.00011366|0.00023103|0.00011943|0.00015145
tr_external_uz_dvbt_f482_r02,266,7083,LTE,0.9152533411979675,0.0821799710392952,LTE,0.9998319000005722,0.00010040912638942245,0,8,0,False,both_wrong,LTE|LTE|LTE|LTE|LTE|LTE|LTE|LTE,0.99986804|0.99982798|0.99983561|0.99983788|0.99980241|0.99981290|0.99983931|0.99983108,0.00007876|0.00010201|0.00009851|0.00009963|0.00011535|0.00011517|0.00009452|0.00009933
tr_external_uz_dvbt_f482_r02,267,7084,LTE,0.9943723678588867,0.005126878619194031,LTE,0.9998074918985367,0.00012102855635021115,0,8,0,False,both_wrong,LTE|LTE|LTE|LTE|LTE|LTE|LTE|LTE,0.99983168|0.99988377|0.99953294|0.99985027|0.99984598|0.99983537|0.99982882|0.99985111,0.00010357|0.00006944|0.00032013|0.00009153|0.00009247|0.00010097|0.00010305|0.00008707
tr_external_uz_dvbt_f482_r03,0,7085,LTE,0.9398269653320312,0.05834439769387245,LTE,0.9998694434762001,7.849209578125738e-05,0,8,0,False,both_wrong,LTE|LTE|LTE|LTE|LTE|LTE|LTE|LTE,0.99988616|0.99987149|0.99987471|0.99981886|0.99989474|0.99983275|0.99987853|0.99989831,0.00006843|0.00007617|0.00007526|0.00011187|0.00006269|0.00010137|0.00007109|0.00006105
tr_external_uz_dvbt_f482_r03,1,7086,DVB-T,0.8049412369728088,0.8049412369728088,LTE,0.9998621195554733,8.34409256640356e-05,0,8,0,False,only_4096_correct,LTE|LTE|LTE|LTE|LTE|LTE|LTE|LTE,0.99989736|0.99980623|0.99988258|0.99987268|0.99989247|0.99989390|0.99980527|0.99984646,0.00006125|0.00011919|0.00007062|0.00007628|0.00006340|0.00006325|0.00012016|0.00009339
tr_external_uz_dvbt_f482_r03,2,7087,DVB-T,0.5764275789260864,0.5764275789260864,LTE,0.9998632147908211,8.139032524923095e-05,0,8,0,False,only_4096_correct,LTE|LTE|LTE|LTE|LTE|LTE|LTE|LTE,0.99986136|0.99989760|0.99983358|0.99986494|0.99986780|0.99988902|0.99980456|0.99988687,0.00008509|0.00006128|0.00010281|0.00008041|0.00007788|0.00006550|0.00011107|0.00006708
tr_external_uz_dvbt_f482_r03,3,7088,LTE,0.8791183829307556,0.11748551577329636,LTE,0.999871663749218,7.746870960545493e-05,0,8,0,False,both_wrong,LTE|LTE|LTE|LTE|LTE|LTE|LTE|LTE,0.99988770|0.99990082|0.99986982|0.99981707|0.99988461|0.99985945|0.99988198|0.99987185,0.00006649|0.00005929|0.00007809|0.00011336|0.00006984|0.00008681|0.00007032|0.00007555
tr_external_uz_dvbt_f482_r03,4,7089,LTE,0.5284107327461243,0.4659881889820099,LTE,0.9998596459627151,8.208215967897559e-05,0,8,0,False,both_wrong,LTE|LTE|LTE|LTE|LTE|LTE|LTE|LTE,0.99981433|0.99984574|0.99989271|0.99986207|0.99988079|0.99989831|0.99982399|0.99985921,0.00010732|0.00009180|0.00006406|0.00008025|0.00007020|0.00006127|0.00010060|0.00008116
tr_external_uz_dvbt_f482_r03,5,7090,LTE,0.9913495779037476,0.007923394441604614,LTE,0.9998639598488808,8.028994807318668e-05,0,8,0,False,both_wrong,LTE|LTE|LTE|LTE|LTE|LTE|LTE|LTE,0.99987590|0.99985576|0.99984026|0.99989247|0.99988019|0.99983323|0.99990678|0.99982709,0.00007227|0.00008459|0.00008885|0.00006448|0.00006996|0.00009904|0.00005627|0.00010687
tr_external_uz_dvbt_f482_r03,6,7091,LTE,0.8265610933303833,0.16950483620166779,LTE,0.9998700097203255,7.753914724162314e-05,0,8,0,False,both_wrong,LTE|LTE|LTE|LTE|LTE|LTE|LTE|LTE,0.99987471|0.99988961|0.99988401|0.99987578|0.99988174|0.99980682|0.99987066|0.99987674,0.00007399|0.00006774|0.00006890|0.00007248|0.00006962|0.00011879|0.00007503|0.00007376
tr_external_uz_dvbt_f482_r03,7,7092,LTE,0.9645766615867615,0.03367990255355835,LTE,0.9998447448015213,9.274204421672039e-05,0,8,0,False,both_wrong,LTE|LTE|LTE|LTE|LTE|LTE|LTE|LTE,0.99980217|0.99987054|0.99987948|0.99983454|0.99985778|0.99985218|0.99981481|0.99984646,0.00011817|0.00007945|0.00007270|0.00009715|0.00008897|0.00008669|0.00011076|0.00008804
tr_external_uz_dvbt_f482_r03,8,7093,LTE,0.9887129068374634,0.010442844592034817,LTE,0.9998788386583328,7.155066305131186e-05,0,8,0,False,both_wrong,LTE|LTE|LTE|LTE|LTE|LTE|LTE|LTE,0.99988317|0.99986565|0.99987888|0.99988866|0.99986243|0.99989581|0.99987733|0.99987876,0.00007035|0.00007856|0.00007072|0.00006568|0.00008016|0.00006233|0.00007154|0.00007307
tr_external_uz_dvbt_f482_r03,9,7094,LTE,0.7245329022407532,0.27081334590911865,LTE,0.9998654276132584,7.943117816466838e-05,0,8,0,False,both_wrong,LTE|LTE|LTE|LTE|LTE|LTE|LTE|LTE,0.99988770|0.99986100|0.99986184|0.99986613|0.99985194|0.99984324|0.99988210|0.99986947,0.00006701|0.00008201|0.00008158|0.00007674|0.00008277|0.00009301|0.00007190|0.00008043
tr_external_uz_dvbt_f482_r03,10,7095,LTE,0.9766983389854431,0.022049715742468834,LTE,0.9998689889907837,7.78150097175967e-05,0,8,0,False,both_wrong,LTE|LTE|LTE|LTE|LTE|LTE|LTE|LTE,0.99987566|0.99983716|0.99985540|0.99989307|0.99984968|0.99986815|0.99988818|0.99988461,0.00007280|0.00009757|0.00008425|0.00006319|0.00008915|0.00007890|0.00006787|0.00006879
tr_external_uz_dvbt_f482_r03,11,7096,LTE,0.9444051384925842,0.05336443707346916,LTE,0.9998500347137451,8.877155414666049e-05,0,8,0,False,both_wrong,LTE|LTE|LTE|LTE|LTE|LTE|LTE|LTE,0.99982733|0.99982458|0.99984848|0.99986660|0.99985957|0.99988103|0.99982965|0.99986303,0.00010235|0.00010212|0.00009298|0.00007837|0.00008212|0.00006958|0.00010140|0.00008126
tr_external_uz_dvbt_f482_r03,12,7097,LTE,0.5106428861618042,0.48369085788726807,LTE,0.9998626783490181,8.153422368195606e-05,0,8,0,False,both_wrong,LTE|LTE|LTE|LTE|LTE|LTE|LTE|LTE,0.99987173|0.99982870|0.99986935|0.99988937|0.99989212|0.99986696|0.99982315|0.99986005,0.00007715|0.00009848|0.00007732|0.00006542|0.00006433|0.00007850|0.00010872|0.00008234
tr_external_uz_dvbt_f482_r03,13,7098,DVB-T,0.9840659499168396,0.9840659499168396,LTE,0.9998499378561974,8.947648348112125e-05,0,8,0,False,only_4096_correct,LTE|LTE|LTE|LTE|LTE|LTE|LTE|LTE,0.99985886|0.99983656|0.99980658|0.99984837|0.99983549|0.99987173|0.99988449|0.99985743,0.00008047|0.00009548|0.00011895|0.00008988|0.00009933|0.00007716|0.00006997|0.00008456
tr_external_uz_dvbt_f482_r03,14,7099,LTE,0.9137414693832397,0.08389928191900253,LTE,0.9998706728219986,7.785322213749168e-05,0,8,0,False,both_wrong,LTE|LTE|LTE|LTE|LTE|LTE|LTE|LTE,0.99987781|0.99986219|0.99985158|0.99988747|0.99990094|0.99985027|0.99986279|0.99987233,0.00007211|0.00008554|0.00008756|0.00006757|0.00005981|0.00009061|0.00008097|0.00007866
tr_external_uz_dvbt_f482_r03,15,7100,DVB-T,0.8832061290740967,0.8832061290740967,LTE,0.9998538196086884,8.687444460520055e-05,0,8,0,False,only_4096_correct,LTE|LTE|LTE|LTE|LTE|LTE|LTE|LTE,0.99988472|0.99988067|0.99985027|0.99982733|0.99981004|0.99983585|0.99985731|0.99988437,0.00006817|0.00007085|0.00009210|0.00010134|0.00011169|0.00009850|0.00008137|0.00007099
tr_external_uz_dvbt_f482_r03,16,7101,LTE,0.6595452427864075,0.3349810242652893,LTE,0.999876894056797,7.338195928241475e-05,0,8,0,False,both_wrong,LTE|LTE|LTE|LTE|LTE|LTE|LTE|LTE,0.99987698|0.99991763|0.99989808|0.99988067|0.99988019|0.99982089|0.99991083|0.99982989,0.00007187|0.00005026|0.00006092|0.00007003|0.00007149|0.00010292|0.00005398|0.00010558
tr_external_uz_dvbt_f482_r03,17,7102,LTE,0.8484699726104736,0.14781154692173004,LTE,0.9998775124549866,7.282861542989849e-05,0,8,0,False,both_wrong,LTE|LTE|LTE|LTE|LTE|LTE|LTE|LTE,0.99990118|0.99988103|0.99983776|0.99989140|0.99983811|0.99988544|0.99988961|0.99989557,0.00005941|0.00007235|0.00009537|0.00006484|0.00009479|0.00006778|0.00006540|0.00006269
tr_external_uz_dvbt_f482_r03,18,7103,LTE,0.993401825428009,0.006027763243764639,LTE,0.9998619556427002,8.190490825654706e-05,0,8,0,False,both_wrong,LTE|LTE|LTE|LTE|LTE|LTE|LTE|LTE,0.99989748|0.99987984|0.99987388|0.99984920|0.99983454|0.99987197|0.99983048|0.99985826,0.00006113|0.00006984|0.00007367|0.00008821|0.00009956|0.00007514|0.00010276|0.00008494
tr_external_uz_dvbt_f482_r03,19,7104,LTE,0.9343664050102234,0.06334791332483292,LTE,0.9998636469244957,8.20206560092629e-05,0,8,0,False,both_wrong,LTE|LTE|LTE|LTE|LTE|LTE|LTE|LTE,0.99986589|0.99986863|0.99989700|0.99981111|0.99988735|0.99987233|0.99985754|0.99984932,0.00007888|0.00007769|0.00006152|0.00011850|0.00006821|0.00007429|0.00008869|0.00008838
tr_external_uz_dvbt_f482_r03,20,7105,LTE,0.8960979580879211,0.1009117066860199,LTE,0.9998713135719299,7.7003742717352e-05,0,8,0,False,both_wrong,LTE|LTE|LTE|LTE|LTE|LTE|LTE|LTE,0.99990284|0.99986410|0.99986899|0.99987245|0.99984980|0.99987745|0.99989736|0.99983752,0.00005859|0.00008215|0.00007720|0.00007633|0.00008655|0.00007334|0.00006214|0.00009973
tr_external_uz_dvbt_f482_r03,21,7106,DVB-T,0.5970014333724976,0.5970014333724976,LTE,0.9998708292841911,7.684258844165015e-05,0,8,0,False,only_4096_correct,LTE|LTE|LTE|LTE|LTE|LTE|LTE|LTE,0.99981207|0.99989021|0.99986529|0.99984372|0.99989843|0.99989390|0.99987972|0.99988329,0.00011413|0.00006519|0.00008148|0.00009020|0.00006085|0.00006298|0.00007126|0.00006864
tr_external_uz_dvbt_f482_r03,22,7107,DVB-T,0.6905968189239502,0.6905968189239502,LTE,0.9998785853385925,7.17801699465781e-05,0,8,0,False,only_4096_correct,LTE|LTE|LTE|LTE|LTE|LTE|LTE|LTE,0.99988902|0.99988019|0.99987710|0.99988031|0.99990082|0.99984527|0.99986851|0.99988747,0.00006626|0.00006974|0.00007183|0.00006991|0.00005960|0.00009412|0.00007647|0.00006631
tr_external_uz_dvbt_f482_r03,23,7108,DVB-T,0.8707783222198486,0.8707783222198486,LTE,0.9998538047075272,8.629596413811669e-05,0,8,0,False,only_4096_correct,LTE|LTE|LTE|LTE|LTE|LTE|LTE|LTE,0.99986422|0.99987555|0.99988103|0.99983430|0.99984014|0.99984133|0.99985230|0.99984157,0.00008086|0.00007255|0.00006994|0.00009914|0.00009201|0.00009736|0.00008644|0.00009206
tr_external_uz_dvbt_f482_r03,24,7109,DVB-T,0.5870672464370728,0.5870672464370728,LTE,0.9998714923858643,7.628685307281557e-05,0,8,0,False,only_4096_correct,LTE|LTE|LTE|LTE|LTE|LTE|LTE|LTE,0.99988997|0.99983585|0.99989760|0.99984658|0.99987936|0.99988198|0.99986160|0.99987900,0.00006513|0.00009535|0.00006102|0.00009322|0.00007126|0.00007002|0.00008276|0.00007154
tr_external_uz_dvbt_f482_r03,25,7110,DVB-T,0.6537098288536072,0.6537098288536072,LTE,0.9998564198613167,8.4719606093131e-05,0,8,0,False,only_4096_correct,LTE|LTE|LTE|LTE|LTE|LTE|LTE|LTE,0.99984610|0.99982601|0.99986815|0.99987185|0.99984682|0.99983442|0.99987185|0.99988616,0.00009150|0.00010020|0.00007732|0.00007521|0.00008939|0.00010153|0.00007528|0.00006733
tr_external_uz_dvbt_f482_r03,26,7111,DVB-T,0.901382327079773,0.901382327079773,LTE,0.9998561069369316,8.48543177198735e-05,0,8,0,False,only_4096_correct,LTE|LTE|LTE|LTE|LTE|LTE|LTE|LTE,0.99987221|0.99985051|0.99988520|0.99986517|0.99987030|0.99982017|0.99983656|0.99984872,0.00007438|0.00008715|0.00006853|0.00007976|0.00007937|0.00010354|0.00010101|0.00008509
tr_external_uz_dvbt_f482_r03,27,7112,LTE,0.692154586315155,0.30279767513275146,LTE,0.9998638555407524,8.110142789519159e-05,0,8,0,False,both_wrong,LTE|LTE|LTE|LTE|LTE|LTE|LTE|LTE,0.99987268|0.99986601|0.99984646|0.99984837|0.99987555|0.99988961|0.99982733|0.99988484,0.00007608|0.00007933|0.00009357|0.00008940|0.00007246|0.00006547|0.00010347|0.00006903
tr_external_uz_dvbt_f482_r03,28,7113,LTE,0.9557157754898071,0.04238053038716316,LTE,0.9998760521411896,7.373802691290621e-05,0,8,0,False,both_wrong,LTE|LTE|LTE|LTE|LTE|LTE|LTE|LTE,0.99987745|0.99989569|0.99986970|0.99987435|0.99989021|0.99988568|0.99983752|0.99987781,0.00007358|0.00006216|0.00007823|0.00007473|0.00006595|0.00006715|0.00009578|0.00007232
tr_external_uz_dvbt_f482_r03,29,7114,DVB-T,0.9858126640319824,0.9858126640319824,LTE,0.9998646751046181,8.092992084129946e-05,0,8,0,False,only_4096_correct,LTE|LTE|LTE|LTE|LTE|LTE|LTE|LTE,0.99978524|0.99986506|0.99992204|0.99986124|0.99985480|0.99989188|0.99985707|0.99988008,0.00013210|0.00007866|0.00004758|0.00008373|0.00008821|0.00006420|0.00008080|0.00007215
tr_external_uz_dvbt_f482_r03,30,7115,LTE,0.9355344176292419,0.062160227447748184,LTE,0.9998718649148941,7.496971829823451e-05,0,8,0,False,both_wrong,LTE|LTE|LTE|LTE|LTE|LTE|LTE|LTE,0.99985194|0.99987829|0.99986243|0.99987698|0.99988556|0.99987686|0.99987411|0.99986875,0.00008382|0.00007223|0.00007839|0.00007214|0.00006823|0.00007261|0.00007463|0.00007769
tr_external_uz_dvbt_f482_r03,31,7116,LTE,0.977954626083374,0.020844057202339172,LTE,0.999859556555748,8.258206980826799e-05,0,8,0,False,both_wrong,LTE|LTE|LTE|LTE|LTE|LTE|LTE|LTE,0.99988687|0.99986196|0.99987209|0.99984872|0.99983096|0.99987996|0.99982858|0.99986732,0.00006690|0.00008477|0.00007524|0.00008536|0.00010088|0.00007120|0.00010023|0.00007608
tr_external_uz_dvbt_f482_r03,32,7117,LTE,0.6743193864822388,0.32123321294784546,LTE,0.9998575821518898,8.390440234506968e-05,0,8,0,False,both_wrong,LTE|LTE|LTE|LTE|LTE|LTE|LTE|LTE,0.99982554|0.99984586|0.99986756|0.99988580|0.99987531|0.99985039|0.99983203|0.99987817,0.00010304|0.00009174|0.00007765|0.00006766|0.00007166|0.00008733|0.00010087|0.00007127
tr_external_uz_dvbt_f482_r03,33,7118,DVB-T,0.5974465012550354,0.5974465012550354,LTE,0.9998627826571465,8.028058891795808e-05,0,8,0,False,only_4096_correct,LTE|LTE|LTE|LTE|LTE|LTE|LTE|LTE,0.99988484|0.99986148|0.99990058|0.99984324|0.99981862|0.99989021|0.99985909|0.99984419,0.00006776|0.00008233|0.00005978|0.00009281|0.00010150|0.00006509|0.00008031|0.00009267
tr_external_uz_dvbt_f482_r03,34,7119,DVB-T,0.7378082871437073,0.7378082871437073,LTE,0.9998818039894104,6.996294450800633e-05,0,8,0,False,only_4096_correct,LTE|LTE|LTE|LTE|LTE|LTE|LTE|LTE,0.99987972|0.99986887|0.99989605|0.99986553|0.99990439|0.99987793|0.99987352|0.99988842,0.00007126|0.00007690|0.00006178|0.00007775|0.00005757|0.00007486|0.00007369|0.00006590
tr_external_uz_dvbt_f482_r03,35,7120,DVB-T,0.8966901302337646,0.8966901302337646,LTE,0.9998653680086136,7.98763085185783e-05,0,8,0,False,only_4096_correct,LTE|LTE|LTE|LTE|LTE|LTE|LTE|LTE,0.99986374|0.99988711|0.99987161|0.99986374|0.99986959|0.99985743|0.99986184|0.99984789,0.00007851|0.00006665|0.00007529|0.00008162|0.00007632|0.00008561|0.00008225|0.00009276
tr_external_uz_dvbt_f482_r03,36,7121,DVB-T,0.6627443432807922,0.6627443432807922,LTE,0.9998451918363571,9.249475533579243e-05,0,8,0,False,only_4096_correct,LTE|LTE|LTE|LTE|LTE|LTE|LTE|LTE,0.99985373|0.99987924|0.99981624|0.99989867|0.99984252|0.99984610|0.99983490|0.99979013,0.00008522|0.00007133|0.00011169|0.00006056|0.00009656|0.00009516|0.00009886|0.00012058
tr_external_uz_dvbt_f482_r03,37,7122,DVB-T,0.7580300569534302,0.7580300569534302,LTE,0.9998627826571465,8.154530041792896e-05,0,8,0,False,only_4096_correct,LTE|LTE|LTE|LTE|LTE|LTE|LTE|LTE,0.99986398|0.99982077|0.99987996|0.99988210|0.99982774|0.99988294|0.99986887|0.99987590,0.00007953|0.00010820|0.00007190|0.00007120|0.00010401|0.00006896|0.00007647|0.00007209
tr_external_uz_dvbt_f482_r03,38,7123,LTE,0.5285893082618713,0.46613070368766785,LTE,0.9998303130269051,0.0001022554524752195,0,8,0,False,both_wrong,LTE|LTE|LTE|LTE|LTE|LTE|LTE|LTE,0.99980623|0.99976999|0.99981350|0.99986184|0.99982554|0.99981469|0.99988353|0.99986720,0.00012061|0.00014162|0.00011103|0.00008062|0.00010689|0.00011203|0.00006878|0.00007646
tr_external_uz_dvbt_f482_r03,39,7124,DVB-T,0.5469854474067688,0.5469854474067688,LTE,0.9998462274670601,9.095475706999423e-05,0,8,0,False,only_4096_correct,LTE|LTE|LTE|LTE|LTE|LTE|LTE|LTE,0.99984598|0.99984729|0.99985468|0.99984634|0.99986434|0.99979562|0.99987316|0.99984241,0.00008733|0.00008894|0.00008538|0.00008816|0.00008042|0.00012612|0.00007439|0.00009689
tr_external_uz_dvbt_f482_r03,40,7125,DVB-T,0.9858291149139404,0.9858291149139404,LTE,0.9998636245727539,8.16654155642027e-05,0,8,0,False,only_4096_correct,LTE|LTE|LTE|LTE|LTE|LTE|LTE|LTE,0.99989259|0.99983048|0.99985147|0.99988937|0.99985635|0.99982762|0.99987018|0.99989092,0.00006422|0.00010508|0.00008638|0.00006538|0.00008471|0.00010551|0.00007762|0.00006442
tr_external_uz_dvbt_f482_r03,41,7126,DVB-T,0.8393274545669556,0.8393274545669556,LTE,0.9998744279146194,7.531204391852953e-05,0,8,0,False,only_4096_correct,LTE|LTE|LTE|LTE|LTE|LTE|LTE|LTE,0.99985087|0.99987471|0.99988186|0.99988520|0.99989009|0.99984908|0.99991632|0.99984729,0.00009225|0.00007455|0.00006898|0.00006787|0.00006527|0.00009039|0.00005078|0.00009241
tr_external_uz_dvbt_f482_r03,42,7127,LTE,0.563119113445282,0.43113309144973755,LTE,0.9998747259378433,7.360317749771639e-05,0,8,0,False,both_wrong,LTE|LTE|LTE|LTE|LTE|LTE|LTE|LTE,0.99990320|0.99986601|0.99986756|0.99987888|0.99983943|0.99987018|0.99990761|0.99986494,0.00005803|0.00008043|0.00007613|0.00007008|0.00009195|0.00007726|0.00005581|0.00007913
tr_external_uz_dvbt_f482_r03,43,7128,DVB-T,0.7385727167129517,0.7385727167129517,LTE,0.9998692572116852,7.748180087219225e-05,0,8,0,False,only_4096_correct,LTE|LTE|LTE|LTE|LTE|LTE|LTE|LTE,0.99987137|0.99985182|0.99988270|0.99986827|0.99987280|0.99986279|0.99985290|0.99989140,0.00007627|0.00009139|0.00006984|0.00007769|0.00007424|0.00007997|0.00008568|0.00006478
tr_external_uz_dvbt_f482_r03,44,7129,LTE,0.790378212928772,0.20518766343593597,LTE,0.9998594149947166,8.464353595627472e-05,0,8,0,False,both_wrong,LTE|LTE|LTE|LTE|LTE|LTE|LTE|LTE,0.99988091|0.99987078|0.99987483|0.99985015|0.99987233|0.99980217|0.99989367|0.99983048,0.00006947|0.00007615|0.00007510|0.00008870|0.00007712|0.00012152|0.00006371|0.00010538
tr_external_uz_dvbt_f482_r03,45,7130,DVB-T,0.8210442066192627,0.8210442066192627,LTE,0.999828577041626,0.00010277544970449526,0,8,0,False,only_4096_correct,LTE|LTE|LTE|LTE|LTE|LTE|LTE|LTE,0.99982750|0.99975163|0.99982554|0.99986553|0.99987531|0.99981540|0.99979681|0.99987090,0.00010485|0.00015341|0.00010226|0.00007762|0.00007285|0.00011271|0.00012367|0.00007484
tr_external_uz_dvbt_f482_r03,46,7131,DVB-T,0.946130633354187,0.946130633354187,LTE,0.9998566433787346,8.37004436107236e-05,0,8,0,False,only_4096_correct,LTE|LTE|LTE|LTE|LTE|LTE|LTE|LTE,0.99985492|0.99988234|0.99986720|0.99984527|0.99986339|0.99983966|0.99988711|0.99981326,0.00008278|0.00006901|0.00007690|0.00008719|0.00008290|0.00009039|0.00006811|0.00011233
tr_external_uz_dvbt_f482_r03,47,7132,LTE,0.9625688195228577,0.03556673601269722,LTE,0.9998622164130211,8.363296637980966e-05,0,8,0,False,both_wrong,LTE|LTE|LTE|LTE|LTE|LTE|LTE|LTE,0.99984097|0.99987268|0.99988961|0.99990165|0.99990356|0.99974376|0.99988246|0.99986303,0.00009105|0.00007557|0.00006572|0.00005899|0.00005833|0.00016586|0.00006911|0.00008444
tr_external_uz_dvbt_f482_r03,48,7133,DVB-T,0.5077545046806335,0.5077545046806335,LTE,0.9998707920312881,7.691973132750718e-05,0,8,0,False,only_4096_correct,LTE|LTE|LTE|LTE|LTE|LTE|LTE|LTE,0.99984300|0.99987447|0.99984241|0.99986756|0.99991286|0.99984992|0.99988747|0.99988866,0.00009457|0.00007589|0.00009594|0.00007592|0.00005265|0.00008743|0.00006672|0.00006621
tr_external_uz_dvbt_f482_r03,49,7134,DVB-T,0.8110289573669434,0.8110289573669434,LTE,0.9998611658811569,8.244979380833684e-05,0,8,0,False,only_4096_correct,LTE|LTE|LTE|LTE|LTE|LTE|LTE|LTE,0.99988735|0.99982858|0.99987316|0.99985576|0.99983811|0.99986982|0.99988711|0.99984944,0.00006726|0.00010364|0.00007675|0.00008250|0.00009956|0.00007530|0.00006611|0.00008847
tr_external_uz_dvbt_f482_r03,50,7135,LTE,0.9494333267211914,0.048658229410648346,LTE,0.99983349442482,9.639034396968782e-05,0,8,0,False,both_wrong,LTE|LTE|LTE|LTE|LTE|LTE|LTE|LTE,0.99981743|0.99981755|0.99984574|0.99983501|0.99984181|0.99987853|0.99981660|0.99981529,0.00010481|0.00010944|0.00008755|0.00009525|0.00009185|0.00007108|0.00010439|0.00010676
tr_external_uz_dvbt_f482_r03,51,7136,DVB-T,0.7672813534736633,0.7672813534736633,LTE,0.999832272529602,0.00010118763748323545,0,8,0,False,only_4096_correct,LTE|LTE|LTE|LTE|LTE|LTE|LTE|LTE,0.99983764|0.99976951|0.99985480|0.99984741|0.99975640|0.99986458|0.99987698|0.99985087,0.00010016|0.00014382|0.00008720|0.00008791|0.00014949|0.00007996|0.00007235|0.00008861
tr_external_uz_dvbt_f482_r03,52,7137,LTE,0.8886995911598206,0.10854697227478027,LTE,0.9998457282781601,9.050375410879496e-05,0,8,0,False,both_wrong,LTE|LTE|LTE|LTE|LTE|LTE|LTE|LTE,0.99983633|0.99983191|0.99982077|0.99988627|0.99982834|0.99989450|0.99984479|0.99982291,0.00009426|0.00010285|0.00010400|0.00006850|0.00009357|0.00006282|0.00009331|0.00010471
tr_external_uz_dvbt_f482_r03,53,7138,DVB-T,0.6183739304542542,0.6183739304542542,LTE,0.9998364448547363,9.964569017029135e-05,0,8,0,False,only_4096_correct,LTE|LTE|LTE|LTE|LTE|LTE|LTE|LTE,0.99988365|0.99982458|0.99983180|0.99985862|0.99974114|0.99986768|0.99984694|0.99983716,0.00007033|0.00010876|0.00009678|0.00008778|0.00016586|0.00008025|0.00009124|0.00009617
tr_external_uz_dvbt_f482_r03,54,7139,DVB-T,0.9583141803741455,0.9583141803741455,LTE,0.9998589381575584,8.490118761983467e-05,0,8,0,False,only_4096_correct,LTE|LTE|LTE|LTE|LTE|LTE|LTE|LTE,0.99986708|0.99979502|0.99988270|0.99984157|0.99986279|0.99987578|0.99986005|0.99988651,0.00008130|0.00012259|0.00006969|0.00009363|0.00008340|0.00007436|0.00008557|0.00006867
tr_external_uz_dvbt_f482_r03,55,7140,DVB-T,0.8160865306854248,0.8160865306854248,LTE,0.9998435974121094,9.346056958747795e-05,0,8,0,False,only_4096_correct,LTE|LTE|LTE|LTE|LTE|LTE|LTE|LTE,0.99988592|0.99988043|0.99976557|0.99987531|0.99983525|0.99986005|0.99979144|0.99985480,0.00006745|0.00007096|0.00014150|0.00007349|0.00009635|0.00008359|0.00012910|0.00008524
tr_external_uz_dvbt_f482_r03,56,7141,DVB-T,0.7769486904144287,0.7769486904144287,LTE,0.9998622983694077,8.009105113160331e-05,0,8,0,False,only_4096_correct,LTE|LTE|LTE|LTE|LTE|LTE|LTE|LTE,0.99988866|0.99983621|0.99989498|0.99984264|0.99986339|0.99984992|0.99985981|0.99986279,0.00006553|0.00009262|0.00006248|0.00008922|0.00008136|0.00008873|0.00008268|0.00007810
tr_external_uz_dvbt_f482_r03,57,7142,DVB-T,0.9816498160362244,0.9816498160362244,LTE,0.9998537376523018,8.662229447509162e-05,0,8,0,False,only_4096_correct,LTE|LTE|LTE|LTE|LTE|LTE|LTE|LTE,0.99986827|0.99984574|0.99987769|0.99981207|0.99983883|0.99984848|0.99987257|0.99986625,0.00007709|0.00008913|0.00007319|0.00010910|0.00009950|0.00009006|0.00007633|0.00007857
tr_external_uz_dvbt_f482_r03,58,7143,LTE,0.633023202419281,0.3616875112056732,LTE,0.9998422786593437,9.542070438328665e-05,0,8,0,False,both_wrong,LTE|LTE|LTE|LTE|LTE|LTE|LTE|LTE,0.99983668|0.99985123|0.99980956|0.99989057|0.99988687|0.99980229|0.99984145|0.99981958,0.00009777|0.00009030|0.00011163|0.00006498|0.00006765|0.00012470|0.00009383|0.00011250
tr_external_uz_dvbt_f482_r03,59,7144,LTE,0.5164654850959778,0.478991836309433,LTE,0.9998339340090752,9.853773190116044e-05,0,8,0,False,both_wrong,LTE|LTE|LTE|LTE|LTE|LTE|LTE|LTE,0.99982786|0.99980634|0.99979919|0.99985051|0.99984872|0.99986935|0.99980015|0.99986935,0.00009966|0.00011448|0.00011970|0.00009171|0.00008935|0.00007710|0.00011709|0.00007922
tr_external_uz_dvbt_f482_r03,60,7145,LTE,0.6249837279319763,0.3703809976577759,LTE,0.9998299032449722,0.00010073439534608042,0,8,0,False,both_wrong,LTE|LTE|LTE|LTE|LTE|LTE|LTE|LTE,0.99981278|0.99982160|0.99986291|0.99986398|0.99978155|0.99981374|0.99983788|0.99984479,0.00011102|0.00010297|0.00008092|0.00007905|0.00013694|0.00010804|0.00009277|0.00009416
tr_external_uz_dvbt_f482_r03,61,7146,DVB-T,0.9935728311538696,0.9935728311538696,LTE,0.9998543336987495,8.724401686777128e-05,0,8,0,False,only_4096_correct,LTE|LTE|LTE|LTE|LTE|LTE|LTE|LTE,0.99985075|0.99986517|0.99985898|0.99981958|0.99987519|0.99984968|0.99986184|0.99985349,0.00008637|0.00007905|0.00008309|0.00011157|0.00007475|0.00009185|0.00008027|0.00009100
tr_external_uz_dvbt_f482_r03,62,7147,DVB-T,0.8227550983428955,0.8227550983428955,LTE,0.9998630508780479,8.218807852244936e-05,0,8,0,False,only_4096_correct,LTE|LTE|LTE|LTE|LTE|LTE|LTE|LTE,0.99987769|0.99979407|0.99987340|0.99987328|0.99987638|0.99988317|0.99988163|0.99984479,0.00007330|0.00012599|0.00007425|0.00007776|0.00007362|0.00006857|0.00007027|0.00009375
tr_external_uz_dvbt_f482_r03,63,7148,DVB-T,0.9806698560714722,0.9806698560714722,LTE,0.9998341947793961,9.90980997812585e-05,0,8,0,False,only_4096_correct,LTE|LTE|LTE|LTE|LTE|LTE|LTE|LTE,0.99985969|0.99984074|0.99984646|0.99976987|0.99986744|0.99983299|0.99982953|0.99982685,0.00008349|0.00009520|0.00009234|0.00014306|0.00007668|0.00009783|0.00010156|0.00010263
tr_external_uz_dvbt_f482_r03,64,7149,DVB-T,0.9894365072250366,0.9894365072250366,LTE,0.9998299106955528,0.00010233839566353709,0,8,0,False,only_4096_correct,LTE|LTE|LTE|LTE|LTE|LTE|LTE|LTE,0.99986243|0.99984396|0.99988627|0.99980205|0.99980932|0.99982893|0.99977177|0.99983454,0.00008055|0.00009049|0.00006723|0.00012111|0.00012104|0.00009741|0.00014127|0.00009961
tr_external_uz_dvbt_f482_r03,65,7150,DVB-T,0.8102632761001587,0.8102632761001587,LTE,0.9998044520616531,0.00012238086492288858,0,8,0,False,only_4096_correct,LTE|LTE|LTE|LTE|LTE|LTE|LTE|LTE,0.99980599|0.99984133|0.99986172|0.99984634|0.99987161|0.99986160|0.99947292|0.99987411,0.00011394|0.00009361|0.00008152|0.00009480|0.00007448|0.00008113|0.00036466|0.00007491
tr_external_uz_dvbt_f482_r03,66,7151,DVB-T,0.7564303874969482,0.7564303874969482,LTE,0.9998596608638763,8.254761087300722e-05,0,8,0,False,only_4096_correct,LTE|LTE|LTE|LTE|LTE|LTE|LTE|LTE,0.99986517|0.99987817|0.99984753|0.99982989|0.99984026|0.99987686|0.99984968|0.99988973,0.00007801|0.00007111|0.00008848|0.00009771|0.00009822|0.00007202|0.00008877|0.00006606
tr_external_uz_dvbt_f482_r03,67,7152,DVB-T,0.9339521527290344,0.9339521527290344,LTE,0.9998329877853394,0.0001011960748655838,0,8,0,False,only_4096_correct,LTE|LTE|LTE|LTE|LTE|LTE|LTE|LTE,0.99980789|0.99987960|0.99981266|0.99980706|0.99983466|0.99980503|0.99986494|0.99985206,0.00011716|0.00007209|0.00011710|0.00011260|0.00010159|0.00012078|0.00007958|0.00008867
tr_external_uz_dvbt_f482_r03,68,7153,LTE,0.9008604288101196,0.09667985886335373,LTE,0.9998596832156181,8.368308044737205e-05,0,8,0,False,both_wrong,LTE|LTE|LTE|LTE|LTE|LTE|LTE|LTE,0.99985969|0.99985182|0.99983943|0.99987447|0.99989426|0.99979824|0.99987304|0.99988651,0.00008298|0.00008932|0.00009256|0.00007591|0.00006392|0.00012381|0.00007318|0.00006779
tr_external_uz_dvbt_f482_r03,69,7154,LTE,0.7234384417533875,0.27228599786758423,LTE,0.9998378828167915,9.678104470367543e-05,0,8,0,False,both_wrong,LTE|LTE|LTE|LTE|LTE|LTE|LTE|LTE,0.99986017|0.99989462|0.99982315|0.99979585|0.99988270|0.99985719|0.99987137|0.99971801,0.00008274|0.00006253|0.00010419|0.00011781|0.00006926|0.00008549|0.00007739|0.00017485
tr_external_uz_dvbt_f482_r03,70,7155,DVB-T,0.9400274753570557,0.9400274753570557,LTE,0.9998269006609917,0.00010351912351325154,0,8,0,False,only_4096_correct,LTE|LTE|LTE|LTE|LTE|LTE|LTE|LTE,0.99987626|0.99978441|0.99985659|0.99982929|0.99985003|0.99976379|0.99983621|0.99981862,0.00007293|0.00013225|0.00008536|0.00010069|0.00008889|0.00014351|0.00009502|0.00010950
tr_external_uz_dvbt_f482_r03,71,7156,DVB-T,0.7491933703422546,0.7491933703422546,LTE,0.9998376220464706,9.674345892562997e-05,0,8,0,False,only_4096_correct,LTE|LTE|LTE|LTE|LTE|LTE|LTE|LTE,0.99984133|0.99984384|0.99984908|0.99985468|0.99975258|0.99987316|0.99986589|0.99982041,0.00009410|0.00009248|0.00008863|0.00008638|0.00015332|0.00007506|0.00007823|0.00010575
tr_external_uz_dvbt_f482_r03,72,7157,DVB-T,0.9341306090354919,0.9341306090354919,LTE,0.9998451173305511,9.35512389332871e-05,0,8,0,False,only_4096_correct,LTE|LTE|LTE|LTE|LTE|LTE|LTE|LTE,0.99985600|0.99984205|0.99988544|0.99979061|0.99988246|0.99983406|0.99987602|0.99979430,0.00008770|0.00009409|0.00006730|0.00013054|0.00007028|0.00009866|0.00007352|0.00012632
tr_external_uz_dvbt_f482_r03,73,7158,DVB-T,0.6954137086868286,0.6954137086868286,LTE,0.9998572468757629,8.572591832489707e-05,0,8,0,False,only_4096_correct,LTE|LTE|LTE|LTE|LTE|LTE|LTE|LTE,0.99984252|0.99986064|0.99987328|0.99984634|0.99987769|0.99983346|0.99986398|0.99986005,0.00009121|0.00008446|0.00007447|0.00009192|0.00007334|0.00009939|0.00008355|0.00008747
tr_external_uz_dvbt_f482_r03,74,7159,LTE,0.6086077094078064,0.3861197829246521,LTE,0.9998424351215363,9.196210430673091e-05,0,8,0,False,both_wrong,LTE|LTE|LTE|LTE|LTE|LTE|LTE|LTE,0.99982870|0.99985266|0.99985504|0.99983513|0.99984741|0.99983644|0.99984550|0.99983859,0.00010134|0.00008188|0.00008645|0.00009550|0.00009131|0.00009695|0.00009123|0.00009103
tr_external_uz_dvbt_f482_r03,75,7160,DVB-T,0.7036837935447693,0.7036837935447693,LTE,0.999849446117878,9.091615902434569e-05,0,8,0,False,only_4096_correct,LTE|LTE|LTE|LTE|LTE|LTE|LTE|LTE,0.99980921|0.99985993|0.99985385|0.99984503|0.99987555|0.99984300|0.99985588|0.99985313,0.00012023|0.00008268|0.00008823|0.00009456|0.00007298|0.00009713|0.00008486|0.00008665
tr_external_uz_dvbt_f482_r03,76,7161,DVB-T,0.5654348731040955,0.5654348731040955,LTE,0.9998405650258064,9.596036852599354e-05,0,8,0,False,only_4096_correct,LTE|LTE|LTE|LTE|LTE|LTE|LTE|LTE,0.99985278|0.99989831|0.99979109|0.99986458|0.99979407|0.99987257|0.99980766|0.99984348,0.00008516|0.00006108|0.00012896|0.00007971|0.00012552|0.00007509|0.00011959|0.00009258
tr_external_uz_dvbt_f482_r03,77,7162,DVB-T,0.865424394607544,0.865424394607544,LTE,0.999840997159481,9.560322541801725e-05,0,8,0,False,only_4096_correct,LTE|LTE|LTE|LTE|LTE|LTE|LTE|LTE,0.99988186|0.99983346|0.99986243|0.99983394|0.99984264|0.99986994|0.99984610|0.99975759,0.00006956|0.00009784|0.00008060|0.00010128|0.00009052|0.00007771|0.00009476|0.00015256
tr_external_uz_dvbt_f482_r03,78,7163,DVB-T,0.5132904648780823,0.5132904648780823,LTE,0.999823234975338,0.00010526883488637395,0,8,0,False,only_4096_correct,LTE|LTE|LTE|LTE|LTE|LTE|LTE|LTE,0.99980420|0.99982303|0.99984336|0.99980050|0.99980229|0.99980074|0.99983633|0.99987543,0.00010911|0.00010778|0.00008805|0.00012271|0.00012013|0.00011864|0.00010139|0.00007435
tr_external_uz_dvbt_f482_r03,79,7164,DVB-T,0.804428219795227,0.804428219795227,LTE,0.9998524487018585,8.848647576087387e-05,0,8,0,False,only_4096_correct,LTE|LTE|LTE|LTE|LTE|LTE|LTE|LTE,0.99987721|0.99985111|0.99982625|0.99986780|0.99979395|0.99989080|0.99986911|0.99984336,0.00007415|0.00008849|0.00010610|0.00007914|0.00011938|0.00006481|0.00008082|0.00009500
tr_external_uz_dvbt_f482_r03,80,7165,DVB-T,0.9888455271720886,0.9888455271720886,LTE,0.9998543709516525,8.562605444240035e-05,0,8,0,False,only_4096_correct,LTE|LTE|LTE|LTE|LTE|LTE|LTE|LTE,0.99990046|0.99988043|0.99981183|0.99985147|0.99982017|0.99986446|0.99983013|0.99987602,0.00005987|0.00007132|0.00010949|0.00008908|0.00010529|0.00007775|0.00009904|0.00007317
tr_external_uz_dvbt_f482_r03,81,7166,DVB-T,0.899871826171875,0.899871826171875,LTE,0.9998593255877495,8.368476028408622e-05,0,8,0,False,only_4096_correct,LTE|LTE|LTE|LTE|LTE|LTE|LTE|LTE,0.99986029|0.99980742|0.99989092|0.99983454|0.99985421|0.99986231|0.99987817|0.99988675,0.00008590|0.00011424|0.00006465|0.00009428|0.00008932|0.00008049|0.00007125|0.00006934
tr_external_uz_dvbt_f482_r03,82,7167,LTE,0.6022886037826538,0.39267608523368835,LTE,0.9998649209737778,7.995691430551233e-05,0,8,0,False,both_wrong,LTE|LTE|LTE|LTE|LTE|LTE|LTE|LTE,0.99985123|0.99987566|0.99984813|0.99986327|0.99988675|0.99986005|0.99987900|0.99985528,0.00008681|0.00007403|0.00008939|0.00008296|0.00006737|0.00008647|0.00007088|0.00008174
tr_external_uz_dvbt_f482_r03,83,7168,DVB-T,0.9319849014282227,0.9319849014282227,LTE,0.9998416751623154,9.520699677523226e-05,0,8,0,False,only_4096_correct,LTE|LTE|LTE|LTE|LTE|LTE|LTE|LTE,0.99988472|0.99974471|0.99988377|0.99987447|0.99981648|0.99984848|0.99983931|0.99984145,0.00006747|0.00016138|0.00006927|0.00007527|0.00010609|0.00009045|0.00009723|0.00009449
tr_external_uz_dvbt_f482_r03,84,7169,LTE,0.5976290106773376,0.3974429965019226,LTE,0.9998478665947914,9.226703150488902e-05,0,8,0,False,both_wrong,LTE|LTE|LTE|LTE|LTE|LTE|LTE|LTE,0.99986279|0.99975854|0.99984074|0.99984956|0.99988210|0.99984837|0.99985766|0.99988317,0.00008190|0.00015418|0.00009892|0.00009166|0.00007019|0.00009129|0.00008159|0.00006840
tr_external_uz_dvbt_f482_r03,85,7170,DVB-T,0.9706774353981018,0.9706774353981018,LTE,0.9998516589403152,8.842455827107187e-05,0,8,0,False,only_4096_correct,LTE|LTE|LTE|LTE|LTE|LTE|LTE|LTE,0.99984848|0.99984741|0.99986076|0.99983382|0.99983597|0.99987018|0.99985766|0.99985898,0.00009430|0.00008897|0.00008037|0.00010286|0.00009842|0.00007516|0.00008299|0.00008432
tr_external_uz_dvbt_f482_r03,86,7171,DVB-T,0.9866234660148621,0.9866234660148621,LTE,0.9998353347182274,9.864689036476193e-05,0,8,0,False,only_4096_correct,LTE|LTE|LTE|LTE|LTE|LTE|LTE|LTE,0.99980730|0.99986541|0.99971646|0.99982375|0.99987864|0.99985373|0.99988973|0.99984765,0.00011552|0.00007934|0.00017425|0.00010612|0.00007289|0.00008463|0.00006640|0.00009002
tr_external_uz_dvbt_f482_r03,87,7172,DVB-T,0.8576642274856567,0.8576642274856567,LTE,0.9998500496149063,8.860162233759183e-05,0,8,0,False,only_4096_correct,LTE|LTE|LTE|LTE|LTE|LTE|LTE|LTE,0.99983943|0.99984181|0.99987793|0.99982589|0.99983370|0.99986565|0.99982399|0.99989200,0.00008986|0.00009339|0.00007280|0.00010597|0.00009751|0.00008251|0.00010263|0.00006414
tr_external_uz_dvbt_f482_r03,88,7173,DVB-T,0.8793969750404358,0.8793969750404358,LTE,0.9998704195022583,7.736579209449701e-05,0,8,0,False,only_4096_correct,LTE|LTE|LTE|LTE|LTE|LTE|LTE|LTE,0.99989676|0.99986720|0.99988294|0.99985850|0.99986267|0.99987590|0.99983096|0.99988842,0.00006147|0.00007917|0.00006960|0.00008399|0.00008276|0.00007435|0.00010174|0.00006584
tr_external_uz_dvbt_f482_r03,89,7174,DVB-T,0.9286412000656128,0.9286412000656128,LTE,0.9998564645648003,8.536080258636503e-05,0,8,0,False,only_4096_correct,LTE|LTE|LTE|LTE|LTE|LTE|LTE|LTE,0.99986124|0.99987936|0.99976152|0.99984372|0.99987054|0.99987400|0.99987888|0.99988246,0.00007926|0.00007192|0.00014781|0.00009554|0.00007466|0.00007283|0.00007166|0.00006921
tr_external_uz_dvbt_f482_r03,90,7175,DVB-T,0.8114261627197266,0.8114261627197266,LTE,0.9998572766780853,8.341759439645102e-05,0,8,0,False,only_4096_correct,LTE|LTE|LTE|LTE|LTE|LTE|LTE|LTE,0.99982327|0.99985898|0.99985898|0.99989498|0.99988866|0.99987090|0.99984968|0.99981278,0.00009857|0.00008425|0.00008286|0.00006265|0.00006613|0.00007855|0.00008608|0.00010824
tr_external_uz_dvbt_f482_r03,91,7176,DVB-T,0.6382768154144287,0.6382768154144287,LTE,0.9998736083507538,7.494509918615222e-05,0,8,0,False,only_4096_correct,LTE|LTE|LTE|LTE|LTE|LTE|LTE|LTE,0.99987221|0.99986041|0.99987650|0.99988592|0.99988139|0.99983776|0.99989951|0.99987519,0.00007441|0.00008219|0.00007593|0.00006800|0.00006983|0.00009375|0.00006045|0.00007500
tr_external_uz_dvbt_f482_r03,92,7177,DVB-T,0.7880623936653137,0.7880623936653137,LTE,0.9998469054698944,9.184297141473508e-05,0,8,0,False,only_4096_correct,LTE|LTE|LTE|LTE|LTE|LTE|LTE|LTE,0.99985790|0.99977332|0.99987388|0.99987447|0.99985516|0.99977702|0.99987793|0.99988556,0.00008371|0.00013841|0.00007429|0.00007562|0.00008885|0.00013503|0.00007164|0.00006721
tr_external_uz_dvbt_f482_r03,93,7178,LTE,0.5298143625259399,0.4647882282733917,LTE,0.999849796295166,8.968231804828974e-05,0,8,0,False,both_wrong,LTE|LTE|LTE|LTE|LTE|LTE|LTE|LTE,0.99984479|0.99985170|0.99992144|0.99982578|0.99978763|0.99985528|0.99985611|0.99985564,0.00009072|0.00008400|0.00004788|0.00010408|0.00013006|0.00008823|0.00008470|0.00008777
tr_external_uz_dvbt_f482_r03,94,7179,DVB-T,0.8265588879585266,0.8265588879585266,LTE,0.999863401055336,7.936314977996517e-05,0,8,0,False,only_4096_correct,LTE|LTE|LTE|LTE|LTE|LTE|LTE|LTE,0.99984396|0.99986291|0.99984276|0.99988961|0.99987137|0.99988961|0.99982858|0.99987841,0.00008722|0.00008021|0.00009193|0.00006555|0.00007634|0.00006534|0.00009629|0.00007203
tr_external_uz_dvbt_f482_r03,95,7180,LTE,0.7997259497642517,0.19647884368896484,LTE,0.9998655095696449,7.843294952181168e-05,0,8,0,False,both_wrong,LTE|LTE|LTE|LTE|LTE|LTE|LTE|LTE,0.99982291|0.99985385|0.99984479|0.99986017|0.99988294|0.99988592|0.99987650|0.99989700,0.00010019|0.00008855|0.00008880|0.00007938|0.00006854|0.00006738|0.00007296|0.00006168
tr_external_uz_dvbt_f482_r03,96,7181,DVB-T,0.9282066226005554,0.9282066226005554,LTE,0.9998596087098122,8.453884038317483e-05,0,8,0,False,only_4096_correct,LTE|LTE|LTE|LTE|LTE|LTE|LTE|LTE,0.99988043|0.99989057|0.99985290|0.99985623|0.99980277|0.99988973|0.99985731|0.99984694,0.00007166|0.00006541|0.00009144|0.00008866|0.00012136|0.00006533|0.00008159|0.00009086
tr_external_uz_dvbt_f482_r03,97,7182,LTE,0.9930108189582825,0.006447403691709042,LTE,0.9998667240142822,7.937633017718326e-05,0,8,0,False,both_wrong,LTE|LTE|LTE|LTE|LTE|LTE|LTE|LTE,0.99987352|0.99984682|0.99987614|0.99985933|0.99984300|0.99989223|0.99986732|0.99987543,0.00007357|0.00009338|0.00007283|0.00008372|0.00009441|0.00006432|0.00007920|0.00007358
tr_external_uz_dvbt_f482_r03,98,7183,DVB-T,0.5966598987579346,0.5966598987579346,LTE,0.9998455122113228,9.239006431016605e-05,0,8,0,False,only_4096_correct,LTE|LTE|LTE|LTE|LTE|LTE|LTE|LTE,0.99989104|0.99979907|0.99981183|0.99985027|0.99986076|0.99982601|0.99987078|0.99985433,0.00006483|0.00012021|0.00011282|0.00009015|0.00008190|0.00010385|0.00007522|0.00009015
tr_external_uz_dvbt_f482_r03,99,7184,DVB-T,0.9616872072219849,0.9616872072219849,LTE,0.9998325631022453,0.00010168173412239412,0,8,0,False,only_4096_correct,LTE|LTE|LTE|LTE|LTE|LTE|LTE|LTE,0.99987376|0.99981660|0.99981505|0.99983525|0.99976236|0.99984252|0.99984181|0.99987316,0.00007601|0.00011354|0.00010976|0.00010187|0.00014949|0.00009515|0.00009233|0.00007529
tr_external_uz_dvbt_f482_r03,100,7185,DVB-T,0.9356716871261597,0.9356716871261597,LTE,0.999858170747757,8.499839896103367e-05,0,8,0,False,only_4096_correct,LTE|LTE|LTE|LTE|LTE|LTE|LTE|LTE,0.99988210|0.99984384|0.99984777|0.99987924|0.99988103|0.99988437|0.99982446|0.99982256,0.00007160|0.00009488|0.00008530|0.00007125|0.00006995|0.00006907|0.00010692|0.00011102
tr_external_uz_dvbt_f482_r03,101,7186,DVB-T,0.7507942914962769,0.7507942914962769,LTE,0.9998426884412766,9.473092086409451e-05,0,8,0,False,only_4096_correct,LTE|LTE|LTE|LTE|LTE|LTE|LTE|LTE,0.99986768|0.99983060|0.99986422|0.99981707|0.99984217|0.99986136|0.99985802|0.99980038,0.00007697|0.00010413|0.00007975|0.00011300|0.00009477|0.00007982|0.00008399|0.00012543
tr_external_uz_dvbt_f482_r03,102,7187,DVB-T,0.8685309290885925,0.8685309290885925,LTE,0.9998676776885986,7.849455869290978e-05,0,8,0,False,only_4096_correct,LTE|LTE|LTE|LTE|LTE|LTE|LTE|LTE,0.99984717|0.99986994|0.99987376|0.99986160|0.99986374|0.99988115|0.99987006|0.99987400,0.00009208|0.00007851|0.00007331|0.00008352|0.00007953|0.00007103|0.00007643|0.00007355
tr_external_uz_dvbt_f482_r03,103,7188,DVB-T,0.7464085221290588,0.7464085221290588,LTE,0.9998579025268555,8.638274448458105e-05,0,8,0,False,only_4096_correct,LTE|LTE|LTE|LTE|LTE|LTE|LTE|LTE,0.99984419|0.99986517|0.99988568|0.99984968|0.99988079|0.99982929|0.99982977|0.99987864,0.00009367|0.00008321|0.00006798|0.00009234|0.00006985|0.00010478|0.00010653|0.00007271
tr_external_uz_dvbt_f482_r03,104,7189,DVB-T,0.7342425584793091,0.7342425584793091,LTE,0.9998366013169289,9.707372464617947e-05,0,8,0,False,only_4096_correct,LTE|LTE|LTE|LTE|LTE|LTE|LTE|LTE,0.99985468|0.99987495|0.99989378|0.99978501|0.99982184|0.99983287|0.99984705|0.99978262,0.00008828|0.00007301|0.00006339|0.00012455|0.00010457|0.00010248|0.00008854|0.00013177
tr_external_uz_dvbt_f482_r03,105,7190,DVB-T,0.6536250114440918,0.6536250114440918,LTE,0.9998528808355331,8.885095485311467e-05,0,8,0,False,only_4096_correct,LTE|LTE|LTE|LTE|LTE|LTE|LTE|LTE,0.99986219|0.99987578|0.99984801|0.99984741|0.99989152|0.99981970|0.99981290|0.99986553,0.00008413|0.00007386|0.00009275|0.00008877|0.00006470|0.00010867|0.00011841|0.00007952
tr_external_uz_dvbt_f482_r03,106,7191,LTE,0.9997784495353699,0.0001662634313106537,LTE,0.9998520985245705,8.985362455860013e-05,0,8,0,False,both_wrong,LTE|LTE|LTE|LTE|LTE|LTE|LTE|LTE,0.99975747|0.99986827|0.99983597|0.99988151|0.99986982|0.99983537|0.99988186|0.99988651,0.00014813|0.00008102|0.00010108|0.00007214|0.00007818|0.00009929|0.00007119|0.00006780
tr_external_uz_dvbt_f482_r03,107,7192,LTE,0.8883121609687805,0.10825283825397491,LTE,0.9998607337474823,8.417789649683982e-05,0,8,0,False,both_wrong,LTE|LTE|LTE|LTE|LTE|LTE|LTE|LTE,0.99984980|0.99988687|0.99980825|0.99988246|0.99982494|0.99988234|0.99988365|0.99986756,0.00009216|0.00006680|0.00012028|0.00006868|0.00010857|0.00006940|0.00007000|0.00007754
tr_external_uz_dvbt_f482_r03,108,7193,DVB-T,0.8092255592346191,0.8092255592346191,LTE,0.9998704940080643,7.660417213628534e-05,0,8,0,False,only_4096_correct,LTE|LTE|LTE|LTE|LTE|LTE|LTE|LTE,0.99986541|0.99983299|0.99983704|0.99990308|0.99988842|0.99988973|0.99988651|0.99986076,0.00007852|0.00010078|0.00009220|0.00005840|0.00006620|0.00006540|0.00006693|0.00008440
tr_external_uz_dvbt_f482_r03,109,7194,LTE,0.879632294178009,0.1170164942741394,LTE,0.999855138361454,8.644382887723623e-05,0,8,0,False,both_wrong,LTE|LTE|LTE|LTE|LTE|LTE|LTE|LTE,0.99985588|0.99984741|0.99981874|0.99989247|0.99987483|0.99984324|0.99985588|0.99985266,0.00008559|0.00009150|0.00011032|0.00006429|0.00007289|0.00009474|0.00008369|0.00008853
tr_external_uz_dvbt_f482_r03,110,7195,LTE,0.5691313743591309,0.4253736436367035,LTE,0.999831810593605,0.00010135431693925057,0,8,0,False,both_wrong,LTE|LTE|LTE|LTE|LTE|LTE|LTE|LTE,0.99988031|0.99988401|0.99987149|0.99980062|0.99982446|0.99987018|0.99975032|0.99977309,0.00006986|0.00006931|0.00007440|0.00011713|0.00010507|0.00007770|0.00015445|0.00014290
tr_external_uz_dvbt_f482_r03,111,7196,LTE,0.923723042011261,0.0736566111445427,LTE,0.9998488798737526,8.85522549651796e-05,0,8,0,False,both_wrong,LTE|LTE|LTE|LTE|LTE|LTE|LTE|LTE,0.99985015|0.99986327|0.99986649|0.99979693|0.99985218|0.99984944|0.99986744|0.99984515,0.00008800|0.00008043|0.00007806|0.00012084|0.00008717|0.00008853|0.00007697|0.00008841
tr_external_uz_dvbt_f482_r03,112,7197,DVB-T,0.8304569721221924,0.8304569721221924,LTE,0.9998456835746765,9.256237990484806e-05,0,8,0,False,only_4096_correct,LTE|LTE|LTE|LTE|LTE|LTE|LTE|LTE,0.99983108|0.99983668|0.99986637|0.99985671|0.99984825|0.99982989|0.99986160|0.99983490,0.00010083|0.00009817|0.00008045|0.00008430|0.00008935|0.00010475|0.00008289|0.00009976
tr_external_uz_dvbt_f482_r03,113,7198,LTE,0.6103222966194153,0.3841884136199951,LTE,0.9998336061835289,9.967346704797819e-05,0,8,0,False,both_wrong,LTE|LTE|LTE|LTE|LTE|LTE|LTE|LTE,0.99984562|0.99987280|0.99980766|0.99984539|0.99978715|0.99983621|0.99982291|0.99985111,0.00009156|0.00007610|0.00011106|0.00008872|0.00013000|0.00009920|0.00010906|0.00009170
tr_external_uz_dvbt_f482_r03,114,7199,LTE,0.7498310208320618,0.24555298686027527,LTE,0.9998501539230347,8.801200647212681e-05,0,8,0,False,both_wrong,LTE|LTE|LTE|LTE|LTE|LTE|LTE|LTE,0.99981219|0.99984813|0.99984455|0.99988115|0.99985886|0.99983191|0.99990368|0.99982077,0.00011700|0.00008689|0.00009023|0.00007124|0.00008049|0.00009684|0.00005817|0.00010323
tr_external_uz_dvbt_f482_r03,115,7200,DVB-T,0.9329092502593994,0.9329092502593994,LTE,0.9998611435294151,8.20519016997423e-05,0,8,0,False,only_4096_correct,LTE|LTE|LTE|LTE|LTE|LTE|LTE|LTE,0.99986637|0.99979955|0.99983084|0.99988067|0.99985552|0.99987185|0.99988842|0.99989593,0.00008086|0.00012107|0.00009486|0.00007225|0.00008477|0.00007414|0.00006607|0.00006239
tr_external_uz_dvbt_f482_r03,116,7201,LTE,0.861128032207489,0.1354736089706421,LTE,0.9998587444424629,8.351531641892507e-05,0,8,0,False,both_wrong,LTE|LTE|LTE|LTE|LTE|LTE|LTE|LTE,0.99981493|0.99984825|0.99990213|0.99985790|0.99985039|0.99987721|0.99985433|0.99986482,0.00010495|0.00008935|0.00005869|0.00008724|0.00009207|0.00007135|0.00008549|0.00007900
tr_external_uz_dvbt_f482_r03,117,7202,DVB-T,0.6481549739837646,0.6481549739837646,LTE,0.9998537674546242,8.661836000101175e-05,0,8,0,False,only_4096_correct,LTE|LTE|LTE|LTE|LTE|LTE|LTE|LTE,0.99983704|0.99987817|0.99987030|0.99985909|0.99986970|0.99986756|0.99983501|0.99981326,0.00009370|0.00007158|0.00007723|0.00008220|0.00007941|0.00007796|0.00009666|0.00011420
tr_external_uz_dvbt_f482_r03,118,7203,LTE,0.5020900368690491,0.4923468828201294,LTE,0.9998432472348213,9.461526678933296e-05,0,8,0,False,both_wrong,LTE|LTE|LTE|LTE|LTE|LTE|LTE|LTE,0.99980420|0.99985754|0.99985027|0.99983215|0.99984920|0.99984825|0.99987578|0.99982858,0.00011940|0.00008749|0.00009122|0.00010186|0.00008894|0.00009179|0.00007337|0.00010285
tr_external_uz_dvbt_f482_r03,119,7204,LTE,0.58130943775177,0.4134396016597748,LTE,0.9998442083597183,9.323387985205045e-05,0,8,0,False,both_wrong,LTE|LTE|LTE|LTE|LTE|LTE|LTE|LTE,0.99985147|0.99985325|0.99979860|0.99988699|0.99983180|0.99986207|0.99987352|0.99979597,0.00008733|0.00008618|0.00012244|0.00006698|0.00010386|0.00007938|0.00007524|0.00012445
tr_external_uz_dvbt_f482_r03,120,7205,DVB-T,0.9281148314476013,0.9281148314476013,LTE,0.9998441487550735,9.297097403759835e-05,0,8,0,False,only_4096_correct,LTE|LTE|LTE|LTE|LTE|LTE|LTE|LTE,0.99982733|0.99985576|0.99987471|0.99983191|0.99983299|0.99984276|0.99986315|0.99982458,0.00010018|0.00008824|0.00007467|0.00010442|0.00009923|0.00009386|0.00008266|0.00010050
tr_external_uz_dvbt_f482_r03,121,7206,LTE,0.6464941501617432,0.34941908717155457,LTE,0.9998543560504913,8.64914190970012e-05,0,8,0,False,both_wrong,LTE|LTE|LTE|LTE|LTE|LTE|LTE|LTE,0.99986207|0.99982977|0.99986589|0.99989092|0.99986422|0.99984837|0.99982941|0.99984419,0.00008049|0.00009916|0.00007913|0.00006481|0.00008408|0.00009273|0.00009819|0.00009334
tr_external_uz_dvbt_f482_r03,122,7207,DVB-T,0.6920400857925415,0.6920400857925415,LTE,0.9998616203665733,8.24797843961278e-05,0,8,0,False,only_4096_correct,LTE|LTE|LTE|LTE|LTE|LTE|LTE|LTE,0.99985611|0.99984205|0.99987924|0.99986434|0.99987495|0.99986756|0.99982411|0.99988461,0.00008388|0.00009226|0.00007206|0.00008014|0.00007582|0.00007886|0.00010675|0.00007006
tr_external_uz_dvbt_f482_r03,123,7208,DVB-T,0.9627824425697327,0.9627824425697327,LTE,0.9998493045568466,9.138644327322254e-05,0,8,0,False,only_4096_correct,LTE|LTE|LTE|LTE|LTE|LTE|LTE|LTE,0.99987411|0.99985254|0.99987733|0.99985886|0.99981850|0.99985039|0.99978799|0.99987471,0.00007520|0.00009015|0.00007385|0.00008581|0.00011186|0.00008848|0.00012980|0.00007593
tr_external_uz_dvbt_f482_r03,124,7209,DVB-T,0.6133762001991272,0.6133762001991272,LTE,0.9998548552393913,8.62075303302845e-05,0,8,0,False,only_4096_correct,LTE|LTE|LTE|LTE|LTE|LTE|LTE|LTE,0.99988568|0.99983597|0.99985266|0.99988031|0.99984384|0.99986649|0.99981171|0.99986219,0.00006806|0.00009547|0.00008925|0.00007100|0.00008948|0.00007879|0.00011624|0.00008137
tr_external_uz_dvbt_f482_r03,125,7210,LTE,0.9735557436943054,0.025243747979402542,LTE,0.9998381063342094,9.67965188465314e-05,0,8,0,False,both_wrong,LTE|LTE|LTE|LTE|LTE|LTE|LTE|LTE,0.99985838|0.99981719|0.99986601|0.99983788|0.99985504|0.99988246|0.99977785|0.99981004,0.00008181|0.00010231|0.00008023|0.00009950|0.00008706|0.00006930|0.00013682|0.00011735
tr_external_uz_dvbt_f482_r03,126,7211,DVB-T,0.6526327729225159,0.6526327729225159,LTE,0.9998453557491302,9.267722725780914e-05,0,8,0,False,only_4096_correct,LTE|LTE|LTE|LTE|LTE|LTE|LTE|LTE,0.99982506|0.99986315|0.99980050|0.99985397|0.99985516|0.99984372|0.99984276|0.99987853,0.00010400|0.00008202|0.00012244|0.00008947|0.00008363|0.00009558|0.00009162|0.00007265
tr_external_uz_dvbt_f482_r03,127,7212,LTE,0.6293907761573792,0.36537986993789673,LTE,0.9998410493135452,9.640917141950922e-05,0,8,0,False,both_wrong,LTE|LTE|LTE|LTE|LTE|LTE|LTE|LTE,0.99983621|0.99978286|0.99980742|0.99988520|0.99983883|0.99986827|0.99986279|0.99984682,0.00010109|0.00013552|0.00011453|0.00006771|0.00009947|0.00007729|0.00008082|0.00009484
tr_external_uz_dvbt_f482_r03,128,7213,DVB-T,0.6997370719909668,0.6997370719909668,LTE,0.9998583868145943,8.375768538826378e-05,0,8,0,False,only_4096_correct,LTE|LTE|LTE|LTE|LTE|LTE|LTE|LTE,0.99987864|0.99986410|0.99983609|0.99983358|0.99988365|0.99982613|0.99987864|0.99986625,0.00007276|0.00008187|0.00009335|0.00010174|0.00006848|0.00009989|0.00007280|0.00007917
tr_external_uz_dvbt_f482_r03,129,7214,LTE,0.9314790964126587,0.06630969047546387,LTE,0.9998669922351837,7.930689162094495e-05,0,8,0,False,both_wrong,LTE|LTE|LTE|LTE|LTE|LTE|LTE|LTE,0.99986815|0.99990773|0.99981517|0.99988604|0.99985373|0.99990261|0.99988210|0.99982041,0.00008019|0.00005580|0.00010824|0.00006694|0.00008918|0.00005859|0.00006958|0.00010593
tr_external_uz_dvbt_f482_r03,130,7215,LTE,0.6180357336997986,0.3769500255584717,LTE,0.9998538866639137,8.670111947139958e-05,0,8,0,False,both_wrong,LTE|LTE|LTE|LTE|LTE|LTE|LTE|LTE,0.99985230|0.99987686|0.99985123|0.99982077|0.99986017|0.99987030|0.99985123|0.99984825,0.00008748|0.00007263|0.00009186|0.00010609|0.00008133|0.00007766|0.00009090|0.00008566
tr_external_uz_dvbt_f482_r03,131,7216,LTE,0.8353689312934875,0.16109085083007812,LTE,0.9998233020305634,0.00010560391092440113,0,8,0,False,both_wrong,LTE|LTE|LTE|LTE|LTE|LTE|LTE|LTE,0.99989462|0.99979764|0.99986041|0.99980062|0.99982458|0.99979240|0.99980241|0.99981374,0.00006267|0.00012472|0.00008253|0.00012208|0.00010611|0.00011942|0.00012104|0.00010627
tr_external_uz_dvbt_f482_r03,132,7217,LTE,0.8687732815742493,0.1278005838394165,LTE,0.9997726827859879,0.00014196513166098157,0,8,0,False,both_wrong,LTE|LTE|LTE|LTE|LTE|LTE|LTE|LTE,0.99981493|0.99984443|0.99935085|0.99984908|0.99986303|0.99987781|0.99980551|0.99977583,0.00010687|0.00009082|0.00044481|0.00009115|0.00008176|0.00007404|0.00011432|0.00013195
tr_external_uz_dvbt_f482_r03,133,7218,DVB-T,0.931247353553772,0.931247353553772,LTE,0.9998320415616035,9.924745427269954e-05,0,8,0,False,only_4096_correct,LTE|LTE|LTE|LTE|LTE|LTE|LTE|LTE,0.99984241|0.99986470|0.99979526|0.99984407|0.99981683|0.99979323|0.99987233|0.99982750,0.00009266|0.00007984|0.00011975|0.00009543|0.00010786|0.00012165|0.00007441|0.00010239
tr_external_uz_dvbt_f482_r03,134,7219,DVB-T,0.9404584169387817,0.9404584169387817,LTE,0.9998459368944168,9.139035591942957e-05,0,8,0,False,only_4096_correct,LTE|LTE|LTE|LTE|LTE|LTE|LTE|LTE,0.99984729|0.99984336|0.99984360|0.99986315|0.99986529|0.99982750|0.99983025|0.99984705,0.00009077|0.00009273|0.00009656|0.00007800|0.00008076|0.00010198|0.00010015|0.00009018
tr_external_uz_dvbt_f482_r03,135,7220,DVB-T,0.9472127556800842,0.9472127556800842,LTE,0.9998650923371315,7.965799886733294e-05,0,8,0,False,only_4096_correct,LTE|LTE|LTE|LTE|LTE|LTE|LTE|LTE,0.99985850|0.99987078|0.99988222|0.99987411|0.99982578|0.99985969|0.99987459|0.99987507,0.00008600|0.00007520|0.00006978|0.00007301|0.00010220|0.00008363|0.00007316|0.00007429
tr_external_uz_dvbt_f482_r03,136,7221,LTE,0.5029672980308533,0.49168291687965393,LTE,0.9998739808797836,7.46453461033525e-05,0,8,0,False,both_wrong,LTE|LTE|LTE|LTE|LTE|LTE|LTE|LTE,0.99987280|0.99988854|0.99986291|0.99985993|0.99986660|0.99987626|0.99987388|0.99989092,0.00007541|0.00006635|0.00008205|0.00008146|0.00007841|0.00007324|0.00007513|0.00006511
tr_external_uz_dvbt_f482_r03,137,7222,LTE,0.9342308044433594,0.06351200491189957,LTE,0.9998549744486809,8.556205830245744e-05,0,8,0,False,both_wrong,LTE|LTE|LTE|LTE|LTE|LTE|LTE|LTE,0.99984968|0.99989712|0.99984503|0.99988246|0.99983728|0.99986279|0.99984133|0.99982411,0.00008703|0.00006150|0.00009266|0.00006902|0.00009904|0.00007955|0.00009036|0.00010534
tr_external_uz_dvbt_f482_r03,138,7223,LTE,0.8605091571807861,0.13587871193885803,LTE,0.9998451471328735,9.175750437862007e-05,0,8,0,False,both_wrong,LTE|LTE|LTE|LTE|LTE|LTE|LTE|LTE,0.99982709|0.99981648|0.99987161|0.99983859|0.99986064|0.99986136|0.99983704|0.99984837,0.00010743|0.00010900|0.00007648|0.00009330|0.00007966|0.00007915|0.00009554|0.00009349
tr_external_uz_dvbt_f482_r03,139,7224,LTE,0.55341637134552,0.44155198335647583,LTE,0.99983299523592,9.968720496544847e-05,0,8,0,False,both_wrong,LTE|LTE|LTE|LTE|LTE|LTE|LTE|LTE,0.99986219|0.99982482|0.99979192|0.99984682|0.99981314|0.99983597|0.99984682|0.99984229,0.00008199|0.00010593|0.00011997|0.00008937|0.00011537|0.00009962|0.00009243|0.00009282
tr_external_uz_dvbt_f482_r03,140,7225,LTE,0.5450291037559509,0.44990038871765137,LTE,0.999829076230526,0.00010221652155451011,0,8,0,False,both_wrong,LTE|LTE|LTE|LTE|LTE|LTE|LTE|LTE,0.99974233|0.99982458|0.99985564|0.99980861|0.99985385|0.99983180|0.99988186|0.99983394,0.00015858|0.00009903|0.00008611|0.00011186|0.00008668|0.00010526|0.00007124|0.00009897
tr_external_uz_dvbt_f482_r03,141,7226,LTE,0.8511505722999573,0.1454993039369583,LTE,0.9998637139797211,8.056242950260639e-05,0,8,0,False,both_wrong,LTE|LTE|LTE|LTE|LTE|LTE|LTE|LTE,0.99983931|0.99986863|0.99988592|0.99986076|0.99986851|0.99986517|0.99986970|0.99985170,0.00009330|0.00008084|0.00006787|0.00008546|0.00007596|0.00007685|0.00007825|0.00008598
tr_external_uz_dvbt_f482_r03,142,7227,DVB-T,0.9409184455871582,0.9409184455871582,LTE,0.999855175614357,8.697979501448572e-05,0,8,0,False,only_4096_correct,LTE|LTE|LTE|LTE|LTE|LTE|LTE|LTE,0.99987769|0.99981564|0.99989378|0.99980968|0.99985611|0.99986756|0.99987113|0.99984980,0.00007308|0.00010977|0.00006339|0.00011862|0.00008377|0.00007804|0.00007698|0.00009219
tr_external_uz_dvbt_f482_r03,143,7228,DVB-T,0.6876369118690491,0.6876369118690491,LTE,0.9998631626367569,8.067475482675945e-05,0,8,0,False,only_4096_correct,LTE|LTE|LTE|LTE|LTE|LTE|LTE|LTE,0.99986243|0.99986947|0.99988163|0.99984920|0.99985373|0.99983788|0.99988222|0.99986875,0.00007921|0.00007865|0.00006961|0.00008993|0.00008387|0.00009766|0.00006933|0.00007713
tr_external_uz_dvbt_f482_r03,144,7229,LTE,0.9680152535438538,0.03049323707818985,LTE,0.999867707490921,7.747680956526892e-05,0,8,0,False,both_wrong,LTE|LTE|LTE|LTE|LTE|LTE|LTE|LTE,0.99987733|0.99988294|0.99984765|0.99988043|0.99985862|0.99987197|0.99987221|0.99985051,0.00007113|0.00006888|0.00008734|0.00007095|0.00008232|0.00007385|0.00007615|0.00008920
tr_external_uz_dvbt_f482_r03,145,7230,LTE,0.9506804943084717,0.04750528931617737,LTE,0.999856062233448,8.435288509645034e-05,0,8,0,False,both_wrong,LTE|LTE|LTE|LTE|LTE|LTE|LTE|LTE,0.99987185|0.99985707|0.99987805|0.99986100|0.99987733|0.99983799|0.99984181|0.99982339,0.00007655|0.00008363|0.00007302|0.00008204|0.00007285|0.00009677|0.00008858|0.00010138
tr_external_uz_dvbt_f482_r03,146,7231,LTE,0.9505378007888794,0.04738158360123634,LTE,0.9998525381088257,8.724965482542757e-05,0,8,0,False,both_wrong,LTE|LTE|LTE|LTE|LTE|LTE|LTE|LTE,0.99985921|0.99985290|0.99983335|0.99985981|0.99986732|0.99987829|0.99982810|0.99984133,0.00008096|0.00008984|0.00009829|0.00008193|0.00007748|0.00007270|0.00010349|0.00009330
tr_external_uz_dvbt_f482_r03,147,7232,LTE,0.7053749561309814,0.29032859206199646,LTE,0.9998525679111481,8.878484914021101e-05,0,8,0,False,both_wrong,LTE|LTE|LTE|LTE|LTE|LTE|LTE|LTE,0.99982446|0.99988401|0.99981385|0.99983406|0.99983799|0.99987328|0.99988818|0.99986470,0.00010519|0.00006970|0.00011728|0.00010098|0.00009527|0.00007665|0.00006647|0.00007874
tr_external_uz_dvbt_f482_r03,148,7233,DVB-T,0.7458706498146057,0.7458706498146057,LTE,0.9998561069369316,8.562225229979958e-05,0,8,0,False,only_4096_correct,LTE|LTE|LTE|LTE|LTE|LTE|LTE|LTE,0.99982232|0.99985290|0.99987662|0.99986255|0.99983978|0.99987328|0.99985695|0.99986446,0.00010351|0.00008956|0.00007358|0.00008258|0.00009609|0.00007605|0.00008409|0.00007952
tr_external_uz_dvbt_f482_r03,149,7234,DVB-T,0.8729309439659119,0.8729309439659119,LTE,0.9998522326350212,8.694805910636205e-05,0,8,0,False,only_4096_correct,LTE|LTE|LTE|LTE|LTE|LTE|LTE|LTE,0.99986792|0.99986160|0.99988925|0.99985015|0.99983740|0.99979371|0.99987471|0.99984312,0.00007755|0.00008054|0.00006551|0.00009065|0.00009340|0.00012092|0.00007399|0.00009303
tr_external_uz_dvbt_f482_r03,150,7235,DVB-T,0.5566862225532532,0.5566862225532532,LTE,0.9998556673526764,8.578912274970207e-05,0,8,0,False,only_4096_correct,LTE|LTE|LTE|LTE|LTE|LTE|LTE|LTE,0.99988747|0.99985337|0.99987710|0.99986923|0.99982482|0.99985385|0.99986422|0.99981529,0.00006810|0.00008844|0.00007345|0.00007717|0.00010407|0.00008226|0.00008296|0.00010985
tr_external_uz_dvbt_f482_r03,151,7236,LTE,0.5510213971138,0.44348815083503723,LTE,0.9998152181506157,0.00011060571523557883,0,8,0,False,both_wrong,LTE|LTE|LTE|LTE|LTE|LTE|LTE|LTE,0.99975508|0.99978107|0.99985301|0.99980789|0.99983990|0.99980682|0.99982339|0.99985456,0.00014849|0.00013037|0.00008351|0.00011717|0.00009701|0.00011640|0.00010606|0.00008584
tr_external_uz_dvbt_f482_r03,152,7237,DVB-T,0.898821234703064,0.898821234703064,LTE,0.9998223334550858,0.00010690065937524196,0,8,0,False,only_4096_correct,LTE|LTE|LTE|LTE|LTE|LTE|LTE|LTE,0.99983728|0.99980241|0.99978441|0.99987113|0.99981815|0.99983096|0.99983406|0.99980026,0.00009417|0.00012107|0.00013066|0.00007756|0.00010970|0.00010444|0.00009762|0.00011999
tr_external_uz_dvbt_f482_r03,153,7238,LTE,0.8246589303016663,0.17141737043857574,LTE,0.9998274520039558,0.0001025612455123337,0,8,0,False,both_wrong,LTE|LTE|LTE|LTE|LTE|LTE|LTE|LTE,0.99980217|0.99983191|0.99983776|0.99979025|0.99985790|0.99982566|0.99983335|0.99984062,0.00011985|0.00010181|0.00009470|0.00012972|0.00008120|0.00010506|0.00009559|0.00009255
tr_external_uz_dvbt_f482_r03,154,7239,DVB-T,0.7368907928466797,0.7368907928466797,LTE,0.9998424276709557,9.447248157812282e-05,0,8,0,False,only_4096_correct,LTE|LTE|LTE|LTE|LTE|LTE|LTE|LTE,0.99986947|0.99977809|0.99986923|0.99986386|0.99989223|0.99979192|0.99981719|0.99985743,0.00007782|0.00013220|0.00007768|0.00008136|0.00006411|0.00013106|0.00010750|0.00008404
tr_external_uz_dvbt_f482_r03,155,7240,LTE,0.9312384724617004,0.06643849611282349,LTE,0.999863289296627,8.090109349723207e-05,0,8,0,False,both_wrong,LTE|LTE|LTE|LTE|LTE|LTE|LTE|LTE,0.99986482|0.99982005|0.99987566|0.99987757|0.99983525|0.99987721|0.99988818|0.99986756,0.00007998|0.00010759|0.00007347|0.00007093|0.00009973|0.00007213|0.00006696|0.00007641
tr_external_uz_dvbt_f482_r03,156,7241,LTE,0.6625657677650452,0.33271992206573486,LTE,0.9998561665415764,8.460496428597253e-05,0,8,0,False,both_wrong,LTE|LTE|LTE|LTE|LTE|LTE|LTE|LTE,0.99988127|0.99988437|0.99986577|0.99985969|0.99986529|0.99984753|0.99980837|0.99983704,0.00006937|0.00006815|0.00007927|0.00008350|0.00007743|0.00009017|0.00011229|0.00009666
tr_external_uz_dvbt_f482_r03,157,7242,LTE,0.8162543177604675,0.1796649694442749,LTE,0.9998369589447975,9.739059532876126e-05,0,8,0,False,both_wrong,LTE|LTE|LTE|LTE|LTE|LTE|LTE|LTE,0.99980313|0.99986339|0.99983585|0.99978822|0.99988759|0.99980992|0.99986923|0.99983835,0.00011893|0.00008072|0.00009527|0.00012988|0.00006639|0.00011602|0.00007678|0.00009514
tr_external_uz_dvbt_f482_r03,158,7243,LTE,0.6787248253822327,0.3161163330078125,LTE,0.9998413249850273,9.483065605309093e-05,0,8,0,False,both_wrong,LTE|LTE|LTE|LTE|LTE|LTE|LTE|LTE,0.99980110|0.99983907|0.99981040|0.99982506|0.99989212|0.99984348|0.99983513|0.99988425,0.00012200|0.00009365|0.00010959|0.00011028|0.00006477|0.00009175|0.00009468|0.00007193
tr_external_uz_dvbt_f482_r03,159,7244,DVB-T,0.7808306813240051,0.7808306813240051,LTE,0.9998429641127586,9.146000775217544e-05,0,8,0,False,only_4096_correct,LTE|LTE|LTE|LTE|LTE|LTE|LTE|LTE,0.99982280|0.99982160|0.99985206|0.99983239|0.99982351|0.99986255|0.99984598|0.99988282,0.00010287|0.00010515|0.00008571|0.00009694|0.00010171|0.00008001|0.00008968|0.00006960
tr_external_uz_dvbt_f482_r03,160,7245,DVB-T,0.9144536256790161,0.9144536256790161,LTE,0.9998432099819183,9.402290652360534e-05,0,8,0,False,only_4096_correct,LTE|LTE|LTE|LTE|LTE|LTE|LTE|LTE,0.99986458|0.99984396|0.99989009|0.99976641|0.99985993|0.99985909|0.99984574|0.99981588,0.00008178|0.00009194|0.00006581|0.00014391|0.00008081|0.00008235|0.00009116|0.00011442
tr_external_uz_dvbt_f482_r03,161,7246,DVB-T,0.770960807800293,0.770960807800293,LTE,0.9998515546321869,8.669353337609209e-05,0,8,0,False,only_4096_correct,LTE|LTE|LTE|LTE|LTE|LTE|LTE|LTE,0.99986053|0.99982506|0.99984717|0.99987483|0.99983561|0.99986863|0.99987447|0.99982613,0.00008175|0.00009805|0.00009207|0.00007442|0.00009661|0.00007641|0.00007350|0.00010076
tr_external_uz_dvbt_f482_r03,162,7247,LTE,0.750482976436615,0.24504733085632324,LTE,0.9998675212264061,7.84637932156329e-05,0,8,0,False,both_wrong,LTE|LTE|LTE|LTE|LTE|LTE|LTE|LTE,0.99987388|0.99986768|0.99987864|0.99986517|0.99987876|0.99981409|0.99987829|0.99988365,0.00007781|0.00007746|0.00007167|0.00007746|0.00007149|0.00011066|0.00007213|0.00006903
tr_external_uz_dvbt_f482_r03,163,7248,LTE,0.6470356583595276,0.34825700521469116,LTE,0.9998582601547241,8.341878947248915e-05,0,8,0,False,both_wrong,LTE|LTE|LTE|LTE|LTE|LTE|LTE|LTE,0.99982566|0.99986076|0.99989200|0.99985719|0.99982232|0.99987960|0.99987841|0.99985015,0.00010349|0.00008230|0.00006438|0.00008446|0.00010363|0.00007121|0.00007304|0.00008485
tr_external_uz_dvbt_f482_r03,164,7249,LTE,0.996384859085083,0.0032034830655902624,LTE,0.9998748749494553,7.395003740384709e-05,0,8,0,False,both_wrong,LTE|LTE|LTE|LTE|LTE|LTE|LTE|LTE,0.99988639|0.99984407|0.99987495|0.99989605|0.99988222|0.99987531|0.99988067|0.99985933,0.00006764|0.00009269|0.00007266|0.00006289|0.00006976|0.00007403|0.00007085|0.00008109
tr_external_uz_dvbt_f482_r03,165,7250,DVB-T,0.9789221286773682,0.9789221286773682,LTE,0.999840758740902,9.510403560852865e-05,0,8,0,False,only_4096_correct,LTE|LTE|LTE|LTE|LTE|LTE|LTE|LTE,0.99989164|0.99986506|0.99987864|0.99980491|0.99982941|0.99980205|0.99985600|0.99979836,0.00006480|0.00007982|0.00007075|0.00011132|0.00010288|0.00012282|0.00008562|0.00012283
tr_external_uz_dvbt_f482_r03,166,7251,LTE,0.9847034811973572,0.01429472491145134,LTE,0.9998340457677841,9.796587073651608e-05,0,8,0,False,both_wrong,LTE|LTE|LTE|LTE|LTE|LTE|LTE|LTE,0.99983823|0.99987280|0.99985683|0.99985397|0.99986839|0.99973387|0.99982989|0.99981838,0.00009068|0.00007393|0.00008432|0.00008129|0.00007675|0.00016673|0.00010160|0.00010843
tr_external_uz_dvbt_f482_r03,167,7252,LTE,0.6037572622299194,0.3915696144104004,LTE,0.9998461529612541,9.194529047817923e-05,0,8,0,False,both_wrong,LTE|LTE|LTE|LTE|LTE|LTE|LTE|LTE,0.99987638|0.99980468|0.99983060|0.99986291|0.99983704|0.99985325|0.99984169|0.99986267,0.00007363|0.00011998|0.00010043|0.00008212|0.00009624|0.00008785|0.00009284|0.00008246
tr_external_uz_dvbt_f482_r03,168,7253,DVB-T,0.9611581563949585,0.9611581563949585,LTE,0.999851755797863,8.768892621446867e-05,0,8,0,False,only_4096_correct,LTE|LTE|LTE|LTE|LTE|LTE|LTE|LTE,0.99981576|0.99983943|0.99987686|0.99986243|0.99985516|0.99986219|0.99983430|0.99986792,0.00011132|0.00009191|0.00007243|0.00008219|0.00008425|0.00008184|0.00010054|0.00007703
tr_external_uz_dvbt_f482_r03,169,7254,LTE,0.552918553352356,0.44147974252700806,LTE,0.9998525530099869,8.720141158846673e-05,0,8,0,False,both_wrong,LTE|LTE|LTE|LTE|LTE|LTE|LTE|LTE,0.99981695|0.99986696|0.99985373|0.99983931|0.99987304|0.99981421|0.99988234|0.99987388,0.00011297|0.00007659|0.00008723|0.00009157|0.00007432|0.00010957|0.00007024|0.00007512
tr_external_uz_dvbt_f482_r03,170,7255,DVB-T,0.8386690616607666,0.8386690616607666,LTE,0.9998537003993988,8.557972159906058e-05,0,8,0,False,only_4096_correct,LTE|LTE|LTE|LTE|LTE|LTE|LTE|LTE,0.99987447|0.99983120|0.99985170|0.99983513|0.99986506|0.99984181|0.99987090|0.99985933,0.00007348|0.00009901|0.00008798|0.00009374|0.00007928|0.00009337|0.00007492|0.00008285
tr_external_uz_dvbt_f482_r03,171,7256,DVB-T,0.8866230249404907,0.8866230249404907,LTE,0.9998436346650124,9.505231082584942e-05,0,8,0,False,only_4096_correct,LTE|LTE|LTE|LTE|LTE|LTE|LTE|LTE,0.99985683|0.99972767|0.99990046|0.99984646|0.99986756|0.99986470|0.99983668|0.99984872,0.00008327|0.00017460|0.00006062|0.00009538|0.00007891|0.00007941|0.00009727|0.00009095
tr_external_uz_dvbt_f482_r03,172,7257,LTE,0.9222654104232788,0.07527437061071396,LTE,0.9998496472835541,8.85369709067163e-05,0,8,0,False,both_wrong,LTE|LTE|LTE|LTE|LTE|LTE|LTE|LTE,0.99984467|0.99986994|0.99985564|0.99987364|0.99983621|0.99983668|0.99983442|0.99984598,0.00009519|0.00007637|0.00008755|0.00007443|0.00009653|0.00009617|0.00009197|0.00009008
tr_external_uz_dvbt_f482_r03,173,7258,LTE,0.962159276008606,0.0360410138964653,LTE,0.9998414218425751,9.356619921163656e-05,0,8,0,False,both_wrong,LTE|LTE|LTE|LTE|LTE|LTE|LTE|LTE,0.99978882|0.99984467|0.99980706|0.99982774|0.99984956|0.99987125|0.99987626|0.99986601,0.00012762|0.00008983|0.00011531|0.00010139|0.00008763|0.00007463|0.00007256|0.00007956
tr_external_uz_dvbt_f482_r03,174,7259,DVB-T,0.5067920684814453,0.5067920684814453,LTE,0.9998396262526512,9.703415526018944e-05,0,8,0,False,only_4096_correct,LTE|LTE|LTE|LTE|LTE|LTE|LTE|LTE,0.99981946|0.99989688|0.99976200|0.99982125|0.99983728|0.99986935|0.99985397|0.99985683,0.00011187|0.00006220|0.00014743|0.00011113|0.00009407|0.00007767|0.00008857|0.00008332
tr_external_uz_dvbt_f482_r03,175,7260,LTE,0.9910747408866882,0.00820580031722784,LTE,0.9998712688684464,7.635241581738228e-05,0,8,0,False,both_wrong,LTE|LTE|LTE|LTE|LTE|LTE|LTE|LTE,0.99987090|0.99986756|0.99988556|0.99988747|0.99984312|0.99989009|0.99986315|0.99986231,0.00007518|0.00007825|0.00006977|0.00006852|0.00009214|0.00006465|0.00007979|0.00008253
tr_external_uz_dvbt_f482_r03,176,7261,LTE,0.9566143751144409,0.041435930877923965,LTE,0.9998660758137703,7.781726162647828e-05,0,8,0,False,both_wrong,LTE|LTE|LTE|LTE|LTE|LTE|LTE|LTE,0.99989426|0.99987137|0.99984908|0.99986017|0.99982065|0.99988222|0.99986804|0.99988282,0.00006264|0.00007398|0.00008723|0.00008095|0.00009956|0.00006932|0.00007835|0.00007050
tr_external_uz_dvbt_f482_r03,177,7262,LTE,0.9958677291870117,0.0036870306357741356,LTE,0.9998711571097374,7.753569934720872e-05,0,8,0,False,both_wrong,LTE|LTE|LTE|LTE|LTE|LTE|LTE|LTE,0.99986887|0.99989009|0.99982160|0.99989259|0.99988151|0.99987471|0.99989295|0.99984694,0.00007795|0.00006535|0.00011176|0.00006419|0.00007122|0.00007352|0.00006395|0.00009234
tr_external_uz_dvbt_f482_r03,178,7263,LTE,0.5852813124656677,0.4093865156173706,LTE,0.9998605996370316,8.307030111609492e-05,0,8,0,False,both_wrong,LTE|LTE|LTE|LTE|LTE|LTE|LTE|LTE,0.99987483|0.99984717|0.99986291|0.99986863|0.99985826|0.99984741|0.99986172|0.99986386,0.00007402|0.00009149|0.00008156|0.00007683|0.00008373|0.00009223|0.00008173|0.00008298
tr_external_uz_dvbt_f482_r03,179,7264,DVB-T,0.9865128993988037,0.9865128993988037,LTE,0.9998573511838913,8.445395451417426e-05,0,8,0,False,only_4096_correct,LTE|LTE|LTE|LTE|LTE|LTE|LTE|LTE,0.99984992|0.99985504|0.99982846|0.99986124|0.99986637|0.99989092|0.99986434|0.99984252,0.00008597|0.00008470|0.00010167|0.00008097|0.00007950|0.00006476|0.00008320|0.00009487
tr_external_uz_dvbt_f482_r03,180,7265,LTE,0.6712557673454285,0.32373106479644775,LTE,0.9998470842838287,9.17967136047082e-05,0,8,0,False,both_wrong,LTE|LTE|LTE|LTE|LTE|LTE|LTE|LTE,0.99985945|0.99983501|0.99984694|0.99979311|0.99987411|0.99982649|0.99986959|0.99987197,0.00008005|0.00009357|0.00009394|0.00012950|0.00007567|0.00010835|0.00007751|0.00007580
tr_external_uz_dvbt_f482_r03,181,7266,DVB-T,0.8502007126808167,0.8502007126808167,LTE,0.9998478814959526,9.142162616626592e-05,0,8,0,False,only_4096_correct,LTE|LTE|LTE|LTE|LTE|LTE|LTE|LTE,0.99975353|0.99988043|0.99984407|0.99983537|0.99986839|0.99988246|0.99987113|0.99984765,0.00015359|0.00007052|0.00009471|0.00009517|0.00007705|0.00007105|0.00007587|0.00009342
tr_external_uz_dvbt_f482_r03,182,7267,LTE,0.7427875399589539,0.2526012659072876,LTE,0.9998621344566345,8.159278877428733e-05,0,8,0,False,both_wrong,LTE|LTE|LTE|LTE|LTE|LTE|LTE|LTE,0.99984252|0.99985909|0.99984360|0.99984777|0.99987495|0.99988806|0.99988377|0.99985731,0.00008987|0.00008143|0.00009359|0.00009198|0.00007259|0.00006677|0.00006917|0.00008735
tr_external_uz_dvbt_f482_r03,183,7268,DVB-T,0.7923902869224548,0.7923902869224548,LTE,0.9998382106423378,9.467062409385107e-05,0,8,0,False,only_4096_correct,LTE|LTE|LTE|LTE|LTE|LTE|LTE|LTE,0.99984109|0.99987769|0.99983835|0.99982566|0.99982709|0.99986684|0.99975103|0.99987793,0.00009192|0.00007290|0.00009295|0.00010171|0.00010158|0.00007820|0.00014670|0.00007140
tr_external_uz_dvbt_f482_r03,184,7269,DVB-T,0.6646988391876221,0.6646988391876221,LTE,0.9998627677559853,8.12228563518147e-05,0,8,0,False,only_4096_correct,LTE|LTE|LTE|LTE|LTE|LTE|LTE|LTE,0.99986970|0.99984980|0.99981171|0.99986565|0.99987662|0.99986577|0.99987423|0.99988866,0.00007660|0.00008632|0.00011480|0.00007863|0.00007255|0.00008113|0.00007348|0.00006628
tr_external_uz_dvbt_f482_r03,185,7270,LTE,0.9132251739501953,0.08400477468967438,LTE,0.9998457282781601,9.098425107367802e-05,0,8,0,False,both_wrong,LTE|LTE|LTE|LTE|LTE|LTE|LTE|LTE,0.99981767|0.99986982|0.99986589|0.99982750|0.99984431|0.99981171|0.99984920|0.99987972,0.00010383|0.00007904|0.00007930|0.00010295|0.00009468|0.00010799|0.00008927|0.00007081
tr_external_uz_dvbt_f482_r03,186,7271,DVB-T,0.7834277153015137,0.7834277153015137,LTE,0.9998487830162048,9.046952436619904e-05,0,8,0,False,only_4096_correct,LTE|LTE|LTE|LTE|LTE|LTE|LTE|LTE,0.99985015|0.99984801|0.99985588|0.99979800|0.99982554|0.99988484|0.99987757|0.99985027,0.00009175|0.00008863|0.00008535|0.00012290|0.00010494|0.00006970|0.00007208|0.00008840
tr_external_uz_dvbt_f482_r03,187,7272,LTE,0.9223604202270508,0.07497482001781464,LTE,0.9998452290892601,9.249718914361438e-05,0,8,0,False,both_wrong,LTE|LTE|LTE|LTE|LTE|LTE|LTE|LTE,0.99984348|0.99985349|0.99988878|0.99988151|0.99988425|0.99985969|0.99983764|0.99971300,0.00009189|0.00008804|0.00006616|0.00007031|0.00006842|0.00008083|0.00009314|0.00018120
tr_external_uz_dvbt_f482_r03,188,7273,DVB-T,0.8241079449653625,0.8241079449653625,LTE,0.9998593181371689,8.323329529957846e-05,0,8,0,False,only_4096_correct,LTE|LTE|LTE|LTE|LTE|LTE|LTE|LTE,0.99983156|0.99983561|0.99987793|0.99984562|0.99989283|0.99984491|0.99988079|0.99986529,0.00009938|0.00009502|0.00007293|0.00009277|0.00006403|0.00009197|0.00007202|0.00007775
tr_external_uz_dvbt_f482_r03,189,7274,DVB-T,0.6966385841369629,0.6966385841369629,LTE,0.9998730719089508,7.47060080357187e-05,0,8,0,False,only_4096_correct,LTE|LTE|LTE|LTE|LTE|LTE|LTE|LTE,0.99987876|0.99988198|0.99986422|0.99986243|0.99986327|0.99987924|0.99985552|0.99989915,0.00007029|0.00007001|0.00007746|0.00008134|0.00008075|0.00007226|0.00008518|0.00006036
tr_external_uz_dvbt_f482_r03,190,7275,DVB-T,0.6278530955314636,0.6278530955314636,LTE,0.9998623430728912,8.136688120430335e-05,0,8,0,False,only_4096_correct,LTE|LTE|LTE|LTE|LTE|LTE|LTE|LTE,0.99987543|0.99987578|0.99986434|0.99987745|0.99984443|0.99983597|0.99987626|0.99984908,0.00007248|0.00007242|0.00007933|0.00007307|0.00009223|0.00010033|0.00007309|0.00008798
tr_external_uz_dvbt_f482_r03,191,7276,LTE,0.953011155128479,0.04501606151461601,LTE,0.9998391568660736,9.631592456571525e-05,0,8,0,False,both_wrong,LTE|LTE|LTE|LTE|LTE|LTE|LTE|LTE,0.99987686|0.99978226|0.99986625|0.99971491|0.99989331|0.99987280|0.99985325|0.99985361,0.00007369|0.00012940|0.00007654|0.00017370|0.00006341|0.00007759|0.00008808|0.00008811
tr_external_uz_dvbt_f482_r03,192,7277,LTE,0.539128303527832,0.45550423860549927,LTE,0.9998319074511528,0.00010104249849973712,0,8,0,False,both_wrong,LTE|LTE|LTE|LTE|LTE|LTE|LTE|LTE,0.99983084|0.99976462|0.99984467|0.99983931|0.99981350|0.99980980|0.99989522|0.99985731,0.00010242|0.00014696|0.00008948|0.00009810|0.00011179|0.00011185|0.00006285|0.00008491
tr_external_uz_dvbt_f482_r03,193,7278,DVB-T,0.9734019041061401,0.9734019041061401,LTE,0.9998526498675346,8.766645169089315e-05,0,8,0,False,only_4096_correct,LTE|LTE|LTE|LTE|LTE|LTE|LTE|LTE,0.99983716|0.99985933|0.99987388|0.99986780|0.99989474|0.99979264|0.99986553|0.99983013,0.00009947|0.00008283|0.00007497|0.00007853|0.00006314|0.00012827|0.00007776|0.00009634
tr_external_uz_dvbt_f482_r03,194,7279,LTE,0.8347806334495544,0.16152283549308777,LTE,0.9998665526509285,7.948529218992917e-05,0,8,0,False,both_wrong,LTE|LTE|LTE|LTE|LTE|LTE|LTE|LTE,0.99988759|0.99981958|0.99989629|0.99985027|0.99987662|0.99987578|0.99985850|0.99986780,0.00006729|0.00010695|0.00006202|0.00009095|0.00007562|0.00007163|0.00008371|0.00007771
tr_external_uz_dvbt_f482_r03,195,7280,DVB-T,0.6449426412582397,0.6449426412582397,LTE,0.9998696520924568,7.732857739028987e-05,0,8,0,False,only_4096_correct,LTE|LTE|LTE|LTE|LTE|LTE|LTE|LTE,0.99989355|0.99986291|0.99987698|0.99988234|0.99987996|0.99981886|0.99988186|0.99986076,0.00006342|0.00008200|0.00007206|0.00006940|0.00007089|0.00010994|0.00006988|0.00008103
tr_external_uz_dvbt_f482_r03,196,7281,LTE,0.8878527879714966,0.10912708938121796,LTE,0.9998630881309509,8.155934301612433e-05,0,8,0,False,both_wrong,LTE|LTE|LTE|LTE|LTE|LTE|LTE|LTE,0.99984205|0.99988019|0.99984944|0.99992144|0.99984360|0.99982798|0.99989033|0.99984968,0.00009095|0.00007005|0.00009013|0.00004795|0.00009607|0.00010427|0.00006500|0.00008806
tr_external_uz_dvbt_f482_r03,197,7282,DVB-T,0.5438518524169922,0.5438518524169922,LTE,0.9998613968491554,8.279406029032543e-05,0,8,0,False,only_4096_correct,LTE|LTE|LTE|LTE|LTE|LTE|LTE|LTE,0.99988270|0.99986506|0.99989128|0.99988174|0.99984324|0.99985588|0.99987042|0.99980086,0.00006925|0.00008072|0.00006481|0.00006999|0.00009309|0.00008491|0.00007559|0.00012399
tr_external_uz_dvbt_f482_r03,198,7283,DVB-T,0.9626953601837158,0.9626953601837158,LTE,0.9998416677117348,9.393841264682123e-05,0,8,0,False,only_4096_correct,LTE|LTE|LTE|LTE|LTE|LTE|LTE|LTE,0.99985754|0.99986494|0.99980336|0.99985158|0.99982005|0.99987292|0.99977952|0.99988341,0.00008309|0.00007945|0.00012006|0.00008823|0.00010609|0.00007373|0.00013148|0.00006937
tr_external_uz_dvbt_f482_r03,199,7284,DVB-T,0.9569184184074402,0.9569184184074402,LTE,0.999828614294529,0.00010184870643570321,0,8,0,False,only_4096_correct,LTE|LTE|LTE|LTE|LTE|LTE|LTE|LTE,0.99983871|0.99981922|0.99984813|0.99982989|0.99982435|0.99984491|0.99983108|0.99979264,0.00009717|0.00010770|0.00008938|0.00010033|0.00010239|0.00009120|0.00009666|0.00012996
tr_external_uz_dvbt_f482_r03,200,7285,DVB-T,0.9609168171882629,0.9609168171882629,LTE,0.9998389557003975,9.569087706040591e-05,0,8,0,False,only_4096_correct,LTE|LTE|LTE|LTE|LTE|LTE|LTE|LTE,0.99983668|0.99981135|0.99987173|0.99984574|0.99981672|0.99981302|0.99985743|0.99985898,0.00009362|0.00011513|0.00007543|0.00009160|0.00011207|0.00011422|0.00008105|0.00008241
tr_external_uz_dvbt_f482_r03,201,7286,LTE,0.6201790571212769,0.37431252002716064,LTE,0.9998625963926315,8.262761730293278e-05,0,8,0,False,both_wrong,LTE|LTE|LTE|LTE|LTE|LTE|LTE|LTE,0.99987459|0.99986899|0.99983513|0.99988770|0.99986207|0.99987197|0.99986613|0.99983418,0.00007260|0.00008019|0.00009961|0.00006739|0.00008510|0.00007759|0.00007935|0.00009919
tr_external_uz_dvbt_f482_r03,202,7287,DVB-T,0.8869947195053101,0.8869947195053101,LTE,0.9998584240674973,8.437078759016003e-05,0,8,0,False,only_4096_correct,LTE|LTE|LTE|LTE|LTE|LTE|LTE|LTE,0.99987435|0.99987984|0.99985516|0.99983954|0.99984586|0.99985671|0.99985647|0.99985945,0.00007451|0.00007108|0.00008596|0.00009603|0.00009309|0.00008591|0.00008458|0.00008382
tr_external_uz_dvbt_f482_r03,203,7288,DVB-T,0.648762047290802,0.648762047290802,LTE,0.9998460784554482,9.181067071040161e-05,0,8,0,False,only_4096_correct,LTE|LTE|LTE|LTE|LTE|LTE|LTE|LTE,0.99983072|0.99987638|0.99983466|0.99987352|0.99985003|0.99984980|0.99981624|0.99983728,0.00010260|0.00007388|0.00009795|0.00007717|0.00009046|0.00009068|0.00010879|0.00009295
tr_external_uz_dvbt_f482_r03,204,7289,DVB-T,0.7744717597961426,0.7744717597961426,LTE,0.9998412132263184,9.428637167729903e-05,0,8,0,False,only_4096_correct,LTE|LTE|LTE|LTE|LTE|LTE|LTE|LTE,0.99981660|0.99982208|0.99988210|0.99984825|0.99985683|0.99986303|0.99982125|0.99981958,0.00011138|0.00010529|0.00007071|0.00008844|0.00008468|0.00007878|0.00010522|0.00010978
tr_external_uz_dvbt_f482_r03,205,7290,DVB-T,0.6563922762870789,0.6563922762870789,LTE,0.9998327791690826,0.00010022297647083178,0,8,0,False,only_4096_correct,LTE|LTE|LTE|LTE|LTE|LTE|LTE|LTE,0.99985242|0.99981195|0.99983346|0.99982446|0.99981946|0.99984407|0.99982029|0.99985611,0.00008534|0.00011499|0.00010213|0.00010327|0.00010623|0.00009426|0.00010697|0.00008860
tr_external_uz_dvbt_f482_r03,206,7291,LTE,0.5254554748535156,0.4689592719078064,LTE,0.9998231455683708,0.00010726532127591781,0,8,0,False,both_wrong,LTE|LTE|LTE|LTE|LTE|LTE|LTE|LTE,0.99982399|0.99988449|0.99985552|0.99976331|0.99984860|0.99984622|0.99970812|0.99985492,0.00010786|0.00006928|0.00008608|0.00014828|0.00009040|0.00009242|0.00017981|0.00008400
tr_external_uz_dvbt_f482_r03,207,7292,DVB-T,0.7416877150535583,0.7416877150535583,LTE,0.9998433664441109,9.41901162150316e-05,0,8,0,False,only_4096_correct,LTE|LTE|LTE|LTE|LTE|LTE|LTE|LTE,0.99985778|0.99977952|0.99985588|0.99982673|0.99987328|0.99984980|0.99989939|0.99980456,0.00008142|0.00012958|0.00008966|0.00010288|0.00007566|0.00009154|0.00006072|0.00012205
tr_external_uz_dvbt_f482_r03,208,7293,DVB-T,0.7361052632331848,0.7361052632331848,LTE,0.9998288601636887,0.00010273767475155182,0,8,0,False,only_4096_correct,LTE|LTE|LTE|LTE|LTE|LTE|LTE|LTE,0.99979955|0.99981922|0.99978489|0.99984038|0.99984646|0.99979919|0.99986744|0.99987376,0.00012348|0.00011030|0.00013133|0.00009831|0.00009109|0.00011584|0.00007804|0.00007352
tr_external_uz_dvbt_f482_r03,209,7294,DVB-T,0.9465550184249878,0.9465550184249878,LTE,0.9998562559485435,8.407459790760186e-05,0,8,0,False,only_4096_correct,LTE|LTE|LTE|LTE|LTE|LTE|LTE|LTE,0.99982661|0.99987662|0.99986184|0.99985206|0.99985516|0.99986315|0.99987435|0.99984026,0.00010025|0.00007229|0.00008191|0.00008682|0.00008437|0.00007925|0.00007622|0.00009148
tr_external_uz_dvbt_f482_r03,210,7295,LTE,0.7802897095680237,0.21490943431854248,LTE,0.9998454600572586,9.142204362433404e-05,0,8,0,False,both_wrong,LTE|LTE|LTE|LTE|LTE|LTE|LTE|LTE,0.99986756|0.99980468|0.99983490|0.99987447|0.99986076|0.99985814|0.99986029|0.99980289,0.00007935|0.00011991|0.00009624|0.00007350|0.00008005|0.00008331|0.00008567|0.00011335
tr_external_uz_dvbt_f482_r03,211,7296,DVB-T,0.9759553074836731,0.9759553074836731,LTE,0.9998515099287033,8.696084296389017e-05,0,8,0,False,only_4096_correct,LTE|LTE|LTE|LTE|LTE|LTE|LTE|LTE,0.99985278|0.99985111|0.99988079|0.99985778|0.99984431|0.99984288|0.99983299|0.99984944,0.00008556|0.00008725|0.00007053|0.00008358|0.00008729|0.00009543|0.00010074|0.00008532
tr_external_uz_dvbt_f482_r03,212,7297,DVB-T,0.9746661186218262,0.9746661186218262,LTE,0.9998304396867752,0.00010148291221412364,0,8,0,False,only_4096_correct,LTE|LTE|LTE|LTE|LTE|LTE|LTE|LTE,0.99981993|0.99981803|0.99988222|0.99985337|0.99983656|0.99976867|0.99985886|0.99980587,0.00011056|0.00010313|0.00007002|0.00009000|0.00009923|0.00013816|0.00008144|0.00011931
tr_external_uz_dvbt_f482_r03,213,7298,LTE,0.5236812233924866,0.4710414409637451,LTE,0.9998574480414391,8.435447034571553e-05,0,8,0,False,both_wrong,LTE|LTE|LTE|LTE|LTE|LTE|LTE|LTE,0.99988890|0.99982601|0.99979728|0.99987352|0.99982673|0.99988365|0.99988413|0.99987936,0.00006567|0.00010549|0.00011746|0.00007709|0.00010074|0.00006871|0.00006891|0.00007077
tr_external_uz_dvbt_f482_r03,214,7299,DVB-T,0.7992267608642578,0.7992267608642578,LTE,0.9998747706413269,7.383186039078282e-05,0,8,0,False,only_4096_correct,LTE|LTE|LTE|LTE|LTE|LTE|LTE|LTE,0.99985623|0.99989057|0.99986875|0.99986029|0.99990058|0.99988902|0.99987078|0.99986196,0.00008476|0.00006460|0.00007809|0.00008061|0.00005952|0.00006540|0.00007628|0.00008141
tr_external_uz_dvbt_f482_r03,215,7300,DVB-T,0.9605796933174133,0.9605796933174133,LTE,0.9998596236109734,8.333397636306472e-05,0,8,0,False,only_4096_correct,LTE|LTE|LTE|LTE|LTE|LTE|LTE|LTE,0.99982291|0.99988317|0.99988317|0.99982750|0.99985385|0.99989045|0.99985611|0.99985981,0.00010771|0.00006888|0.00006962|0.00010020|0.00008660|0.00006500|0.00008619|0.00008248
tr_external_uz_dvbt_f482_r03,216,7301,DVB-T,0.7039101719856262,0.7039101719856262,LTE,0.9998549744486809,8.547399283997947e-05,0,8,0,False,only_4096_correct,LTE|LTE|LTE|LTE|LTE|LTE|LTE|LTE,0.99985576|0.99988508|0.99985099|0.99983561|0.99987793|0.99982494|0.99984670|0.99986279,0.00008530|0.00006847|0.00009063|0.00009431|0.00007177|0.00010544|0.00008673|0.00008114
tr_external_uz_dvbt_f482_r03,217,7302,LTE,0.867339551448822,0.1293046474456787,LTE,0.9998445957899094,9.376093203172786e-05,0,8,0,False,both_wrong,LTE|LTE|LTE|LTE|LTE|LTE|LTE|LTE,0.99987018|0.99985516|0.99984992|0.99978930|0.99987042|0.99984694|0.99981517|0.99985969,0.00007686|0.00008971|0.00009228|0.00012785|0.00007575|0.00009210|0.00011234|0.00008320
tr_external_uz_dvbt_f482_r03,218,7303,LTE,0.803543746471405,0.19234254956245422,LTE,0.9998579174280167,8.409509518969571e-05,0,8,0,False,both_wrong,LTE|LTE|LTE|LTE|LTE|LTE|LTE|LTE,0.99987090|0.99987924|0.99989057|0.99983263|0.99983108|0.99983621|0.99985790|0.99986482,0.00007735|0.00007169|0.00006510|0.00010083|0.00009721|0.00009585|0.00008198|0.00008276
tr_external_uz_dvbt_f482_r03,219,7304,DVB-T,0.9408320188522339,0.9408320188522339,LTE,0.9998386800289154,9.811706968321232e-05,0,8,0,False,only_4096_correct,LTE|LTE|LTE|LTE|LTE|LTE|LTE|LTE,0.99983335|0.99975473|0.99981481|0.99983954|0.99984539|0.99989259|0.99987257|0.99985647,0.00010211|0.00015430|0.00011463|0.00009280|0.00009322|0.00006422|0.00007799|0.00008566
tr_external_uz_dvbt_f482_r03,220,7305,DVB-T,0.903831958770752,0.903831958770752,LTE,0.9998350813984871,9.770496762939729e-05,0,8,0,False,only_4096_correct,LTE|LTE|LTE|LTE|LTE|LTE|LTE|LTE,0.99980503|0.99984348|0.99982220|0.99987042|0.99985337|0.99985623|0.99984133|0.99978858,0.00011332|0.00009334|0.00010941|0.00007595|0.00008506|0.00008436|0.00009028|0.00012993
tr_external_uz_dvbt_f482_r03,221,7306,DVB-T,0.5981651544570923,0.5981651544570923,LTE,0.9998657256364822,8.024136877793353e-05,0,8,0,False,only_4096_correct,LTE|LTE|LTE|LTE|LTE|LTE|LTE|LTE,0.99985206|0.99985909|0.99989772|0.99987531|0.99985409|0.99988914|0.99986184|0.99983656,0.00008482|0.00008573|0.00006153|0.00007380|0.00008633|0.00006645|0.00008227|0.00010100
tr_external_uz_dvbt_f482_r03,222,7307,DVB-T,0.9902715086936951,0.9902715086936951,LTE,0.9998738020658493,7.467910609193495e-05,0,8,0,False,only_4096_correct,LTE|LTE|LTE|LTE|LTE|LTE|LTE|LTE,0.99989939|0.99987149|0.99985945|0.99983823|0.99988806|0.99987328|0.99987650|0.99988401,0.00006049|0.00007707|0.00008361|0.00009332|0.00006717|0.00007457|0.00007192|0.00006929
tr_external_uz_dvbt_f482_r03,223,7308,DVB-T,0.9263527989387512,0.9263527989387512,LTE,0.9998585879802704,8.370868908968987e-05,0,8,0,False,only_4096_correct,LTE|LTE|LTE|LTE|LTE|LTE|LTE|LTE,0.99986601|0.99985278|0.99983323|0.99986959|0.99988604|0.99988008|0.99984312|0.99983788,0.00007809|0.00008588|0.00009627|0.00007608|0.00006805|0.00007069|0.00009702|0.00009757
tr_external_uz_dvbt_f482_r03,224,7309,DVB-T,0.7323232889175415,0.7323232889175415,LTE,0.9998317584395409,0.00010226399444945855,0,8,0,False,only_4096_correct,LTE|LTE|LTE|LTE|LTE|LTE|LTE|LTE,0.99984467|0.99977845|0.99985623|0.99985850|0.99982989|0.99985576|0.99981600|0.99981457,0.00009620|0.00013505|0.00008477|0.00008470|0.00010362|0.00008626|0.00011131|0.00011619
tr_external_uz_dvbt_f482_r03,225,7310,LTE,0.5241307616233826,0.47052493691444397,LTE,0.999846562743187,9.03831187315518e-05,0,8,0,False,both_wrong,LTE|LTE|LTE|LTE|LTE|LTE|LTE|LTE,0.99982327|0.99986720|0.99987257|0.99986327|0.99982858|0.99987328|0.99981409|0.99983025,0.00010642|0.00007869|0.00007479|0.00008085|0.00010385|0.00007687|0.00010676|0.00009484
tr_external_uz_dvbt_f482_r03,226,7311,LTE,0.9927142262458801,0.006560588721185923,LTE,0.9998457729816437,9.127517023443943e-05,0,8,0,False,both_wrong,LTE|LTE|LTE|LTE|LTE|LTE|LTE|LTE,0.99982625|0.99986088|0.99986911|0.99979645|0.99984682|0.99986434|0.99984717|0.99985516,0.00010206|0.00008033|0.00007718|0.00012592|0.00008872|0.00008036|0.00009025|0.00008539
tr_external_uz_dvbt_f482_r03,227,7312,DVB-T,0.8214911222457886,0.8214911222457886,LTE,0.9998350739479065,9.953112657967722e-05,0,8,0,False,only_4096_correct,LTE|LTE|LTE|LTE|LTE|LTE|LTE|LTE,0.99977535|0.99981338|0.99982291|0.99986076|0.99980658|0.99987769|0.99984121|0.99988270,0.00013583|0.00011302|0.00010781|0.00008615|0.00011764|0.00007339|0.00009211|0.00007032
tr_external_uz_dvbt_f482_r03,228,7313,LTE,0.9235500693321228,0.07413575798273087,LTE,0.999872624874115,7.661128483960056e-05,0,8,0,False,both_wrong,LTE|LTE|LTE|LTE|LTE|LTE|LTE|LTE,0.99985862|0.99986362|0.99989247|0.99988282|0.99984503|0.99991131|0.99985111|0.99987602,0.00008575|0.00008136|0.00006373|0.00007196|0.00009303|0.00005381|0.00009097|0.00007228
tr_external_uz_dvbt_f482_r03,229,7314,DVB-T,0.5361068844795227,0.5361068844795227,LTE,0.9998515695333481,8.843043769957148e-05,0,8,0,False,only_4096_correct,LTE|LTE|LTE|LTE|LTE|LTE|LTE|LTE,0.99986219|0.99990046|0.99985468|0.99981219|0.99985695|0.99987769|0.99976856|0.99987984,0.00008036|0.00006046|0.00008458|0.00011358|0.00008622|0.00007274|0.00013735|0.00007216
tr_external_uz_dvbt_f482_r03,230,7315,DVB-T,0.6384264230728149,0.6384264230728149,LTE,0.9998446702957153,9.191563549393322e-05,0,8,0,False,only_4096_correct,LTE|LTE|LTE|LTE|LTE|LTE|LTE|LTE,0.99982858|0.99988043|0.99977750|0.99987960|0.99982905|0.99980873|0.99986529|0.99988818,0.00010094|0.00007018|0.00013487|0.00007142|0.00009665|0.00011801|0.00007692|0.00006633
tr_external_uz_dvbt_f482_r03,231,7316,LTE,0.8115580677986145,0.1840147227048874,LTE,0.9998447671532631,9.036197025125148e-05,0,8,0,False,both_wrong,LTE|LTE|LTE|LTE|LTE|LTE|LTE|LTE,0.99986696|0.99986064|0.99979025|0.99984372|0.99983001|0.99985385|0.99983764|0.99987507,0.00007718|0.00008177|0.00011740|0.00009077|0.00010240|0.00008343|0.00009707|0.00007288
tr_external_uz_dvbt_f482_r03,232,7317,DVB-T,0.7013586163520813,0.7013586163520813,LTE,0.9998534098267555,8.7917174823815e-05,0,8,0,False,only_4096_correct,LTE|LTE|LTE|LTE|LTE|LTE|LTE|LTE,0.99983132|0.99987674|0.99980885|0.99990904|0.99984992|0.99985981|0.99986267|0.99982893,0.00010123|0.00007292|0.00011805|0.00005510|0.00009019|0.00008143|0.00008269|0.00010173
tr_external_uz_dvbt_f482_r03,233,7318,LTE,0.5970386266708374,0.39728984236717224,LTE,0.9998639449477196,8.050110409385525e-05,0,8,0,False,both_wrong,LTE|LTE|LTE|LTE|LTE|LTE|LTE|LTE,0.99986625|0.99987984|0.99988902|0.99985158|0.99988627|0.99981064|0.99983847|0.99988949,0.00007755|0.00007155|0.00006573|0.00008763|0.00006683|0.00011748|0.00009168|0.00006555
tr_external_uz_dvbt_f482_r03,234,7319,DVB-T,0.7908838987350464,0.7908838987350464,LTE,0.9998625591397285,8.207367864088155e-05,0,8,0,False,only_4096_correct,LTE|LTE|LTE|LTE|LTE|LTE|LTE|LTE,0.99985254|0.99988580|0.99987078|0.99983180|0.99988008|0.99979776|0.99989998|0.99988174,0.00008597|0.00006756|0.00007490|0.00010123|0.00007153|0.00012515|0.00006004|0.00007021
tr_external_uz_dvbt_f482_r03,235,7320,DVB-T,0.952168345451355,0.952168345451355,LTE,0.9998496025800705,8.840944883559132e-05,0,8,0,False,only_4096_correct,LTE|LTE|LTE|LTE|LTE|LTE|LTE|LTE,0.99983656|0.99984932|0.99985290|0.99985421|0.99984300|0.99983847|0.99987113|0.99985123,0.00009938|0.00008765|0.00008568|0.00008330|0.00009338|0.00009121|0.00007575|0.00009093
tr_external_uz_dvbt_f482_r03,236,7321,DVB-T,0.8116956949234009,0.8116956949234009,LTE,0.9998439401388168,9.388980197400087e-05,0,8,0,False,only_4096_correct,LTE|LTE|LTE|LTE|LTE|LTE|LTE|LTE,0.99984539|0.99988186|0.99984300|0.99982351|0.99987721|0.99985456|0.99974912|0.99987686,0.00009068|0.00007106|0.00009230|0.00010942|0.00007294|0.00008597|0.00015684|0.00007191
tr_external_uz_dvbt_f482_r03,237,7322,DVB-T,0.9114753007888794,0.9114753007888794,LTE,0.9998175278306007,0.0001095135485229548,0,8,0,False,only_4096_correct,LTE|LTE|LTE|LTE|LTE|LTE|LTE|LTE,0.99987352|0.99975985|0.99985003|0.99981266|0.99979085|0.99983990|0.99979490|0.99981850,0.00007590|0.00014648|0.00009087|0.00011556|0.00012771|0.00009141|0.00012379|0.00010439
tr_external_uz_dvbt_f482_r03,238,7323,DVB-T,0.8894618153572083,0.8894618153572083,LTE,0.9998388513922691,9.704813601274509e-05,0,8,0,False,only_4096_correct,LTE|LTE|LTE|LTE|LTE|LTE|LTE|LTE,0.99983883|0.99984598|0.99986804|0.99985886|0.99982798|0.99982327|0.99982637|0.99982148,0.00009994|0.00009097|0.00007568|0.00008504|0.00009872|0.00010854|0.00010765|0.00010985
tr_external_uz_dvbt_f482_r03,239,7324,LTE,0.7909234166145325,0.20525065064430237,LTE,0.9998354390263557,9.7974547315971e-05,0,8,0,False,both_wrong,LTE|LTE|LTE|LTE|LTE|LTE|LTE|LTE,0.99982965|0.99976510|0.99986005|0.99985242|0.99986660|0.99983430|0.99982965|0.99984574,0.00010019|0.00014536|0.00007937|0.00008629|0.00007819|0.00010363|0.00010399|0.00008678
tr_external_uz_dvbt_f482_r03,240,7325,DVB-T,0.9264893531799316,0.9264893531799316,LTE,0.9998324513435364,0.00010233864122710656,0,8,0,False,only_4096_correct,LTE|LTE|LTE|LTE|LTE|LTE|LTE|LTE,0.99977762|0.99983978|0.99981076|0.99984443|0.99981052|0.99981838|0.99988258|0.99987555,0.00013765|0.00009697|0.00011896|0.00009394|0.00011806|0.00010892|0.00007030|0.00007392
tr_external_uz_dvbt_f482_r03,241,7326,DVB-T,0.9570104479789734,0.9570104479789734,LTE,0.9998328387737274,0.00010029976874648128,0,8,0,False,only_4096_correct,LTE|LTE|LTE|LTE|LTE|LTE|LTE|LTE,0.99983799|0.99988794|0.99982989|0.99986553|0.99980181|0.99973422|0.99987435|0.99983096,0.00009248|0.00006677|0.00010566|0.00007912|0.00011968|0.00016347|0.00007447|0.00010074
tr_external_uz_dvbt_f482_r03,242,7327,DVB-T,0.5683164596557617,0.5683164596557617,LTE,0.9998463168740273,9.200626027450198e-05,0,8,0,False,only_4096_correct,LTE|LTE|LTE|LTE|LTE|LTE|LTE|LTE,0.99989533|0.99986041|0.99980396|0.99981564|0.99979120|0.99986398|0.99986565|0.99987435,0.00006238|0.00008448|0.00011691|0.00010998|0.00012892|0.00008080|0.00007855|0.00007404
tr_external_uz_dvbt_f482_r03,243,7328,DVB-T,0.9734215140342712,0.9734215140342712,LTE,0.9998443573713303,9.253868574887747e-05,0,8,0,False,only_4096_correct,LTE|LTE|LTE|LTE|LTE|LTE|LTE|LTE,0.99984455|0.99985027|0.99978739|0.99986601|0.99982196|0.99987173|0.99987292|0.99984002,0.00009192|0.00008679|0.00012934|0.00008086|0.00010697|0.00007761|0.00007348|0.00009335
tr_external_uz_dvbt_f482_r03,244,7329,LTE,0.8493074774742126,0.14751163125038147,LTE,0.9998641088604927,7.941319063320407e-05,0,8,0,False,both_wrong,LTE|LTE|LTE|LTE|LTE|LTE|LTE|LTE,0.99981934|0.99983585|0.99986935|0.99990189|0.99986303|0.99984837|0.99989200|0.99988306,0.00010583|0.00009529|0.00007730|0.00005917|0.00007853|0.00008569|0.00006333|0.00007016
tr_external_uz_dvbt_f482_r03,245,7330,DVB-T,0.9281852841377258,0.9281852841377258,LTE,0.9998457059264183,9.349216907139635e-05,0,8,0,False,only_4096_correct,LTE|LTE|LTE|LTE|LTE|LTE|LTE|LTE,0.99980611|0.99988115|0.99982423|0.99989796|0.99983561|0.99982458|0.99984276|0.99985325,0.00011816|0.00007206|0.00010918|0.00006108|0.00010054|0.00010711|0.00009239|0.00008742
tr_external_uz_dvbt_f482_r03,246,7331,DVB-T,0.9930195212364197,0.9930195212364197,LTE,0.9998146742582321,0.00011340821993144345,0,8,0,False,only_4096_correct,LTE|LTE|LTE|LTE|LTE|LTE|LTE|LTE,0.99964857|0.99985862|0.99978048|0.99983168|0.99986517|0.99978393|0.99990535|0.99984360,0.00022988|0.00008684|0.00013760|0.00009800|0.00007908|0.00012380|0.00005722|0.00009484
tr_external_uz_dvbt_f482_r03,247,7332,LTE,0.5299502611160278,0.4644071161746979,LTE,0.9998482242226601,8.997699751489563e-05,0,8,0,False,both_wrong,LTE|LTE|LTE|LTE|LTE|LTE|LTE|LTE,0.99987829|0.99979931|0.99982470|0.99982160|0.99984765|0.99988961|0.99987233|0.99985230,0.00007115|0.00011585|0.00010766|0.00010940|0.00008974|0.00006564|0.00007443|0.00008596
tr_external_uz_dvbt_f482_r03,248,7333,DVB-T,0.6187366843223572,0.6187366843223572,LTE,0.9998416230082512,9.503652017883724e-05,0,8,0,False,only_4096_correct,LTE|LTE|LTE|LTE|LTE|LTE|LTE|LTE,0.99987733|0.99983048|0.99982989|0.99984324|0.99983895|0.99984241|0.99985528|0.99981540,0.00007338|0.00010489|0.00009675|0.00009472|0.00009904|0.00009250|0.00008352|0.00011549
tr_external_uz_dvbt_f482_r03,249,7334,LTE,0.6766490340232849,0.3192683458328247,LTE,0.9998362436890602,9.768647214514203e-05,0,8,0,False,both_wrong,LTE|LTE|LTE|LTE|LTE|LTE|LTE|LTE,0.99985623|0.99971193|0.99983108|0.99986196|0.99985266|0.99983037|0.99986517|0.99988055,0.00008293|0.00017827|0.00010025|0.00008424|0.00008431|0.00010395|0.00007649|0.00007105
tr_external_uz_dvbt_f482_r03,250,7335,DVB-T,0.8782581686973572,0.8782581686973572,LTE,0.9998518973588943,8.859813624439994e-05,0,8,0,False,only_4096_correct,LTE|LTE|LTE|LTE|LTE|LTE|LTE|LTE,0.99986792|0.99988568|0.99983716|0.99986076|0.99981433|0.99984920|0.99982661|0.99987352,0.00007868|0.00006751|0.00009594|0.00008143|0.00011461|0.00009197|0.00010396|0.00007469
tr_external_uz_dvbt_f482_r03,251,7336,DVB-T,0.969271183013916,0.969271183013916,LTE,0.9998516961932182,8.864985284162685e-05,0,8,0,False,only_4096_correct,LTE|LTE|LTE|LTE|LTE|LTE|LTE|LTE,0.99984539|0.99988461|0.99984646|0.99986017|0.99986649|0.99983799|0.99979037|0.99988210,0.00009135|0.00006836|0.00009264|0.00008639|0.00007747|0.00009656|0.00012530|0.00007113
tr_external_uz_dvbt_f482_r03,252,7337,DVB-T,0.9879739284515381,0.9879739284515381,LTE,0.9998269751667976,0.00010526397363719298,0,8,0,False,only_4096_correct,LTE|LTE|LTE|LTE|LTE|LTE|LTE|LTE,0.99983931|0.99990165|0.99981982|0.99988306|0.99983728|0.99964464|0.99983740|0.99985266,0.00009806|0.00005912|0.00010495|0.00006985|0.00009890|0.00023225|0.00009366|0.00008532
tr_external_uz_dvbt_f482_r03,253,7338,DVB-T,0.7723721265792847,0.7723721265792847,LTE,0.9998573735356331,8.416583477810491e-05,0,8,0,False,only_4096_correct,LTE|LTE|LTE|LTE|LTE|LTE|LTE|LTE,0.99983954|0.99982625|0.99984276|0.99988055|0.99987471|0.99988163|0.99984324|0.99987030,0.00009197|0.00010448|0.00009332|0.00007126|0.00007482|0.00006873|0.00009192|0.00007682
tr_external_uz_dvbt_f482_r03,254,7339,DVB-T,0.5912408828735352,0.5912408828735352,LTE,0.999871626496315,7.581474346807227e-05,0,8,0,False,only_4096_correct,LTE|LTE|LTE|LTE|LTE|LTE|LTE|LTE,0.99986684|0.99988723|0.99986482|0.99988616|0.99987483|0.99985158|0.99988723|0.99985433,0.00007708|0.00006697|0.00007876|0.00006810|0.00007327|0.00008590|0.00006696|0.00008948
tr_external_uz_dvbt_f482_r03,255,7340,LTE,0.6134856939315796,0.3816085457801819,LTE,0.9998423680663109,9.507508912065532e-05,0,8,0,False,both_wrong,LTE|LTE|LTE|LTE|LTE|LTE|LTE|LTE,0.99990332|0.99984407|0.99985504|0.99970526|0.99984980|0.99985969|0.99986267|0.99985909,0.00005808|0.00009258|0.00008660|0.00018924|0.00008958|0.00008150|0.00008216|0.00008086
tr_external_uz_dvbt_f482_r03,256,7341,LTE,0.8180814385414124,0.17822140455245972,LTE,0.9998491629958153,9.08293677639449e-05,0,8,0,False,both_wrong,LTE|LTE|LTE|LTE|LTE|LTE|LTE|LTE,0.99983871|0.99980956|0.99987066|0.99987388|0.99986029|0.99985838|0.99985111|0.99983072,0.00009899|0.00011187|0.00007633|0.00007426|0.00008306|0.00008669|0.00009071|0.00010473
tr_external_uz_dvbt_f482_r03,257,7342,DVB-T,0.7478012442588806,0.7478012442588806,LTE,0.9998590424656868,8.37536963445018e-05,0,8,0,False,only_4096_correct,LTE|LTE|LTE|LTE|LTE|LTE|LTE|LTE,0.99987841|0.99979573|0.99983215|0.99987686|0.99986732|0.99984765|0.99988174|0.99989247,0.00007385|0.00012241|0.00010277|0.00007166|0.00007768|0.00008702|0.00007064|0.00006401
tr_external_uz_dvbt_f482_r03,258,7343,DVB-T,0.9547632336616516,0.9547632336616516,LTE,0.9998335242271423,9.704132753540762e-05,0,8,0,False,only_4096_correct,LTE|LTE|LTE|LTE|LTE|LTE|LTE|LTE,0.99987936|0.99981433|0.99984872|0.99982184|0.99981552|0.99978954|0.99983156|0.99986732,0.00007073|0.00011058|0.00008676|0.00011009|0.00010418|0.00012166|0.00009395|0.00007838
tr_external_uz_dvbt_f482_r03,259,7344,DVB-T,0.5747758746147156,0.5747758746147156,LTE,0.9998655170202255,7.861288941057865e-05,0,8,0,False,only_4096_correct,LTE|LTE|LTE|LTE|LTE|LTE|LTE|LTE,0.99987125|0.99987245|0.99983931|0.99988723|0.99986959|0.99986970|0.99982786|0.99988675,0.00007421|0.00007388|0.00009240|0.00006684|0.00007605|0.00007697|0.00010178|0.00006679
tr_external_uz_dvbt_f482_r03,260,7345,LTE,0.5579759478569031,0.4365726709365845,LTE,0.9998626410961151,8.078336122707697e-05,0,8,0,False,both_wrong,LTE|LTE|LTE|LTE|LTE|LTE|LTE|LTE,0.99985135|0.99986362|0.99984336|0.99989033|0.99983299|0.99988282|0.99986887|0.99986780,0.00008800|0.00008024|0.00009205|0.00006520|0.00009603|0.00006895|0.00007801|0.00007779
tr_external_uz_dvbt_f482_r03,261,7346,DVB-T,0.7236643433570862,0.7236643433570862,LTE,0.9998579397797585,8.421813072345685e-05,0,8,0,False,only_4096_correct,LTE|LTE|LTE|LTE|LTE|LTE|LTE|LTE,0.99986827|0.99981755|0.99986863|0.99987590|0.99982965|0.99984956|0.99987268|0.99988127,0.00007562|0.00011351|0.00007953|0.00007343|0.00009826|0.00008887|0.00007517|0.00006935
tr_external_uz_dvbt_f482_r03,262,7347,DVB-T,0.9878501296043396,0.9878501296043396,LTE,0.999851681292057,8.85652834767825e-05,0,8,0,False,only_4096_correct,LTE|LTE|LTE|LTE|LTE|LTE|LTE|LTE,0.99986601|0.99988258|0.99987614|0.99983382|0.99983764|0.99986959|0.99986112|0.99978656,0.00007677|0.00006956|0.00007297|0.00010230|0.00009517|0.00007729|0.00007984|0.00013461
tr_external_uz_dvbt_f482_r03,263,7348,DVB-T,0.9634954929351807,0.9634954929351807,LTE,0.9998350590467453,0.00010012365601141937,0,8,0,False,only_4096_correct,LTE|LTE|LTE|LTE|LTE|LTE|LTE|LTE,0.99969459|0.99986434|0.99982125|0.99984229|0.99987590|0.99987423|0.99988163|0.99982625,0.00020128|0.00008083|0.00010524|0.00008844|0.00007290|0.00007454|0.00006957|0.00010818
tr_external_uz_dvbt_f482_r03,264,7349,LTE,0.9410982131958008,0.05647486075758934,LTE,0.9998545348644257,8.695449105289299e-05,0,8,0,False,both_wrong,LTE|LTE|LTE|LTE|LTE|LTE|LTE|LTE,0.99989581|0.99987578|0.99987245|0.99985826|0.99986017|0.99982244|0.99983144|0.99981993,0.00006202|0.00007240|0.00007571|0.00008620|0.00008539|0.00009983|0.00010383|0.00011025
tr_external_uz_dvbt_f482_r03,265,7350,LTE,0.7456781268119812,0.24978092312812805,LTE,0.9998499378561974,8.89569028004189e-05,0,8,0,False,both_wrong,LTE|LTE|LTE|LTE|LTE|LTE|LTE|LTE,0.99984396|0.99985003|0.99986541|0.99986339|0.99983728|0.99987006|0.99984694|0.99982244,0.00009056|0.00008749|0.00007763|0.00008023|0.00010092|0.00007616|0.00009038|0.00010829
tr_external_uz_dvbt_f482_r03,266,7351,DVB-T,0.543075680732727,0.543075680732727,LTE,0.999836266040802,9.759921158547513e-05,0,8,0,False,only_4096_correct,LTE|LTE|LTE|LTE|LTE|LTE|LTE|LTE,0.99978131|0.99986839|0.99986708|0.99981505|0.99987400|0.99982625|0.99983668|0.99982136,0.00012702|0.00007770|0.00007778|0.00010843|0.00007562|0.00010676|0.00009776|0.00010971
tr_external_uz_dvbt_f482_r03,267,7352,LTE,0.6202328205108643,0.3741403818130493,LTE,0.9998544380068779,8.653446911921492e-05,0,8,0,False,both_wrong,LTE|LTE|LTE|LTE|LTE|LTE|LTE|LTE,0.99988210|0.99986887|0.99981147|0.99982738|0.99983251|0.99987221|0.99986541|0.99987555,0.00006932|0.00007546|0.00011773|0.00010690|0.00009614|0.00007427|0.00007794|0.00007452
tr_external_uz_dvbt_f482_r04,0,7353,LTE,0.9982033967971802,0.0015294767217710614,LTE,0.8985267840325832,0.10043956729168713,1,7,0,False,both_wrong,LTE|DVB-T|LTE|LTE|LTE|LTE|LTE|LTE,0.97138411|0.64745229|0.90119493|0.97035235|0.99942672|0.99631715|0.99823689|0.99970359,0.02689073|0.64745229|0.09600091|0.02837767|0.00040966|0.00281305|0.00138314|0.00018909
tr_external_uz_dvbt_f482_r04,1,7354,LTE,0.8392495512962341,0.15721696615219116,LTE,0.9773888364434242,0.021584314068604726,0,8,0,False,both_wrong,LTE|LTE|LTE|LTE|LTE|LTE|LTE|LTE,0.99633348|0.99979836|0.97530633|0.99909174|0.86947381|0.99968636|0.99912316|0.98029745,0.00295562|0.00012612|0.02219252|0.00067079|0.12843521|0.00020264|0.00064226|0.01744935
tr_external_uz_dvbt_f482_r04,2,7355,LTE,0.7883961200714111,0.20755384862422943,LTE,0.9955206513404846,0.003803212548518786,0,8,0,False,both_wrong,LTE|LTE|LTE|LTE|LTE|LTE|LTE|LTE,0.98490137|0.99763346|0.99926347|0.99634153|0.99954504|0.99587679|0.99134892|0.99925464,0.01327374|0.00188741|0.00051293|0.00290266|0.00030650|0.00329609|0.00769482|0.00055155
tr_external_uz_dvbt_f482_r04,3,7356,LTE,0.9265788197517395,0.07102783024311066,LTE,0.9977543279528618,0.0019035928598896135,0,8,0,False,both_wrong,LTE|LTE|LTE|LTE|LTE|LTE|LTE|LTE,0.98755670|0.99946374|0.99943382|0.99950135|0.99795973|0.99956721|0.99878365|0.99976844,0.01118835|0.00036143|0.00038504|0.00033879|0.00162722|0.00029620|0.00088914|0.00014258
tr_external_uz_dvbt_f482_r04,4,7357,LTE,0.894999086856842,0.10207584500312805,LTE,0.9990972653031349,0.0006721877689415123,0,8,0,False,both_wrong,LTE|LTE|LTE|LTE|LTE|LTE|LTE|LTE,0.99956650|0.99968588|0.99960309|0.99958616|0.99977082|0.99596608|0.99894196|0.99965763,0.00028793|0.00020539|0.00026401|0.00027654|0.00014086|0.00320452|0.00077468|0.00022357
tr_external_uz_dvbt_f482_r04,5,7358,LTE,0.9320629239082336,0.06564490497112274,LTE,0.9996103569865227,0.00026683502619562205,0,8,0,False,both_wrong,LTE|LTE|LTE|LTE|LTE|LTE|LTE|LTE,0.99973077|0.99981028|0.99949157|0.99974972|0.99981409|0.99968147|0.99974757|0.99885738,0.00017258|0.00011716|0.00035239|0.00015627|0.00011307|0.00020620|0.00015868|0.00085833
tr_external_uz_dvbt_f482_r04,6,7359,LTE,0.9670827388763428,0.031372297555208206,LTE,0.9994669258594513,0.00037394572973425966,0,8,0,False,both_wrong,LTE|LTE|LTE|LTE|LTE|LTE|LTE|LTE,0.99925798|0.99967682|0.99939299|0.99979061|0.99852258|0.99964762|0.99963951|0.99980730,0.00051390|0.00021405|0.00040034|0.00012808|0.00114894|0.00023269|0.00023882|0.00011476
tr_external_uz_dvbt_f482_r04,7,7360,LTE,0.938961923122406,0.058844827115535736,LTE,0.9997793585062027,0.0001358319459541235,0,8,0,False,both_wrong,LTE|LTE|LTE|LTE|LTE|LTE|LTE|LTE,0.99979395|0.99982303|0.99981922|0.99973255|0.99974734|0.99974960|0.99977487|0.99979430,0.00012253|0.00010626|0.00011261|0.00017222|0.00016034|0.00015479|0.00013553|0.00012239
tr_external_uz_dvbt_f482_r04,8,7361,LTE,0.9067056179046631,0.09062306582927704,LTE,0.9997796937823296,0.00013695638881472405,0,8,0,False,both_wrong,LTE|LTE|LTE|LTE|LTE|LTE|LTE|LTE,0.99982518|0.99979264|0.99979752|0.99977905|0.99985397|0.99981731|0.99978048|0.99959141,0.00010333|0.00012466|0.00012500|0.00013777|0.00008577|0.00011091|0.00013442|0.00027379
tr_external_uz_dvbt_f482_r04,9,7362,LTE,0.9864388704299927,0.012565829791128635,LTE,0.9998248666524887,0.00010749181728897383,0,8,0,False,both_wrong,LTE|LTE|LTE|LTE|LTE|LTE|LTE|LTE,0.99979597|0.99987960|0.99984825|0.99979860|0.99979109|0.99984825|0.99985337|0.99978381,0.00012597|0.00007105|0.00009434|0.00012505|0.00013054|0.00008922|0.00008715|0.00013662
tr_external_uz_dvbt_f482_r04,10,7363,LTE,0.9958614706993103,0.0036775448825210333,LTE,0.9997568428516388,0.00015710506431787508,0,8,0,False,both_wrong,LTE|LTE|LTE|LTE|LTE|LTE|LTE|LTE,0.99987268|0.99979836|0.99984610|0.99978203|0.99974006|0.99977177|0.99984622|0.99939752,0.00007585|0.00012335|0.00009615|0.00013517|0.00016861|0.00014219|0.00009115|0.00042437
tr_external_uz_dvbt_f482_r04,11,7364,LTE,0.7340205311775208,0.2615106999874115,LTE,0.9998126178979874,0.00011431354687374551,0,8,0,False,both_wrong,LTE|LTE|LTE|LTE|LTE|LTE|LTE|LTE,0.99978584|0.99983358|0.99974495|0.99987030|0.99983323|0.99985743|0.99978226|0.99979335,0.00013317|0.00009725|0.00016151|0.00007840|0.00010017|0.00008655|0.00012780|0.00012965
tr_external_uz_dvbt_f482_r04,12,7365,LTE,0.6311920285224915,0.3640202581882477,LTE,0.9996881932020187,0.00021033891971455887,0,8,0,False,both_wrong,LTE|LTE|LTE|LTE|LTE|LTE|LTE|LTE,0.99967802|0.99979419|0.99976069|0.99892491|0.99981707|0.99984539|0.99984145|0.99984384,0.00020685|0.00012873|0.00015024|0.00080844|0.00010746|0.00009222|0.00009395|0.00009483
tr_external_uz_dvbt_f482_r04,13,7366,DVB-T,0.54709792137146,0.54709792137146,LTE,0.9998034462332726,0.00012012901333946502,0,8,0,False,only_4096_correct,LTE|LTE|LTE|LTE|LTE|LTE|LTE|LTE,0.99980646|0.99982506|0.99986601|0.99967635|0.99979275|0.99982387|0.99979621|0.99984086,0.00011298|0.00010281|0.00007854|0.00020766|0.00012779|0.00010525|0.00012825|0.00009776
tr_external_uz_dvbt_f482_r04,14,7367,LTE,0.858793318271637,0.13770918548107147,LTE,0.9998070523142815,0.00011795559930760646,0,8,0,False,both_wrong,LTE|LTE|LTE|LTE|LTE|LTE|LTE|LTE,0.99982566|0.99974519|0.99985695|0.99978870|0.99976259|0.99983668|0.99979049|0.99985015,0.00010582|0.00016207|0.00008552|0.00012815|0.00015141|0.00009498|0.00012702|0.00008867
tr_external_uz_dvbt_f482_r04,15,7368,LTE,0.751241147518158,0.24413412809371948,LTE,0.9998370409011841,9.928619510901626e-05,0,8,0,False,both_wrong,LTE|LTE|LTE|LTE|LTE|LTE|LTE|LTE,0.99986017|0.99988210|0.99971062|0.99981266|0.99987340|0.99983656|0.99984598|0.99987483,0.00008452|0.00006959|0.00018999|0.00011195|0.00007355|0.00009702|0.00009399|0.00007369
tr_external_uz_dvbt_f482_r04,16,7369,LTE,0.971114993095398,0.027314431965351105,LTE,0.9998266324400902,0.00010518323688302189,0,8,0,False,both_wrong,LTE|LTE|LTE|LTE|LTE|LTE|LTE|LTE,0.99979955|0.99982208|0.99986684|0.99983358|0.99972373|0.99987292|0.99986100|0.99983335,0.00012191|0.00010130|0.00008214|0.00010340|0.00017183|0.00007601|0.00008214|0.00010274
tr_external_uz_dvbt_f482_r04,17,7370,LTE,0.5281069874763489,0.46647658944129944,LTE,0.9998500645160675,9.0152068878524e-05,0,8,0,False,both_wrong,LTE|LTE|LTE|LTE|LTE|LTE|LTE|LTE,0.99978942|0.99985468|0.99985480|0.99985862|0.99981898|0.99988449|0.99986827|0.99987125,0.00013093|0.00008455|0.00008731|0.00008550|0.00011100|0.00006834|0.00007821|0.00007538
tr_external_uz_dvbt_f482_r04,18,7371,DVB-T,0.5361543893814087,0.5361543893814087,LTE,0.999832458794117,0.00010135035790881375,0,8,0,False,only_4096_correct,LTE|LTE|LTE|LTE|LTE|LTE|LTE|LTE,0.99981445|0.99983537|0.99985456|0.99986804|0.99984562|0.99980479|0.99980932|0.99982750,0.00011286|0.00009447|0.00008669|0.00007938|0.00009359|0.00012001|0.00011849|0.00010531
tr_external_uz_dvbt_f482_r04,19,7372,LTE,0.547020673751831,0.44782575964927673,LTE,0.9998574405908585,8.554989744880004e-05,0,8,0,False,both_wrong,LTE|LTE|LTE|LTE|LTE|LTE|LTE|LTE,0.99983692|0.99986541|0.99983048|0.99987388|0.99983406|0.99987793|0.99985945|0.99988139,0.00009650|0.00007858|0.00010361|0.00007671|0.00010081|0.00007423|0.00008337|0.00007059
tr_external_uz_dvbt_f482_r04,20,7373,LTE,0.8759784698486328,0.12084205448627472,LTE,0.9998269751667976,0.00010490953536645975,0,8,0,False,both_wrong,LTE|LTE|LTE|LTE|LTE|LTE|LTE|LTE,0.99986696|0.99983144|0.99986625|0.99985707|0.99978703|0.99980849|0.99977046|0.99982810,0.00007836|0.00009998|0.00007859|0.00008426|0.00013133|0.00011819|0.00014326|0.00010531
tr_external_uz_dvbt_f482_r04,21,7374,LTE,0.6491839289665222,0.34603866934776306,LTE,0.9996604546904564,0.00022235801679926226,0,8,0,False,both_wrong,LTE|LTE|LTE|LTE|LTE|LTE|LTE|LTE,0.99977416|0.99980778|0.99979442|0.99961555|0.99910069|0.99980336|0.99982822|0.99955946,0.00014025|0.00011694|0.00012775|0.00025345|0.00062964|0.00012169|0.00009810|0.00029103
tr_external_uz_dvbt_f482_r04,22,7375,LTE,0.9597106575965881,0.03848705813288689,LTE,0.9997308552265167,0.0001710718452159199,0,8,0,False,both_wrong,LTE|LTE|LTE|LTE|LTE|LTE|LTE|LTE,0.99977082|0.99965942|0.99980193|0.99979073|0.99981338|0.99965107|0.99958414|0.99977535,0.00014385|0.00021940|0.00012086|0.00012497|0.00010729|0.00023122|0.00028161|0.00013937
tr_external_uz_dvbt_f482_r04,23,7376,DVB-T,0.5340140461921692,0.5340140461921692,LTE,0.999451145529747,0.0003869363463309128,0,8,0,False,only_4096_correct,LTE|LTE|LTE|LTE|LTE|LTE|LTE|LTE,0.99906152|0.99978060|0.99931717|0.99960774|0.99922383|0.99973208|0.99971241|0.99917382,0.00069392|0.00013818|0.00048963|0.00026453|0.00055275|0.00017098|0.00018387|0.00060163
tr_external_uz_dvbt_f482_r04,24,7377,LTE,0.8791494965553284,0.1177266463637352,LTE,0.9994539096951485,0.00038654015315842116,0,8,0,False,both_wrong,LTE|LTE|LTE|LTE|LTE|LTE|LTE|LTE,0.99944240|0.99972457|0.99981493|0.99975902|0.99970204|0.99969304|0.99908412|0.99841118,0.00038352|0.00017584|0.00011363|0.00014891|0.00018974|0.00019981|0.00064683|0.00123404
tr_external_uz_dvbt_f482_r04,25,7378,LTE,0.95976322889328,0.03854844719171524,LTE,0.9911358505487442,0.008071865151578095,0,8,0,False,both_wrong,LTE|LTE|LTE|LTE|LTE|LTE|LTE|LTE,0.99868757|0.99670726|0.99341547|0.99960369|0.99921620|0.99944144|0.98614430|0.95587087,0.00098959|0.00273196|0.00556076|0.00025972|0.00056142|0.00039898|0.01159997|0.04247251
tr_external_uz_dvbt_f482_r04,26,7379,LTE,0.988811731338501,0.010400895029306412,LTE,0.9884121045470238,0.010559265887422953,0,8,0,False,both_wrong,LTE|LTE|LTE|LTE|LTE|LTE|LTE|LTE,0.99923003|0.96486491|0.97662532|0.99899715|0.98337883|0.99609202|0.99484187|0.99326670,0.00055057|0.03318227|0.02204979|0.00076546|0.01552410|0.00301378|0.00405018|0.00533799
tr_external_uz_dvbt_f482_r04,27,7380,LTE,0.9985905289649963,0.0011849940055981278,LTE,0.9784425124526024,0.021157410948944744,0,8,0,False,both_wrong,LTE|LTE|LTE|LTE|LTE|LTE|LTE|LTE,0.99820507|0.99976069|0.99910349|0.99872917|0.83271670|0.99951184|0.99977094|0.99974221,0.00140528|0.00014903|0.00067575|0.00094986|0.16545561|0.00032003|0.00014156|0.00016217
tr_external_uz_dvbt_f482_r04,28,7381,LTE,0.9870113134384155,0.01203693076968193,LTE,0.9989066943526268,0.0008188430383597733,0,8,0,False,both_wrong,LTE|LTE|LTE|LTE|LTE|LTE|LTE|LTE,0.99791139|0.99959058|0.99656433|0.99918836|0.99947745|0.99979621|0.99919480|0.99953043,0.00160620|0.00026989|0.00270616|0.00057072|0.00034892|0.00012421|0.00058436|0.00034029
tr_external_uz_dvbt_f482_r04,29,7382,LTE,0.99403977394104,0.005389964208006859,LTE,0.9985927790403366,0.0011124504299004911,0,8,0,False,both_wrong,LTE|LTE|LTE|LTE|LTE|LTE|LTE|LTE,0.99948275|0.99885690|0.99593347|0.99914432|0.99933523|0.99980575|0.99646497|0.99971884,0.00035930|0.00086374|0.00346060|0.00061307|0.00046612|0.00011262|0.00284940|0.00017475
tr_external_uz_dvbt_f482_r04,30,7383,LTE,0.998512327671051,0.0012491407105699182,LTE,0.9992248192429543,0.0005945209068158874,0,8,0,False,both_wrong,LTE|LTE|LTE|LTE|LTE|LTE|LTE|LTE,0.99962103|0.99710792|0.99965680|0.99940503|0.99892068|0.99980026|0.99950671|0.99978012,0.00025507|0.00245662|0.00022510|0.00041258|0.00081197|0.00012220|0.00033683|0.00013579
tr_external_uz_dvbt_f482_r04,31,7384,LTE,0.9980229139328003,0.00169753294903785,LTE,0.9976647719740868,0.0019333479285705835,0,8,0,False,both_wrong,LTE|LTE|LTE|LTE|LTE|LTE|LTE|LTE,0.99947780|0.99979669|0.99963462|0.99304515|0.99849141|0.99944538|0.99927765|0.99214947,0.00035586|0.00012385|0.00024004|0.00596280|0.00115010|0.00037483|0.00049348|0.00676582
tr_external_uz_dvbt_f482_r04,32,7385,LTE,0.9996823072433472,0.00023653100652154535,LTE,0.9917706102132797,0.00784901021324913,0,8,0,False,both_wrong,LTE|LTE|LTE|LTE|LTE|LTE|LTE|LTE,0.99969923|0.99968696|0.98408926|0.99966538|0.99954212|0.99954516|0.99928087|0.95265591,0.00020043|0.00020562|0.01491983|0.00021702|0.00030841|0.00031286|0.00049844|0.04612946
tr_external_uz_dvbt_f482_r04,33,7386,LTE,0.9993758797645569,0.0004970614681951702,LTE,0.9921092912554741,0.0072393167720292695,0,8,0,False,both_wrong,LTE|LTE|LTE|LTE|LTE|LTE|LTE|LTE,0.99968350|0.96421313|0.99977440|0.99962020|0.99049556|0.99334091|0.99062705|0.99911958,0.00019985|0.03435333|0.00013887|0.00024904|0.00843456|0.00536916|0.00852789|0.00064184
tr_external_uz_dvbt_f482_r04,34,7387,LTE,0.9761201739311218,0.022667977958917618,LTE,0.8385708555579185,0.1606620690508862,1,7,0,False,both_wrong,LTE|LTE|LTE|LTE|LTE|LTE|LTE|DVB-T,0.98173606|0.99903393|0.71530199|0.99696070|0.99850404|0.99954957|0.99884486|0.98127156,0.01591944|0.00073794|0.28250310|0.00256715|0.00113453|0.00030761|0.00085522|0.98127156
tr_external_uz_dvbt_f482_r04,35,7388,LTE,0.9986151456832886,0.0011542249703779817,LTE,0.7803975325077772,0.2186024338898278,2,6,0,False,both_wrong,LTE|DVB-T|LTE|LTE|DVB-T|LTE|LTE|LTE,0.99976534|0.90709001|0.98453993|0.99957961|0.79579902|0.98669899|0.99467236|0.98188317,0.00014620|0.90709001|0.01307638|0.00028542|0.79579902|0.01219129|0.00428348|0.01594767
tr_external_uz_dvbt_f482_r04,36,7389,LTE,0.9798112511634827,0.019033607095479965,LTE,0.8805580884218216,0.11826685784035362,1,7,0,False,both_wrong,LTE|LTE|DVB-T|LTE|LTE|LTE|LTE|LTE,0.98015779|0.99103749|0.61096537|0.99767095|0.99612075|0.99828440|0.99746406|0.69652712,0.01716363|0.00801070|0.61096537|0.00172420|0.00308805|0.00137311|0.00198559|0.30182421
tr_external_uz_dvbt_f482_r04,37,7390,LTE,0.9916481971740723,0.007689920254051685,LTE,0.9545249715447426,0.044442206861276645,0,8,0,False,both_wrong,LTE|LTE|LTE|LTE|LTE|LTE|LTE|LTE,0.96503407|0.99960417|0.99927109|0.96473151|0.99974447|0.71076864|0.99764293|0.99940288,0.03333870|0.00026803|0.00051878|0.03193032|0.00015800|0.28706682|0.00183606|0.00042094
tr_external_uz_dvbt_f482_r04,38,7391,LTE,0.9974076151847839,0.002237180480733514,LTE,0.9983986765146255,0.0012628809945454122,0,8,0,False,both_wrong,LTE|LTE|LTE|LTE|LTE|LTE|LTE|LTE,0.99325103|0.99979478|0.99978083|0.99949825|0.99953496|0.99900466|0.99940979|0.99691510,0.00553321|0.00012515|0.00013789|0.00034023|0.00031780|0.00072999|0.00041014|0.00250864
tr_external_uz_dvbt_f482_r04,39,7392,LTE,0.9625108242034912,0.035811688750982285,LTE,0.8924971837550402,0.10694389353466249,1,7,0,False,both_wrong,LTE|LTE|LTE|DVB-T|LTE|LTE|LTE|LTE,0.99976975|0.99870551|0.99977392|0.80739498|0.99965858|0.95065790|0.99980432|0.99976856,0.00014346|0.00099019|0.00013680|0.80739498|0.00022611|0.04639733|0.00012081|0.00014147
tr_external_uz_dvbt_f482_r04,40,7393,LTE,0.9670002460479736,0.031406231224536896,LTE,0.9994646608829498,0.0003764798584597884,0,8,0,False,both_wrong,LTE|LTE|LTE|LTE|LTE|LTE|LTE|LTE,0.99930346|0.99939418|0.99970466|0.99972731|0.99961483|0.99967396|0.99860930|0.99968958,0.00048850|0.00041251|0.00019279|0.00017113|0.00025240|0.00021776|0.00107504|0.00020172
tr_external_uz_dvbt_f482_r04,41,7394,LTE,0.9413136839866638,0.056836921721696854,LTE,0.9928174316883087,0.006599783400815795,0,8,0,False,both_wrong,LTE|LTE|LTE|LTE|LTE|LTE|LTE|LTE,0.95987678|0.99866188|0.99889755|0.99926871|0.99788302|0.99905747|0.99972051|0.98917353,0.03879496|0.00100687|0.00083389|0.00052846|0.00161631|0.00069000|0.00017887|0.00914890
tr_external_uz_dvbt_f482_r04,42,7395,LTE,0.9965701103210449,0.003019097028300166,LTE,0.8018792243674397,0.19773021507899102,2,6,0,False,both_wrong,LTE|LTE|LTE|LTE|DVB-T|LTE|DVB-T|LTE,0.99956256|0.99908125|0.99982601|0.99767858|0.67897922|0.99770540|0.89718950|0.99890363,0.00028632|0.00067782|0.00010848|0.00191613|0.67897922|0.00183409|0.89718950|0.00085016
tr_external_uz_dvbt_f482_r04,43,7396,LTE,0.9871735572814941,0.011908931657671928,DVB-T,0.5073220825252065,0.5073220825252065,5,3,0,False,only_512_correct,DVB-T|LTE|DVB-T|LTE|LTE|DVB-T|DVB-T|DVB-T,0.70303416|0.99939406|0.78975362|0.85733134|0.98274004|0.88368392|0.65929312|0.86655039,0.70303416|0.00041490|0.78975362|0.13997489|0.01587167|0.88368392|0.65929312|0.86655039
tr_external_uz_dvbt_f482_r04,44,7397,LTE,0.9829801321029663,0.01595897786319256,DVB-T,0.8028967657592148,0.8028967657592148,7,1,0,False,only_512_correct,DVB-T|DVB-T|DVB-T|DVB-T|LTE|DVB-T|DVB-T|DVB-T,0.63581181|0.99998379|0.80713034|0.99985945|0.97465736|0.99983299|0.96029997|0.99609852,0.63581181|0.99998379|0.80713034|0.99985945|0.02415727|0.99983299|0.96029997|0.99609852
tr_external_uz_dvbt_f482_r04,45,7398,LTE,0.8110050559043884,0.1851813942193985,DVB-T,0.9996462911367416,0.9996462911367416,8,0,0,False,only_512_correct,DVB-T|DVB-T|DVB-T|DVB-T|DVB-T|DVB-T|DVB-T|DVB-T,0.99998081|0.99986351|0.99999022|0.99948633|0.99978787|0.99948090|0.99862170|0.99995899,0.99998081|0.99986351|0.99999022|0.99948633|0.99978787|0.99948090|0.99862170|0.99995899
tr_external_uz_dvbt_f482_r04,46,7399,LTE,0.9749194979667664,0.023824244737625122,DVB-T,0.9413408488035202,0.9413408488035202,8,0,0,False,only_512_correct,DVB-T|DVB-T|DVB-T|DVB-T|DVB-T|DVB-T|DVB-T|DVB-T,0.99997687|0.99995518|0.53918290|0.99998593|0.99993753|0.99173510|0.99997592|0.99997735,0.99997687|0.99995518|0.53918290|0.99998593|0.99993753|0.99173510|0.99997592|0.99997735
tr_external_uz_dvbt_f482_r04,47,7400,LTE,0.9815767407417297,0.017276359722018242,DVB-T,0.9299726411700249,0.9299726411700249,7,1,0,False,only_512_correct,DVB-T|DVB-T|DVB-T|LTE|DVB-T|DVB-T|DVB-T|DVB-T,0.99993777|0.99991441|0.98064452|0.53859723|0.99999249|0.99994540|0.99999511|0.99995792,0.99993777|0.99991441|0.98064452|0.45939350|0.99999249|0.99994540|0.99999511|0.99995792
tr_external_uz_dvbt_f482_r04,48,7401,LTE,0.8961091041564941,0.1010827124118805,DVB-T,0.9990381300449371,0.9990381300449371,8,0,0,False,only_512_correct,DVB-T|DVB-T|DVB-T|DVB-T|DVB-T|DVB-T|DVB-T|DVB-T,0.99945432|0.99981636|0.99988365|0.99992943|0.99999261|0.99989522|0.99975687|0.99357659,0.99945432|0.99981636|0.99988365|0.99992943|0.99999261|0.99989522|0.99975687|0.99357659
tr_external_uz_dvbt_f482_r04,49,7402,LTE,0.8089337348937988,0.18718090653419495,DVB-T,0.9163739681243896,0.9163739681243896,7,1,0,False,only_512_correct,DVB-T|DVB-T|DVB-T|LTE|DVB-T|DVB-T|DVB-T|DVB-T,0.99999416|0.98019046|0.99959821|0.64529151|0.99972874|0.99973756|0.99981421|0.99990749,0.99999416|0.98019046|0.99959821|0.35202092|0.99972874|0.99973756|0.99981421|0.99990749
tr_external_uz_dvbt_f482_r04,50,7403,LTE,0.9910702705383301,0.008164976723492146,DVB-T,0.8429145067930222,0.8429145067930222,8,0,0,False,only_512_correct,DVB-T|DVB-T|DVB-T|DVB-T|DVB-T|DVB-T|DVB-T|DVB-T,0.99938118|0.99835783|0.99972445|0.64556098|0.53698087|0.94695973|0.99991131|0.61643970,0.99938118|0.99835783|0.99972445|0.64556098|0.53698087|0.94695973|0.99991131|0.61643970
tr_external_uz_dvbt_f482_r04,51,7404,LTE,0.9787351489067078,0.020056119188666344,DVB-T,0.8968544453382492,0.8968544453382492,7,1,0,False,only_512_correct,DVB-T|DVB-T|LTE|DVB-T|DVB-T|DVB-T|DVB-T|DVB-T,0.99991119|0.99813408|0.79176921|0.99990690|0.97338265|0.99998045|0.99982566|0.99989831,0.99991119|0.99813408|0.20379633|0.99990690|0.97338265|0.99998045|0.99982566|0.99989831
tr_external_uz_dvbt_f482_r04,52,7405,LTE,0.992804229259491,0.006562253925949335,DVB-T,0.9960827305912971,0.9960827305912971,8,0,0,False,only_512_correct,DVB-T|DVB-T|DVB-T|DVB-T|DVB-T|DVB-T|DVB-T|DVB-T,0.99600631|0.99979216|0.98673207|0.99980515|0.99749821|0.99915433|0.98990017|0.99977344,0.99600631|0.99979216|0.98673207|0.99980515|0.99749821|0.99915433|0.98990017|0.99977344
tr_external_uz_dvbt_f482_r04,53,7406,LTE,0.9984902143478394,0.0013067821273580194,DVB-T,0.9941233992576599,0.9941233992576599,8,0,0,False,only_512_correct,DVB-T|DVB-T|DVB-T|DVB-T|DVB-T|DVB-T|DVB-T|DVB-T,0.99989295|0.99977714|0.99996316|0.99117976|0.99929309|0.99825758|0.96471459|0.99990892,0.99989295|0.99977714|0.99996316|0.99117976|0.99929309|0.99825758|0.96471459|0.99990892
tr_external_uz_dvbt_f482_r04,54,7407,LTE,0.9882559180259705,0.010868426412343979,DVB-T,0.9996364414691925,0.9996364414691925,8,0,0,False,only_512_correct,DVB-T|DVB-T|DVB-T|DVB-T|DVB-T|DVB-T|DVB-T|DVB-T,0.99770015|0.99997818|0.99999344|0.99995899|0.99995768|0.99982941|0.99970323|0.99997044,0.99770015|0.99997818|0.99999344|0.99995899|0.99995768|0.99982941|0.99970323|0.99997044
tr_external_uz_dvbt_f482_r04,55,7408,LTE,0.9402820467948914,0.05755250155925751,DVB-T,0.9987094849348068,0.9987094849348068,8,0,0,False,only_512_correct,DVB-T|DVB-T|DVB-T|DVB-T|DVB-T|DVB-T|DVB-T|DVB-T,0.99994135|0.99042726|0.99980348|0.99996150|0.99972922|0.99998534|0.99985719|0.99997056,0.99994135|0.99042726|0.99980348|0.99996150|0.99972922|0.99998534|0.99985719|0.99997056
tr_external_uz_dvbt_f482_r04,56,7409,LTE,0.9964200258255005,0.0031602459494024515,DVB-T,0.9417655244469643,0.9417655244469643,8,0,0,False,only_512_correct,DVB-T|DVB-T|DVB-T|DVB-T|DVB-T|DVB-T|DVB-T|DVB-T,0.60313123|0.99997151|0.99858886|0.99993634|0.93871891|0.99999130|0.99966514|0.99412090,0.60313123|0.99997151|0.99858886|0.99993634|0.93871891|0.99999130|0.99966514|0.99412090
tr_external_uz_dvbt_f482_r04,57,7410,LTE,0.9825846552848816,0.01635124534368515,DVB-T,0.9972122460603714,0.9972122460603714,8,0,0,False,only_512_correct,DVB-T|DVB-T|DVB-T|DVB-T|DVB-T|DVB-T|DVB-T|DVB-T,0.99991238|0.99665904|0.99352247|0.99639279|0.99986470|0.99805641|0.99568081|0.99760938,0.99991238|0.99665904|0.99352247|0.99639279|0.99986470|0.99805641|0.99568081|0.99760938
tr_external_uz_dvbt_f482_r04,58,7411,LTE,0.9721562266349792,0.026413658633828163,LTE,0.6142268645344302,0.38468098593875766,4,4,0,True,both_wrong,LTE|DVB-T|LTE|DVB-T|DVB-T|LTE|LTE|DVB-T,0.98538822|0.99568057|0.93094450|0.53202283|0.76250327|0.99454206|0.94237548|0.64590871,0.01261161|0.99568057|0.06758492|0.53202283|0.76250327|0.00454916|0.05658682|0.64590871
tr_external_uz_dvbt_f482_r04,59,7412,LTE,0.8448803424835205,0.15158767998218536,LTE,0.5714630872244015,0.4278154472413007,3,5,0,False,both_wrong,DVB-T|DVB-T|LTE|LTE|DVB-T|LTE|LTE|LTE,0.95432705|0.96931547|0.99908459|0.98129040|0.98750591|0.57613367|0.99315143|0.93353820,0.95432705|0.96931547|0.00070155|0.01763181|0.98750591|0.42242935|0.00583323|0.06477921
tr_external_uz_dvbt_f482_r04,60,7413,LTE,0.9820079207420349,0.016864534467458725,LTE,0.6489652656018734,0.35029907670468674,3,5,0,False,both_wrong,LTE|DVB-T|LTE|LTE|LTE|DVB-T|LTE|DVB-T,0.99645895|0.99222696|0.98610783|0.97682709|0.99947196|0.86432368|0.99026525|0.89986181,0.00305090|0.99222696|0.01289942|0.02078226|0.00036015|0.86432368|0.00888743|0.89986181
tr_external_uz_dvbt_f482_r04,61,7414,LTE,0.920549213886261,0.0769493579864502,LTE,0.7995163331506774,0.1992578379868064,1,7,0,False,both_wrong,LTE|LTE|LTE|LTE|DVB-T|LTE|LTE|LTE,0.63555431|0.96181864|0.95945847|0.99278885|0.98697144|0.99375868|0.99856108|0.84123272,0.36247155|0.03663473|0.03889479|0.00603006|0.98697144|0.00505426|0.00110034|0.15690553
tr_external_uz_dvbt_f482_r04,62,7415,LTE,0.9084464311599731,0.08899432420730591,LTE,0.7767027041409165,0.22201747256985982,2,6,0,False,both_wrong,LTE|LTE|DVB-T|LTE|LTE|LTE|DVB-T|LTE,0.99961936|0.81659812|0.59292054|0.96969819|0.99587566|0.99908626|0.96864474|0.99722254,0.00024645|0.17938526|0.59292054|0.02876364|0.00333996|0.00067365|0.96864474|0.00216555
tr_external_uz_dvbt_f482_r04,63,7416,LTE,0.9316885471343994,0.0661257803440094,LTE,0.7907715727342293,0.20757278396195034,1,7,0,False,both_wrong,LTE|LTE|LTE|LTE|LTE|DVB-T|LTE|LTE,0.99973398|0.98789120|0.82428312|0.95142776|0.76927650|0.98986989|0.79919356|0.98433107,0.00017391|0.01101128|0.17428106|0.04526483|0.22811034|0.98986989|0.19724838|0.01462257
tr_external_uz_dvbt_f482_r04,64,7417,LTE,0.6590161919593811,0.33617091178894043,DVB-T,0.6959155042422935,0.6959155042422935,6,2,0,False,only_512_correct,LTE|DVB-T|DVB-T|DVB-T|DVB-T|LTE|DVB-T|DVB-T,0.97324556|0.96476793|0.99476874|0.63352805|0.99007249|0.99058282|0.95154852|0.99918717,0.02523649|0.96476793|0.99476874|0.63352805|0.99007249|0.00821464|0.95154852|0.99918717
tr_external_uz_dvbt_f482_r04,65,7418,DVB-T,0.7125565409660339,0.7125565409660339,LTE,0.6754993576432753,0.3228639807202853,3,5,0,False,only_4096_correct,LTE|LTE|DVB-T|LTE|DVB-T|LTE|DVB-T|LTE,0.99179733|0.98697346|0.99951458|0.95953476|0.89766300|0.93982363|0.52991229|0.95619023,0.00693845|0.01171106|0.99951458|0.03830363|0.89766300|0.05639142|0.52991229|0.04247742
tr_external_uz_dvbt_f482_r04,66,7419,DVB-T,0.5864137411117554,0.5864137411117554,DVB-T,0.740566071588546,0.740566071588546,6,2,0,False,both_correct,DVB-T|DVB-T|LTE|DVB-T|DVB-T|DVB-T|DVB-T|LTE,0.96796966|0.98877245|0.99354315|0.99998426|0.97575152|0.99985683|0.98113453|0.99320048,0.96796966|0.98877245|0.00522356|0.99998426|0.97575152|0.99985683|0.98113453|0.00583576
tr_external_uz_dvbt_f482_r04,67,7420,LTE,0.9160986542701721,0.08123712986707687,DVB-T,0.5912343264208175,0.5912343264208175,5,3,0,False,only_512_correct,DVB-T|DVB-T|DVB-T|LTE|DVB-T|LTE|DVB-T|LTE,0.99991357|0.69450134|0.99981397|0.99451005|0.99993801|0.99099594|0.99665099|0.97098988,0.99991357|0.69450134|0.99981397|0.00444045|0.99993801|0.00754113|0.99665099|0.02707514
tr_external_uz_dvbt_f482_r04,68,7421,LTE,0.7531237602233887,0.24263755977153778,DVB-T,0.8733040243387222,0.8733040243387222,7,1,0,False,only_512_correct,DVB-T|DVB-T|DVB-T|DVB-T|LTE|DVB-T|DVB-T|DVB-T,0.69059724|0.96683526|0.95599842|0.99937040|0.62247819|0.99950755|0.99973625|0.99918550,0.69059724|0.96683526|0.95599842|0.99937040|0.37520158|0.99950755|0.99973625|0.99918550
tr_external_uz_dvbt_f482_r04,69,7422,LTE,0.8441976308822632,0.15223906934261322,DVB-T,0.6421622430279967,0.6421622430279967,6,2,0,False,only_512_correct,DVB-T|DVB-T|DVB-T|LTE|DVB-T|DVB-T|LTE|DVB-T,0.70505887|0.59557074|0.99382919|0.99880302|0.99937612|0.83754098|0.99024314|0.99610305,0.70505887|0.59557074|0.99382919|0.00088732|0.99937612|0.83754098|0.00893167|0.99610305
tr_external_uz_dvbt_f482_r04,70,7423,LTE,0.9695804119110107,0.028864121064543724,DVB-T,0.7258426025509834,0.7258426025509834,6,2,0,False,only_512_correct,DVB-T|DVB-T|DVB-T|DVB-T|DVB-T|LTE|DVB-T|LTE,0.79998553|0.98464662|0.87855983|0.99931931|0.99188870|0.96286798|0.77871770|0.66012603,0.79998553|0.98464662|0.87855983|0.99931931|0.99188870|0.03530994|0.77871770|0.33831319
tr_external_uz_dvbt_f482_r04,71,7424,DVB-T,0.7061697840690613,0.7061697840690613,DVB-T,0.8093981631100178,0.8093981631100178,7,1,0,False,both_correct,DVB-T|DVB-T|DVB-T|DVB-T|DVB-T|LTE|DVB-T|DVB-T,0.70949751|0.99821413|0.94746590|0.96502107|0.99979061|0.57300657|0.50769711|0.92213309,0.70949751|0.99821413|0.94746590|0.96502107|0.99979061|0.42536590|0.50769711|0.92213309
tr_external_uz_dvbt_f482_r04,72,7425,LTE,0.8222216367721558,0.17399238049983978,DVB-T,0.5878734712896403,0.5878734712896403,5,3,0,False,only_512_correct,DVB-T|LTE|LTE|LTE|DVB-T|DVB-T|DVB-T|DVB-T,0.99836534|0.76120871|0.99641919|0.78022170|0.99861848|0.50794303|0.75567269|0.98730880,0.99836534|0.23386621|0.00297701|0.21823619|0.99861848|0.50794303|0.75567269|0.98730880
tr_external_uz_dvbt_f482_r04,73,7426,LTE,0.7456151843070984,0.2500375509262085,DVB-T,0.794564226642251,0.794564226642251,6,2,0,False,only_512_correct,DVB-T|DVB-T|DVB-T|LTE|LTE|DVB-T|DVB-T|DVB-T,0.99477983|0.99583745|0.99639869|0.82407147|0.56662065|0.88747281|0.87641883|0.99963665,0.99477983|0.99583745|0.99639869|0.17427810|0.43169147|0.88747281|0.87641883|0.99963665
tr_external_uz_dvbt_f482_r04,74,7427,LTE,0.9821615219116211,0.01680011861026287,LTE,0.6174486777886159,0.38159497690503486,3,5,0,False,both_wrong,DVB-T|DVB-T|DVB-T|LTE|LTE|LTE|LTE|LTE,0.96085060|0.99997020|0.91982502|0.99597508|0.98009092|0.85957944|0.99229217|0.99294704,0.96085060|0.99997020|0.91982502|0.00337324|0.01838214|0.13770993|0.00652728|0.00612141
tr_external_uz_dvbt_f482_r04,75,7428,LTE,0.9367843866348267,0.0609685517847538,LTE,0.5913893980905414,0.4074830044992268,3,5,0,False,both_wrong,DVB-T|LTE|LTE|LTE|LTE|LTE|DVB-T|DVB-T,0.91078353|0.98578227|0.82650292|0.98053461|0.98204458|0.50340217|0.89678782|0.73769343,0.91078353|0.01345986|0.17176035|0.01821236|0.01642840|0.49473828|0.89678782|0.73769343
tr_external_uz_dvbt_f482_r04,76,7429,LTE,0.8243852257728577,0.171847403049469,DVB-T,0.5597492456217878,0.5597492456217878,5,3,0,False,only_512_correct,DVB-T|DVB-T|LTE|DVB-T|DVB-T|DVB-T|LTE|LTE,0.99647421|0.89539647|0.99908102|0.78048128|0.99771571|0.65952218|0.85628438|0.99203682,0.99647421|0.89539647|0.00071275|0.78048128|0.99771571|0.65952218|0.14061485|0.00707652
tr_external_uz_dvbt_f482_r04,77,7430,LTE,0.737201988697052,0.25838184356689453,LTE,0.9758960753679276,0.022657819092273712,0,8,0,False,both_wrong,LTE|LTE|LTE|LTE|LTE|LTE|LTE|LTE,0.99160552|0.97783786|0.98587090|0.99845994|0.98619241|0.98020649|0.99588782|0.89110768,0.00696322|0.02058887|0.01256103|0.00117533|0.01167584|0.01831975|0.00344329|0.10653523
tr_external_uz_dvbt_f482_r04,78,7431,LTE,0.8212634921073914,0.17491820454597473,LTE,0.9962462708353996,0.0031519710191787453,0,8,0,False,both_wrong,LTE|LTE|LTE|LTE|LTE|LTE|LTE|LTE,0.99521810|0.99968183|0.99493188|0.99350137|0.99927384|0.99161810|0.99920398|0.99654108,0.00404797|0.00020622|0.00432866|0.00537989|0.00050783|0.00747615|0.00057030|0.00269875
tr_external_uz_dvbt_f482_r04,79,7432,LTE,0.8038376569747925,0.19234910607337952,LTE,0.9997221082448959,0.0001794508252714877,0,8,0,False,both_wrong,LTE|LTE|LTE|LTE|LTE|LTE|LTE|LTE,0.99964941|0.99944443|0.99980301|0.99978453|0.99981314|0.99980122|0.99980026|0.99968088,0.00023072|0.00038378|0.00012083|0.00013213|0.00011616|0.00012456|0.00011966|0.00020777
tr_external_uz_dvbt_f482_r04,80,7433,LTE,0.8325697183609009,0.16371898353099823,LTE,0.9997145161032677,0.00018045681918010814,0,8,0,False,both_wrong,LTE|LTE|LTE|LTE|LTE|LTE|LTE|LTE,0.99925083|0.99967730|0.99980265|0.99971551|0.99974030|0.99984229|0.99987185|0.99981540,0.00048112|0.00021215|0.00011956|0.00018183|0.00016729|0.00009097|0.00007458|0.00011616
tr_external_uz_dvbt_f482_r04,81,7434,LTE,0.9338366389274597,0.06380580365657806,LTE,0.9997987970709801,0.0001226096746904659,0,8,0,False,both_wrong,LTE|LTE|LTE|LTE|LTE|LTE|LTE|LTE,0.99976796|0.99982613|0.99982750|0.99970990|0.99982327|0.99983478|0.99975663|0.99984419,0.00014353|0.00010233|0.00010109|0.00018622|0.00010624|0.00010005|0.00014804|0.00009337
tr_external_uz_dvbt_f482_r04,82,7435,LTE,0.5064833760261536,0.48842084407806396,LTE,0.9997821226716042,0.00013557839974964736,0,8,0,False,both_wrong,LTE|LTE|LTE|LTE|LTE|LTE|LTE|LTE,0.99973172|0.99974865|0.99983561|0.99978918|0.99980217|0.99980158|0.99980885|0.99973923,0.00016926|0.00015842|0.00009708|0.00013028|0.00012363|0.00012404|0.00011532|0.00016661
tr_external_uz_dvbt_f482_r04,83,7436,LTE,0.9873912930488586,0.011630862019956112,LTE,0.999760128557682,0.00015047229317133315,0,8,0,False,both_wrong,LTE|LTE|LTE|LTE|LTE|LTE|LTE|LTE,0.99973673|0.99952936|0.99983966|0.99980789|0.99984348|0.99980944|0.99975222|0.99976224,0.00016302|0.00031720|0.00009441|0.00011627|0.00009404|0.00011558|0.00015445|0.00014880
tr_external_uz_dvbt_f482_r04,84,7437,LTE,0.9048841595649719,0.09237653762102127,LTE,0.999712698161602,0.0001861143673522747,0,8,0,False,both_wrong,LTE|LTE|LTE|LTE|LTE|LTE|LTE|LTE,0.99970728|0.99984515|0.99977392|0.99978036|0.99982870|0.99929595|0.99975437|0.99971586,0.00018136|0.00009485|0.00014164|0.00013511|0.00010063|0.00050531|0.00015822|0.00017180
tr_external_uz_dvbt_f482_r04,85,7438,LTE,0.9937729239463806,0.005631532520055771,LTE,0.9992034137248993,0.0005984273420835962,0,8,0,False,both_wrong,LTE|LTE|LTE|LTE|LTE|LTE|LTE|LTE,0.99979931|0.99968588|0.99974817|0.99904388|0.99765450|0.99973232|0.99978787|0.99817538,0.00011858|0.00020696|0.00015586|0.00069722|0.00184745|0.00016650|0.00013262|0.00146222
tr_external_uz_dvbt_f482_r04,86,7439,LTE,0.7555128931999207,0.24020768702030182,LTE,0.9981361106038094,0.0014563218064722605,0,8,0,False,both_wrong,LTE|LTE|LTE|LTE|LTE|LTE|LTE|LTE,0.99967194|0.99269968|0.99938023|0.99975365|0.99875629|0.99948251|0.99642122|0.99892336,0.00021157|0.00594736|0.00043992|0.00015146|0.00092690|0.00035495|0.00282189|0.00079652
tr_external_uz_dvbt_f482_r04,87,7440,LTE,0.9225212931632996,0.07501459866762161,LTE,0.9968259483575821,0.002668235910277872,0,8,0,False,both_wrong,LTE|LTE|LTE|LTE|LTE|LTE|LTE|LTE,0.99980336|0.97895652|0.99955255|0.99951804|0.99965596|0.99746525|0.99982578|0.99983013,0.00012365|0.01830848|0.00029628|0.00032852|0.00022259|0.00185918|0.00010121|0.00010599
tr_external_uz_dvbt_f482_r04,88,7441,LTE,0.8944053649902344,0.10267380625009537,LTE,0.9985882639884949,0.001121585493820021,0,8,0,False,both_wrong,LTE|LTE|LTE|LTE|LTE|LTE|LTE|LTE,0.99950528|0.99976844|0.99655640|0.99977416|0.99423450|0.99942338|0.99974483|0.99969912,0.00033939|0.00014084|0.00269738|0.00014009|0.00489733|0.00039904|0.00016419|0.00019443
tr_external_uz_dvbt_f482_r04,89,7442,LTE,0.7310109734535217,0.26446568965911865,LTE,0.9978088214993477,0.0018394369108136743,0,8,0,False,both_wrong,LTE|LTE|LTE|LTE|LTE|LTE|LTE|LTE,0.99862230|0.99986255|0.99948418|0.99975973|0.98812729|0.99964035|0.99784160|0.99913257,0.00105946|0.00008019|0.00036093|0.00014994|0.01044543|0.00022921|0.00174742|0.00064291
tr_external_uz_dvbt_f482_r04,90,7443,LTE,0.7004374265670776,0.29491671919822693,LTE,0.9991364479064941,0.000658737393678166,0,8,0,False,both_wrong,LTE|LTE|LTE|LTE|LTE|LTE|LTE|LTE,0.99956113|0.99908435|0.99933165|0.99971372|0.99975544|0.99974650|0.99895263|0.99694616,0.00029925|0.00066344|0.00046282|0.00018833|0.00015006|0.00016251|0.00079499|0.00254851
tr_external_uz_dvbt_f482_r04,91,7444,LTE,0.9547340869903564,0.04338844493031502,LTE,0.9756922498345375,0.023678226711126626,0,8,0,False,both_wrong,LTE|LTE|LTE|LTE|LTE|LTE|LTE|LTE,0.99868673|0.81331551|0.99969721|0.99666530|0.99829644|0.99954909|0.99953949|0.99978822,0.00100609|0.18367539|0.00019385|0.00253039|0.00127863|0.00029369|0.00031399|0.00013378
tr_external_uz_dvbt_f482_r04,92,7445,LTE,0.8764893412590027,0.12032019346952438,LTE,0.9967929050326347,0.0025671198964118958,0,8,0,False,both_wrong,LTE|LTE|LTE|LTE|LTE|LTE|LTE|LTE,0.99970800|0.98846859|0.99960285|0.99935526|0.99601042|0.99464297|0.99979120|0.99676394,0.00018854|0.00949485|0.00026308|0.00044426|0.00306389|0.00433154|0.00012899|0.00262182
tr_external_uz_dvbt_f482_r04,93,7446,LTE,0.6632983088493347,0.3317640721797943,LTE,0.8278988264501095,0.1700422615685966,1,7,0,False,both_wrong,DVB-T|LTE|LTE|LTE|LTE|LTE|LTE|LTE,0.75471902|0.99913317|0.89139354|0.73996317|0.84060919|0.99089324|0.91841036|0.99897337,0.75471902|0.00059686|0.10627637|0.25667146|0.15364631|0.00799334|0.07963391|0.00080082
tr_external_uz_dvbt_f482_r04,94,7447,LTE,0.9304562211036682,0.06730684638023376,LTE,0.9499126747250557,0.04913040954488679,0,8,0,False,both_wrong,LTE|LTE|LTE|LTE|LTE|LTE|LTE|LTE,0.98746282|0.69733381|0.99810249|0.92633158|0.99370700|0.99931645|0.99769270|0.99935454,0.01055813|0.30107003|0.00152961|0.07170847|0.00538571|0.00048789|0.00181759|0.00048584
tr_external_uz_dvbt_f482_r04,95,7448,LTE,0.8881977796554565,0.1089770570397377,LTE,0.9246787540614605,0.07471964091382688,1,7,0,False,both_wrong,LTE|DVB-T|LTE|LTE|LTE|LTE|LTE|LTE,0.97158945|0.56232464|0.99824262|0.99893469|0.99421293|0.99940372|0.99920756|0.99946207,0.02701424|0.56232464|0.00129348|0.00084108|0.00491019|0.00042177|0.00056557|0.00038615
tr_external_uz_dvbt_f482_r04,96,7449,LTE,0.9706599116325378,0.027964161708950996,LTE,0.9942345395684242,0.005104867529553303,0,8,0,False,both_wrong,LTE|LTE|LTE|LTE|LTE|LTE|LTE|LTE,0.99815935|0.99816149|0.99958235|0.97749931|0.99982786|0.98409343|0.99779874|0.99875379,0.00149277|0.00143188|0.00029529|0.02120594|0.00010636|0.01368897|0.00172096|0.00089676
tr_external_uz_dvbt_f482_r04,97,7450,LTE,0.5124354362487793,0.4824596643447876,LTE,0.9982175529003143,0.001455259323847713,0,8,0,False,both_wrong,LTE|LTE|LTE|LTE|LTE|LTE|LTE|LTE,0.99943596|0.99837422|0.99830246|0.99309796|0.99977058|0.99839729|0.99860269|0.99975926,0.00039757|0.00126074|0.00136831|0.00599471|0.00014153|0.00124971|0.00108049|0.00014902
tr_external_uz_dvbt_f482_r04,98,7451,LTE,0.9211382269859314,0.07636949419975281,LTE,0.999075636267662,0.0006907110418978846,0,8,0,False,both_wrong,LTE|LTE|LTE|LTE|LTE|LTE|LTE|LTE,0.99757344|0.99892277|0.99920386|0.99843293|0.99965990|0.99972731|0.99977511|0.99930978,0.00196324|0.00077631|0.00057364|0.00119046|0.00021526|0.00017319|0.00013973|0.00049385
tr_external_uz_dvbt_f482_r04,99,7452,LTE,0.8436179757118225,0.15282568335533142,LTE,0.9994197562336922,0.0004137889718549559,0,8,0,False,both_wrong,LTE|LTE|LTE|LTE|LTE|LTE|LTE|LTE,0.99972349|0.99910432|0.99979562|0.99897313|0.99979979|0.99979693|0.99950087|0.99866390,0.00017662|0.00066612|0.00012396|0.00075868|0.00012074|0.00012839|0.00034899|0.00098682
tr_external_uz_dvbt_f482_r04,100,7453,LTE,0.7156521081924438,0.2797945737838745,LTE,0.9985759109258652,0.0010599429842841346,0,8,0,False,both_wrong,LTE|LTE|LTE|LTE|LTE|LTE|LTE|LTE,0.99977273|0.99347806|0.99977285|0.99941123|0.99956173|0.99891973|0.99867839|0.99901259,0.00013580|0.00493238|0.00014613|0.00041728|0.00029459|0.00078908|0.00102650|0.00073778
tr_external_uz_dvbt_f482_r04,101,7454,LTE,0.9637096524238586,0.034636370837688446,LTE,0.9944364130496979,0.0047525714653602336,0,8,0,False,both_wrong,LTE|LTE|LTE|LTE|LTE|LTE|LTE|LTE,0.99958736|0.99502218|0.99964035|0.99949801|0.97509086|0.98741466|0.99962163|0.99961627,0.00027642|0.00413115|0.00023100|0.00034869|0.02184150|0.01068487|0.00025812|0.00024883
tr_external_uz_dvbt_f482_r04,102,7455,LTE,0.9104720950126648,0.0867726281285286,LTE,0.9886398464441299,0.01031076936305908,0,8,0,False,both_wrong,LTE|LTE|LTE|LTE|LTE|LTE|LTE|LTE,0.97403258|0.99965787|0.98650450|0.97848046|0.99707532|0.99777704|0.99801219|0.97757882,0.02388437|0.00022730|0.01151881|0.02036549|0.00231643|0.00180745|0.00152185|0.02084447
tr_external_uz_dvbt_f482_r04,103,7456,LTE,0.7501152157783508,0.24595844745635986,LTE,0.8097579535096884,0.1896357248078857,2,6,0,False,both_wrong,LTE|LTE|DVB-T|LTE|LTE|LTE|DVB-T|LTE,0.99463034|0.99955899|0.89833546|0.99520433|0.98573536|0.99948943|0.59601867|0.99910623,0.00451396|0.00029852|0.89833546|0.00391786|0.01301511|0.00033684|0.59601867|0.00064938
tr_external_uz_dvbt_f482_r04,104,7457,LTE,0.9788563251495361,0.019970903173089027,LTE,0.9023575037717819,0.09678459483438928,1,7,0,False,both_wrong,LTE|LTE|LTE|DVB-T|LTE|LTE|LTE|LTE,0.99938881|0.99923873|0.99964678|0.71292257|0.98615229|0.97687471|0.97259891|0.99887091,0.00042683|0.00054142|0.00023224|0.71292257|0.01238703|0.02081873|0.02610330|0.00084463
tr_external_uz_dvbt_f482_r04,105,7458,LTE,0.9967457056045532,0.0029112487100064754,LTE,0.9551420137286186,0.044060515336241224,0,8,0,False,both_wrong,LTE|LTE|LTE|LTE|LTE|LTE|LTE|LTE,0.98617482|0.99081588|0.99981171|0.66741854|0.99976188|0.99955231|0.99890459|0.99869639,0.01159195|0.00759673|0.00011673|0.33086979|0.00014723|0.00030197|0.00084169|0.00101803
tr_external_uz_dvbt_f482_r04,106,7459,LTE,0.9079120755195618,0.08940228819847107,LTE,0.878019567579031,0.12171482178564474,1,7,0,False,both_wrong,LTE|LTE|LTE|LTE|DVB-T|LTE|LTE|LTE,0.99778074|0.99885535|0.99818903|0.99734640|0.96647155|0.99982738|0.99893898|0.99980694,0.00179600|0.00087372|0.00137459|0.00216830|0.96647155|0.00010372|0.00081086|0.00011982
tr_external_uz_dvbt_f482_r04,107,7460,LTE,0.9200857877731323,0.07738690823316574,LTE,0.9385058432817459,0.060735617065802217,0,8,0,False,both_wrong,LTE|LTE|LTE|LTE|LTE|LTE|LTE|LTE,0.92913508|0.99952185|0.99653143|0.99905878|0.59023857|0.99930847|0.99586606|0.99838650,0.06884397|0.00032256|0.00279392|0.00068352|0.40777761|0.00051265|0.00364109|0.00130963
tr_external_uz_dvbt_f482_r04,108,7461,LTE,0.9596858024597168,0.038557711988687515,LTE,0.7658557295799255,0.23295066547871102,2,6,0,False,both_wrong,LTE|LTE|LTE|LTE|LTE|DVB-T|DVB-T|LTE,0.89137518|0.79240316|0.99583519|0.99427456|0.99761665|0.95472920|0.58677125|0.99816978,0.10515203|0.20558210|0.00340256|0.00459039|0.00189420|0.95472920|0.58677125|0.00148358
tr_external_uz_dvbt_f482_r04,109,7462,LTE,0.8928715586662292,0.10423508286476135,DVB-T,0.6384679580223747,0.6384679580223747,5,3,0,False,only_512_correct,LTE|DVB-T|LTE|DVB-T|DVB-T|DVB-T|DVB-T|LTE,0.99655437|0.99990666|0.99369192|0.99990857|0.99832338|0.88027555|0.97961193|0.75610662,0.00277327|0.99990666|0.00507758|0.99990857|0.99832338|0.88027555|0.97961193|0.24186672
tr_external_uz_dvbt_f482_r04,110,7463,LTE,0.8050099611282349,0.19108763337135315,LTE,0.6323043270313065,0.36641930777113885,2,6,0,False,both_wrong,LTE|LTE|LTE|LTE|DVB-T|LTE|DVB-T|LTE,0.91856486|0.86206418|0.67661703|0.68264002|0.99902117|0.98866522|0.98497492|0.91394049,0.07952321|0.13598533|0.32188413|0.31596068|0.99902117|0.01014040|0.98497492|0.08386463
tr_external_uz_dvbt_f482_r04,111,7464,LTE,0.5031880140304565,0.49163657426834106,DVB-T,0.5720711773610674,0.5720711773610674,4,4,0,True,only_512_correct,LTE|DVB-T|LTE|DVB-T|LTE|DVB-T|DVB-T|LTE,0.99842036|0.99990797|0.79637915|0.99947792|0.93043751|0.98722804|0.99096358|0.67022163,0.00128894|0.99990797|0.20143951|0.99947792|0.06757049|0.98722804|0.99096358|0.32869297
tr_external_uz_dvbt_f482_r04,112,7465,LTE,0.6833805441856384,0.31183385848999023,LTE,0.5577402101043845,0.44106020662002265,3,5,0,False,both_wrong,LTE|DVB-T|LTE|LTE|LTE|DVB-T|DVB-T|LTE,0.74298275|0.98202091|0.92756897|0.98140705|0.99419034|0.99840301|0.87404096|0.67106950,0.25503772|0.98202091|0.06924920|0.01746665|0.00497736|0.99840301|0.87404096|0.32728583
tr_external_uz_dvbt_f482_r04,113,7466,LTE,0.7136551141738892,0.28182747960090637,LTE,0.5840649220044725,0.41464602886117063,3,5,0,False,both_wrong,DVB-T|LTE|LTE|DVB-T|LTE|DVB-T|LTE|LTE,0.97260833|0.99332184|0.74447429|0.98947036|0.99590707|0.99865061|0.93932730|0.96047014,0.97260833|0.00581119|0.25060245|0.98947036|0.00345538|0.99865061|0.05828211|0.03828781
tr_external_uz_dvbt_f482_r04,114,7467,LTE,0.9718952775001526,0.02670794539153576,LTE,0.8520494811236858,0.1464327143257833,1,7,0,False,both_wrong,DVB-T|LTE|LTE|LTE|LTE|LTE|LTE|LTE,0.68608862|0.67323089|0.99609900|0.99712628|0.99905950|0.99091935|0.99826306|0.85123509,0.68608862|0.32497928|0.00324151|0.00235328|0.00070340|0.00768101|0.00133175|0.14508286
tr_external_uz_dvbt_f482_r04,115,7468,LTE,0.7728022336959839,0.22311192750930786,LTE,0.9812376201152802,0.017203037712533842,0,8,0,False,both_wrong,LTE|LTE|LTE|LTE|LTE|LTE|LTE|LTE,0.98120749|0.99961674|0.99801326|0.97491902|0.99948645|0.94974911|0.99970895|0.94719994,0.01642937|0.00025816|0.00157718|0.02147825|0.00034671|0.04822975|0.00019047|0.04911441
tr_external_uz_dvbt_f482_r04,116,7469,DVB-T,0.8046234846115112,0.8046234846115112,LTE,0.9674222767353058,0.03158159092618007,0,8,0,False,only_4096_correct,LTE|LTE|LTE|LTE|LTE|LTE|LTE|LTE,0.99952388|0.99795318|0.97412193|0.99981409|0.76984417|0.99901414|0.99927169|0.99983513,0.00032066|0.00157264|0.02388015|0.00011309|0.22540881|0.00073928|0.00051801|0.00010010
tr_external_uz_dvbt_f482_r04,117,7470,LTE,0.9046973586082458,0.09250237047672272,LTE,0.9969833865761757,0.0026999251222150633,0,8,0,False,both_wrong,LTE|LTE|LTE|LTE|LTE|LTE|LTE|LTE,0.99961472|0.99979872|0.99960977|0.99977165|0.97923493|0.99942636|0.99931884|0.99909210,0.00025149|0.00012163|0.00025770|0.00013813|0.01935931|0.00040513|0.00045051|0.00061550
tr_external_uz_dvbt_f482_r04,118,7471,LTE,0.5602681040763855,0.4346081018447876,LTE,0.9985297545790672,0.00117685706300108,0,8,0,False,both_wrong,LTE|LTE|LTE|LTE|LTE|LTE|LTE|LTE,0.99319834|0.99986708|0.99704510|0.99983239|0.99942493|0.99948823|0.99971014|0.99967182,0.00569445|0.00008122|0.00239768|0.00009481|0.00039075|0.00035016|0.00018239|0.00022340
tr_external_uz_dvbt_f482_r04,119,7472,LTE,0.9734140634536743,0.025182675570249557,LTE,0.9946057498455048,0.004917526243843895,0,8,0,False,both_wrong,LTE|LTE|LTE|LTE|LTE|LTE|LTE|LTE,0.99977797|0.99920803|0.99980432|0.99962926|0.99960226|0.99970514|0.99966347|0.95945555,0.00013788|0.00057627|0.00011925|0.00024463|0.00025814|0.00018879|0.00022138|0.03759388
tr_external_uz_dvbt_f482_r04,120,7473,LTE,0.866174578666687,0.13048580288887024,LTE,0.9988674074411392,0.0008553841780667426,0,8,0,False,both_wrong,LTE|LTE|LTE|LTE|LTE|LTE|LTE|LTE,0.99977690|0.99617404|0.99748296|0.99939001|0.99905580|0.99977762|0.99953246|0.99974948,0.00013672|0.00299240|0.00195653|0.00042886|0.00071234|0.00013798|0.00032144|0.00015681
tr_external_uz_dvbt_f482_r04,121,7474,DVB-T,0.7498063445091248,0.7498063445091248,LTE,0.9903495535254478,0.008978613315775874,0,8,0,False,only_4096_correct,LTE|LTE|LTE|LTE|LTE|LTE|LTE|LTE,0.99899215|0.99958330|0.99910408|0.98741001|0.93899482|0.99960023|0.99964988|0.99946195,0.00073683|0.00028597|0.00066962|0.01082281|0.05845183|0.00027092|0.00022913|0.00036180
tr_external_uz_dvbt_f482_r04,122,7475,LTE,0.8941172361373901,0.1029290184378624,LTE,0.9987452775239944,0.0009526556768832961,0,8,0,False,both_wrong,LTE|LTE|LTE|LTE|LTE|LTE|LTE|LTE,0.99965417|0.99906462|0.99965084|0.99870956|0.99866521|0.99780339|0.99672651|0.99968791,0.00023241|0.00069992|0.00022671|0.00094110|0.00099067|0.00172078|0.00260253|0.00020711
tr_external_uz_dvbt_f482_r04,123,7476,LTE,0.621555745601654,0.3734838366508484,LTE,0.9958929643034935,0.003674365167171345,0,8,0,False,both_wrong,LTE|LTE|LTE|LTE|LTE|LTE|LTE|LTE,0.99157614|0.99880588|0.99931800|0.99902487|0.97980464|0.99908972|0.99977893|0.99974555,0.00740452|0.00094737|0.00048506|0.00075483|0.01884071|0.00066709|0.00013874|0.00015659
tr_external_uz_dvbt_f482_r04,124,7477,DVB-T,0.7174420952796936,0.7174420952796936,LTE,0.9993059039115906,0.000493005667522084,0,8,0,False,only_4096_correct,LTE|LTE|LTE|LTE|LTE|LTE|LTE|LTE,0.99912626|0.99974602|0.99840432|0.99960083|0.99978095|0.99974102|0.99944085|0.99860698,0.00063013|0.00016377|0.00118184|0.00027609|0.00013477|0.00016679|0.00038536|0.00100528
tr_external_uz_dvbt_f482_r04,125,7478,LTE,0.6726405024528503,0.32278475165367126,LTE,0.9996903911232948,0.00020073608266102383,0,8,0,False,both_wrong,LTE|LTE|LTE|LTE|LTE|LTE|LTE|LTE,0.99976188|0.99976212|0.99977690|0.99952662|0.99970526|0.99972290|0.99980587|0.99946159,0.00014568|0.00015296|0.00013628|0.00032281|0.00018650|0.00017456|0.00011617|0.00037092
tr_external_uz_dvbt_f482_r04,126,7479,LTE,0.5887756943702698,0.40623173117637634,LTE,0.9955097511410713,0.00397353100561304,0,8,0,False,both_wrong,LTE|LTE|LTE|LTE|LTE|LTE|LTE|LTE,0.99920756|0.99976379|0.99965835|0.99839109|0.99787521|0.99739623|0.99875212|0.97303367,0.00056686|0.00014580|0.00022675|0.00120762|0.00161150|0.00203786|0.00086279|0.02512905
tr_external_uz_dvbt_f482_r04,127,7480,LTE,0.922474205493927,0.07519222050905228,LTE,0.9980017021298409,0.00157773192768218,0,8,0,False,both_wrong,LTE|LTE|LTE|LTE|LTE|LTE|LTE|LTE,0.99983680|0.99931240|0.99981910|0.99953496|0.99966753|0.99672794|0.99277520|0.99633968,0.00009897|0.00047102|0.00010985|0.00032175|0.00021994|0.00265952|0.00582268|0.00291813
tr_external_uz_dvbt_f482_r04,128,7481,LTE,0.9319035410881042,0.06581737101078033,LTE,0.9180491603910923,0.08118690981063992,1,7,0,False,both_wrong,LTE|LTE|LTE|LTE|LTE|LTE|DVB-T|LTE,0.99832779|0.99802619|0.99907768|0.99928504|0.99611676|0.99950302|0.61843389|0.97387761,0.00136666|0.00148658|0.00066299|0.00050623|0.00320168|0.00034096|0.61843389|0.02349628
tr_external_uz_dvbt_f482_r04,129,7482,LTE,0.9878708720207214,0.011286519467830658,LTE,0.8511204198002815,0.14774939071503468,1,7,0,False,both_wrong,LTE|LTE|LTE|LTE|LTE|LTE|DVB-T|LTE,0.99914336|0.99607748|0.95222974|0.58764011|0.96275282|0.99734586|0.68340731|0.99819273,0.00063935|0.00311433|0.04470236|0.41059828|0.03595755|0.00216816|0.68340731|0.00140779
tr_external_uz_dvbt_f482_r04,130,7483,LTE,0.796604335308075,0.19940340518951416,DVB-T,0.5510931363096461,0.5510931363096461,3,5,0,False,only_512_correct,LTE|DVB-T|LTE|DVB-T|LTE|DVB-T|LTE|LTE,0.66735929|0.98136741|0.55196208|0.99811447|0.55472326|0.94727051|0.99440503|0.73939383,0.32870305|0.98136741|0.44615644|0.99811447|0.44376364|0.94727051|0.00476323|0.25860634
tr_external_uz_dvbt_f482_r04,131,7484,LTE,0.9918586611747742,0.007456205785274506,DVB-T,0.6557835340499878,0.6557835340499878,5,3,0,False,only_512_correct,LTE|DVB-T|LTE|DVB-T|LTE|DVB-T|DVB-T|DVB-T,0.62148064|0.99874002|0.95945543|0.87792403|0.91516864|0.98697102|0.99996960|0.88382405,0.37716201|0.99874002|0.03905223|0.87792403|0.08262531|0.98697102|0.99996960|0.88382405
tr_external_uz_dvbt_f482_r04,132,7485,LTE,0.9953657388687134,0.0041341460309922695,DVB-T,0.8534268438816071,0.8534268438816071,7,1,0,False,only_512_correct,LTE|DVB-T|DVB-T|DVB-T|DVB-T|DVB-T|DVB-T|DVB-T,0.87484920|0.84158373|0.99812275|0.99331987|0.90167385|0.99933189|0.99989331|0.97018325,0.12330610|0.84158373|0.99812275|0.99331987|0.90167385|0.99933189|0.99989331|0.97018325
tr_external_uz_dvbt_f482_r04,133,7486,LTE,0.860706627368927,0.13589458167552948,DVB-T,0.8010356742888689,0.8010356742888689,7,1,0,False,only_512_correct,DVB-T|LTE|DVB-T|DVB-T|DVB-T|DVB-T|DVB-T|DVB-T,0.99207532|0.99552613|0.99988902|0.99942625|0.94532168|0.57571393|0.98911601|0.90304315,0.99207532|0.00370003|0.99988902|0.99942625|0.94532168|0.57571393|0.98911601|0.90304315
tr_external_uz_dvbt_f482_r04,134,7487,LTE,0.9492259621620178,0.04877277836203575,DVB-T,0.6067234597285278,0.6067234597285278,5,3,0,False,only_512_correct,LTE|DVB-T|LTE|LTE|DVB-T|DVB-T|DVB-T|DVB-T,0.97414804|0.99131292|0.99511188|0.99431217|0.99947280|0.99845552|0.97315681|0.85856390,0.02381908|0.99131292|0.00396708|0.00503956|0.99947280|0.99845552|0.97315681|0.85856390
tr_external_uz_dvbt_f482_r04,135,7488,LTE,0.5694641470909119,0.42549842596054077,DVB-T,0.7318559144623578,0.7318559144623578,6,2,0,False,only_512_correct,DVB-T|LTE|DVB-T|DVB-T|LTE|DVB-T|DVB-T|DVB-T,0.99270868|0.97986448|0.99986041|0.83365738|0.96554869|0.99994195|0.97713518|0.99995434,0.99270868|0.01868931|0.99986041|0.83365738|0.03290007|0.99994195|0.97713518|0.99995434
tr_external_uz_dvbt_f482_r04,136,7489,LTE,0.9023301601409912,0.0948614627122879,DVB-T,0.7421579015208408,0.7421579015208408,6,2,0,False,only_512_correct,DVB-T|LTE|DVB-T|LTE|DVB-T|DVB-T|DVB-T|DVB-T,0.99391717|0.99788278|0.94774592|0.93051291|0.93011099|0.99883717|0.99982232|0.99719268,0.99391717|0.00178952|0.94774592|0.06784744|0.93011099|0.99883717|0.99982232|0.99719268
tr_external_uz_dvbt_f482_r04,137,7490,LTE,0.7439966201782227,0.25139814615249634,DVB-T,0.8632869459688663,0.8632869459688663,7,1,0,False,only_512_correct,DVB-T|LTE|DVB-T|DVB-T|DVB-T|DVB-T|DVB-T|DVB-T,0.96406108|0.74071020|0.73536336|0.99783844|0.99934167|0.99967384|0.96372664|0.98888189,0.96406108|0.25740865|0.73536336|0.99783844|0.99934167|0.99967384|0.96372664|0.98888189
tr_external_uz_dvbt_f482_r04,138,7491,DVB-T,0.723622739315033,0.723622739315033,DVB-T,0.9950622916221619,0.9950622916221619,8,0,0,False,both_correct,DVB-T|DVB-T|DVB-T|DVB-T|DVB-T|DVB-T|DVB-T|DVB-T,0.99974614|0.99971908|0.99978119|0.99998176|0.96569622|0.99998844|0.99571973|0.99986577,0.99974614|0.99971908|0.99978119|0.99998176|0.96569622|0.99998844|0.99571973|0.99986577
tr_external_uz_dvbt_f482_r04,139,7492,LTE,0.9600433111190796,0.038374822586774826,DVB-T,0.6826413766248152,0.6826413766248152,5,3,0,False,only_512_correct,DVB-T|DVB-T|DVB-T|DVB-T|LTE|LTE|LTE|DVB-T,0.99621069|0.98922861|0.99989581|0.99804389|0.97650290|0.55203462|0.98807037|0.99893838,0.99621069|0.98922861|0.99989581|0.99804389|0.02219446|0.44544998|0.01116918|0.99893838
tr_external_uz_dvbt_f482_r04,140,7493,DVB-T,0.8319970965385437,0.8319970965385437,DVB-T,0.6275346070178784,0.6275346070178784,5,3,0,False,both_correct,LTE|DVB-T|LTE|DVB-T|LTE|DVB-T|DVB-T|DVB-T,0.88532031|0.98995960|0.97062826|0.99931431|0.99727517|0.89665735|0.99914873|0.99530518,0.10992034|0.98995960|0.02776573|0.99931431|0.00220563|0.89665735|0.99914873|0.99530518
tr_external_uz_dvbt_f482_r04,141,7494,DVB-T,0.8050979971885681,0.8050979971885681,DVB-T,0.6247947739902884,0.6247947739902884,5,3,0,False,both_correct,LTE|DVB-T|LTE|DVB-T|DVB-T|DVB-T|DVB-T|LTE,0.98962599|0.99989390|0.94745195|0.98913479|0.97027248|0.98218912|0.96791035|0.96914893,0.00910895|0.99989390|0.05118661|0.98913479|0.97027248|0.98218912|0.96791035|0.02866199
tr_external_uz_dvbt_f482_r04,142,7495,DVB-T,0.8184598684310913,0.8184598684310913,DVB-T,0.5892935662668606,0.5892935662668606,5,3,0,False,both_correct,LTE|DVB-T|DVB-T|DVB-T|LTE|DVB-T|DVB-T|LTE,0.99761653|0.97662830|0.95722032|0.98311734|0.99931753|0.97274429|0.81522620|0.99167234,0.00194195|0.97662830|0.95722032|0.98311734|0.00047467|0.97274429|0.81522620|0.00699546
tr_external_uz_dvbt_f482_r04,143,7496,DVB-T,0.7271143198013306,0.7271143198013306,LTE,0.7673708973452449,0.23119687238067854,1,7,0,False,only_4096_correct,LTE|LTE|LTE|DVB-T|LTE|LTE|LTE|LTE,0.56931019|0.58041495|0.99103844|0.97084451|0.99101841|0.99927229|0.99560732|0.98326659,0.42883295|0.41526479|0.00792246|0.97084451|0.00758574|0.00053086|0.00360386|0.01498982
tr_external_uz_dvbt_f482_r04,144,7497,LTE,0.7173894047737122,0.27836504578590393,LTE,0.9352139979600906,0.06344243061175803,0,8,0,False,both_wrong,LTE|LTE|LTE|LTE|LTE|LTE|LTE|LTE,0.99386108|0.75998187|0.98597217|0.81514156|0.99579108|0.96005607|0.99880421|0.97210395,0.00514621|0.23764803|0.01297762|0.18301411|0.00334274|0.03795568|0.00093000|0.02652506
tr_external_uz_dvbt_f482_r04,145,7498,LTE,0.9676288962364197,0.03088749386370182,LTE,0.9890657663345337,0.010038321790489135,0,8,0,False,both_wrong,LTE|LTE|LTE|LTE|LTE|LTE|LTE|LTE,0.99744105|0.99490249|0.99961519|0.97495019|0.99953151|0.95005816|0.99902678|0.99700075,0.00195718|0.00399151|0.00025272|0.02235679|0.00031825|0.04827233|0.00074657|0.00241124
tr_external_uz_dvbt_f482_r04,146,7499,LTE,0.5230026245117188,0.47175106406211853,LTE,0.8670367920331046,0.13227580866623612,1,7,0,False,both_wrong,LTE|DVB-T|LTE|LTE|LTE|LTE|LTE|LTE,0.99941969|0.99987817|0.99912304|0.99949002|0.99930346|0.95636934|0.99974006|0.98272830,0.00041962|0.99987817|0.00066061|0.00034371|0.00050113|0.04124981|0.00016137|0.01499205
tr_external_uz_dvbt_f482_r04,147,7500,DVB-T,0.5730138421058655,0.5730138421058655,LTE,0.952126644551754,0.04720603297573689,0,8,0,False,only_4096_correct,LTE|LTE|LTE|LTE|LTE|LTE|LTE|LTE,0.99803394|0.99840873|0.99976629|0.99966824|0.99352705|0.99974519|0.62917674|0.99868697,0.00154686|0.00120589|0.00014440|0.00021792|0.00549367|0.00015961|0.36787754|0.00100237
tr_external_uz_dvbt_f482_r04,148,7501,LTE,0.9222581386566162,0.07525906711816788,LTE,0.99628034979105,0.003130399010842666,0,8,0,False,both_wrong,LTE|LTE|LTE|LTE|LTE|LTE|LTE|LTE,0.99971682|0.99912840|0.99187088|0.99979895|0.98796308|0.99690992|0.99507070|0.99978405,0.00018328|0.00064094|0.00708528|0.00012626|0.01064251|0.00243724|0.00379314|0.00013455
tr_external_uz_dvbt_f482_r04,149,7502,LTE,0.92109215259552,0.07624618709087372,LTE,0.9972206056118011,0.002438428471577936,0,8,0,False,both_wrong,LTE|LTE|LTE|LTE|LTE|LTE|LTE|LTE,0.99952984|0.99969769|0.99811989|0.99956316|0.99951601|0.99969649|0.98220831|0.99943346,0.00031439|0.00019933|0.00142080|0.00028152|0.00032161|0.00019782|0.01638751|0.00038445
tr_external_uz_dvbt_f482_r04,150,7503,LTE,0.7485183477401733,0.24703623354434967,LTE,0.999724768102169,0.00017969457803701516,0,8,0,False,both_wrong,LTE|LTE|LTE|LTE|LTE|LTE|LTE|LTE,0.99960464|0.99982363|0.99944168|0.99985027|0.99969089|0.99984300|0.99978584|0.99975818,0.00026548|0.00010599|0.00040326|0.00008985|0.00019501|0.00009525|0.00013226|0.00015045
tr_external_uz_dvbt_f482_r04,151,7504,LTE,0.8383287191390991,0.1580808460712433,LTE,0.9996170327067375,0.0002649090347404126,0,8,0,False,both_wrong,LTE|LTE|LTE|LTE|LTE|LTE|LTE|LTE,0.99870646|0.99975997|0.99977678|0.99977595|0.99982017|0.99968648|0.99964392|0.99976653,0.00100762|0.00014901|0.00014066|0.00013715|0.00010950|0.00019493|0.00023440|0.00014601
tr_external_uz_dvbt_f482_r04,152,7505,LTE,0.9849430322647095,0.014074616134166718,LTE,0.9995868131518364,0.0002803056140692206,0,8,0,False,both_wrong,LTE|LTE|LTE|LTE|LTE|LTE|LTE|LTE,0.99979466|0.99904209|0.99980146|0.99976271|0.99939001|0.99974185|0.99972719|0.99943453,0.00012281|0.00071140|0.00011496|0.00014770|0.00041156|0.00016161|0.00017352|0.00039889
tr_external_uz_dvbt_f482_r04,153,7506,LTE,0.991047203540802,0.008214220404624939,LTE,0.9997337087988853,0.00016931832669797586,0,8,0,False,both_wrong,LTE|LTE|LTE|LTE|LTE|LTE|LTE|LTE,0.99978167|0.99974042|0.99966908|0.99973208|0.99961865|0.99985147|0.99975544|0.99972087,0.00013532|0.00016392|0.00021245|0.00017224|0.00025421|0.00008765|0.00015194|0.00017682
tr_external_uz_dvbt_f482_r04,154,7507,LTE,0.8956895470619202,0.10152217000722885,LTE,0.995660625398159,0.003590434178477153,0,8,0,False,both_wrong,LTE|LTE|LTE|LTE|LTE|LTE|LTE|LTE,0.97225070|0.99965310|0.99965715|0.99975282|0.99723130|0.99965608|0.99738604|0.99969780,0.02358980|0.00022266|0.00022225|0.00015242|0.00210849|0.00022775|0.00200689|0.00019321
tr_external_uz_dvbt_f482_r04,155,7508,LTE,0.9864447712898254,0.01263594813644886,LTE,0.9979755952954292,0.001609202683539479,0,8,0,False,both_wrong,LTE|LTE|LTE|LTE|LTE|LTE|LTE|LTE,0.99879932|0.99956936|0.99450797|0.99497968|0.99860400|0.99795830|0.99965930|0.99972683,0.00095168|0.00028778|0.00445388|0.00413258|0.00107478|0.00158155|0.00021884|0.00017253
tr_external_uz_dvbt_f482_r04,156,7509,LTE,0.991832971572876,0.0074882968328893185,LTE,0.9374362155795097,0.06196112357429229,0,8,0,False,both_wrong,LTE|LTE|LTE|LTE|LTE|LTE|LTE|LTE,0.99814129|0.99934047|0.99900192|0.99926096|0.99574125|0.99954838|0.99932683|0.50912863,0.00144092|0.00045631|0.00073368|0.00053199|0.00336072|0.00030712|0.00048253|0.48837572
tr_external_uz_dvbt_f482_r04,157,7510,LTE,0.9583503007888794,0.03983349725604057,LTE,0.9985436499118805,0.0011124782104161568,0,8,0,False,both_wrong,LTE|LTE|LTE|LTE|LTE|LTE|LTE|LTE,0.99952590|0.99874347|0.99859172|0.99907339|0.99769849|0.99943787|0.99784040|0.99743795,0.00032331|0.00094970|0.00107228|0.00069235|0.00179904|0.00040636|0.00171970|0.00193709
tr_external_uz_dvbt_f482_r04,158,7511,LTE,0.9902955293655396,0.008894742466509342,LTE,0.868882747614407,0.13044868524593767,1,7,0,False,both_wrong,LTE|LTE|LTE|LTE|LTE|LTE|LTE|DVB-T,0.99745446|0.97708547|0.99918503|0.99747157|0.98972732|0.98944038|0.99922764|0.99850959,0.00199540|0.02154958|0.00059420|0.00200558|0.00894749|0.00942514|0.00056250|0.99850959
tr_external_uz_dvbt_f482_r04,159,7512,LTE,0.9939686059951782,0.0054559106938540936,LTE,0.9317180663347244,0.06774357584072277,1,7,0,False,both_wrong,LTE|DVB-T|LTE|LTE|LTE|LTE|LTE|LTE,0.99969196|0.53648156|0.99973100|0.99961996|0.99947983|0.99635834|0.99878198|0.99935013,0.00020168|0.53648156|0.00017350|0.00025208|0.00034957|0.00309531|0.00093474|0.00046018
tr_external_uz_dvbt_f482_r04,160,7513,LTE,0.8743658065795898,0.12250340729951859,LTE,0.9978062286973,0.001780077413059189,0,8,0,False,both_wrong,LTE|LTE|LTE|LTE|LTE|LTE|LTE|LTE,0.99810934|0.99831128|0.99973506|0.99886858|0.99976450|0.99910319|0.99633235|0.99222553,0.00147471|0.00127138|0.00016712|0.00087269|0.00014823|0.00063433|0.00293611|0.00673604
tr_external_uz_dvbt_f482_r04,161,7514,LTE,0.6399075984954834,0.3552236258983612,LTE,0.9969353377819061,0.0027406313447499997,0,8,0,False,both_wrong,LTE|LTE|LTE|LTE|LTE|LTE|LTE|LTE,0.99921572|0.99916852|0.99960333|0.99982136|0.99976999|0.97856998|0.99971229|0.99962151,0.00058030|0.00060797|0.00026418|0.00011221|0.00014333|0.01978055|0.00018470|0.00025181
tr_external_uz_dvbt_f482_r04,162,7515,LTE,0.7621628046035767,0.23359261453151703,LTE,0.9982961565256119,0.001436748209016514,0,8,0,False,both_wrong,LTE|LTE|LTE|LTE|LTE|LTE|LTE|LTE,0.99173790|0.99974436|0.99979120|0.99800426|0.99979454|0.99793893|0.99958175|0.99977630,0.00730636|0.00016674|0.00012915|0.00161205|0.00012643|0.00172420|0.00028704|0.00014203
tr_external_uz_dvbt_f482_r04,163,7516,LTE,0.6656776666641235,0.32952284812927246,LTE,0.9364399015903473,0.061413419385644374,0,8,0,False,both_wrong,LTE|LTE|LTE|LTE|LTE|LTE|LTE|LTE,0.75238436|0.99975520|0.99474686|0.81833172|0.99897987|0.99968588|0.92857128|0.99906403,0.24412608|0.00015384|0.00416168|0.17270371|0.00079017|0.00020192|0.06851470|0.00065525
tr_external_uz_dvbt_f482_r04,164,7517,LTE,0.5659286379814148,0.4288939833641052,LTE,0.909563459455967,0.08927424637658987,1,7,0,False,both_wrong,DVB-T|LTE|LTE|LTE|LTE|LTE|LTE|LTE,0.67755353|0.99831557|0.99386686|0.99931824|0.98522478|0.99225146|0.98857468|0.99900216,0.67755353|0.00126283|0.00493989|0.00050014|0.01279180|0.00651571|0.00986875|0.00076130
tr_external_uz_dvbt_f482_r04,165,7518,LTE,0.8037886619567871,0.19265218079090118,LTE,0.9802241101861,0.018827699081157334,0,8,0,False,both_wrong,LTE|LTE|LTE|LTE|LTE|LTE|LTE|LTE,0.99914944|0.98111022|0.99671412|0.99941874|0.99688882|0.99585563|0.99914730|0.87350863,0.00061764|0.01692685|0.00263713|0.00039919|0.00254712|0.00335801|0.00061362|0.12352204
tr_external_uz_dvbt_f482_r04,166,7519,LTE,0.9730536341667175,0.02553047612309456,LTE,0.9840634167194366,0.015096181490662275,0,8,0,False,both_wrong,LTE|LTE|LTE|LTE|LTE|LTE|LTE|LTE,0.99861002|0.99682605|0.95304620|0.99575931|0.99842912|0.99667931|0.93360585|0.99955148,0.00108009|0.00255970|0.04524322|0.00335294|0.00122811|0.00286889|0.06412663|0.00030988
tr_external_uz_dvbt_f482_r04,167,7520,LTE,0.5849610567092896,0.4100880026817322,LTE,0.852375749964267,0.14628033921326278,1,7,0,False,both_wrong,DVB-T|LTE|LTE|LTE|LTE|LTE|LTE|LTE,0.94470352|0.98543930|0.99969769|0.99286312|0.85095006|0.94216305|0.99871922|0.99413007,0.94470352|0.01177102|0.00019554|0.00611683|0.14515859|0.05650296|0.00095928|0.00483498
tr_external_uz_dvbt_f482_r04,168,7521,LTE,0.5437486171722412,0.4510997235774994,LTE,0.9026547521352768,0.09610471425548894,1,7,0,False,both_wrong,LTE|LTE|LTE|LTE|LTE|LTE|DVB-T|LTE,0.97354454|0.99965954|0.99180156|0.99975950|0.99532384|0.81681901|0.55377263|0.99966347,0.02454353|0.00022551|0.00679745|0.00014997|0.00383314|0.17929009|0.55377263|0.00022541
tr_external_uz_dvbt_f482_r04,169,7522,LTE,0.6714103817939758,0.3238362967967987,LTE,0.9952702149748802,0.004257309206877835,0,8,0,False,both_wrong,LTE|LTE|LTE|LTE|LTE|LTE|LTE|LTE,0.99864906|0.99938715|0.99167633|0.99888021|0.99912673|0.99892551|0.99920923|0.97630751,0.00105307|0.00043821|0.00711690|0.00085554|0.00066007|0.00083500|0.00056794|0.02253173
tr_external_uz_dvbt_f482_r04,170,7523,LTE,0.9330111145973206,0.06464385986328125,LTE,0.9329320192337036,0.06619832692740601,0,8,0,False,both_wrong,LTE|LTE|LTE|LTE|LTE|LTE|LTE|LTE,0.99970335|0.99954647|0.99956864|0.99979013|0.99934751|0.99957258|0.94635671|0.51957077,0.00019129|0.00030565|0.00029122|0.00013015|0.00047318|0.00028587|0.04955951|0.47834975
tr_external_uz_dvbt_f482_r04,171,7524,LTE,0.9839418530464172,0.015037923119962215,LTE,0.9981618821620941,0.001515466539785848,0,8,0,False,both_wrong,LTE|LTE|LTE|LTE|LTE|LTE|LTE|LTE,0.99979073|0.99437851|0.99973613|0.99976343|0.99400568|0.99936312|0.99931967|0.99893779,0.00012835|0.00482222|0.00016947|0.00014686|0.00507906|0.00045593|0.00049341|0.00082844
tr_external_uz_dvbt_f482_r04,172,7525,LTE,0.9752799272537231,0.02349957264959812,LTE,0.9971190616488457,0.002412002296296123,0,8,0,False,both_wrong,LTE|LTE|LTE|LTE|LTE|LTE|LTE|LTE,0.99535924|0.99976045|0.99937218|0.98361570|0.99981624|0.99971145|0.99979264|0.99952459,0.00391224|0.00015095|0.00047442|0.01400125|0.00011486|0.00018853|0.00013020|0.00032356
tr_external_uz_dvbt_f482_r04,173,7526,LTE,0.91766357421875,0.07976200431585312,LTE,0.998562216758728,0.0011321039546601241,0,8,0,False,both_wrong,LTE|LTE|LTE|LTE|LTE|LTE|LTE|LTE,0.99956197|0.99966860|0.99882334|0.99975473|0.99833387|0.99971074|0.99349147|0.99915302,0.00029616|0.00023075|0.00090506|0.00015193|0.00125214|0.00018859|0.00540534|0.00062687
tr_external_uz_dvbt_f482_r04,174,7527,LTE,0.6267087459564209,0.3683484196662903,LTE,0.9205406680703163,0.07854608948764508,1,7,0,False,both_wrong,LTE|LTE|LTE|LTE|LTE|LTE|LTE|DVB-T,0.99880052|0.93522030|0.99621421|0.99759752|0.99766731|0.99903321|0.99949813|0.55863029,0.00088788|0.06086388|0.00315199|0.00196858|0.00179392|0.00073524|0.00033694|0.55863029
tr_external_uz_dvbt_f482_r04,175,7528,LTE,0.9887799024581909,0.010417883284389973,LTE,0.8116197735071182,0.18722431360947667,2,6,0,False,both_wrong,LTE|LTE|LTE|LTE|DVB-T|LTE|LTE|DVB-T,0.95653617|0.99692118|0.99850756|0.99900001|0.68562514|0.87292224|0.99148929|0.63259745,0.04218362|0.00255352|0.00114798|0.00074563|0.68562514|0.12526035|0.00768082|0.63259745
tr_external_uz_dvbt_f482_r04,176,7529,LTE,0.6680377721786499,0.32731643319129944,LTE,0.7397795465658419,0.25927359312117915,2,6,0,False,both_wrong,LTE|LTE|DVB-T|LTE|LTE|LTE|DVB-T|LTE,0.93798763|0.99900180|0.99735886|0.99611938|0.95441532|0.99755800|0.96882468|0.99947876,0.05839525|0.00074977|0.99735886|0.00317722|0.04337524|0.00194910|0.96882468|0.00035862
tr_external_uz_dvbt_f482_r04,177,7530,LTE,0.9538188576698303,0.04438644275069237,LTE,0.7723893660877366,0.2263369879219681,2,6,0,False,both_wrong,LTE|LTE|LTE|LTE|LTE|DVB-T|LTE|DVB-T,0.94548064|0.98446447|0.99402928|0.80365890|0.99233210|0.99819845|0.98449659|0.52557802,0.05283709|0.01339700|0.00525510|0.19489118|0.00616621|0.99819845|0.01437285|0.52557802
tr_external_uz_dvbt_f482_r04,178,7531,LTE,0.9691693186759949,0.02929617464542389,DVB-T,0.6110758232680382,0.6110758232680382,5,3,0,False,only_512_correct,LTE|DVB-T|DVB-T|DVB-T|DVB-T|LTE|LTE|DVB-T,0.67720741|0.96597767|0.68289387|0.98093557|0.91322058|0.97459567|0.99759489|0.99833763,0.32130840|0.96597767|0.68289387|0.98093557|0.91322058|0.02402860|0.00190426|0.99833763
tr_external_uz_dvbt_f482_r04,179,7532,LTE,0.7162724733352661,0.27929776906967163,LTE,0.5964966667816043,0.40214465084136464,3,5,0,False,both_wrong,LTE|DVB-T|LTE|DVB-T|LTE|LTE|LTE|DVB-T,0.52497780|0.91694599|0.99161583|0.69995093|0.99743265|0.80243605|0.98819900|0.91411346,0.47232580|0.91694599|0.00666921|0.69995093|0.00212766|0.19508284|0.00994130|0.91411346
tr_external_uz_dvbt_f482_r04,180,7533,DVB-T,0.5167524814605713,0.5167524814605713,LTE,0.8639370845630765,0.13538494230851938,1,7,0,False,only_4096_correct,LTE|LTE|LTE|LTE|LTE|DVB-T|LTE|LTE,0.99950182|0.99966633|0.99968493|0.95000547|0.99925739|0.92418355|0.99771166|0.89035493,0.00034375|0.00021236|0.00020178|0.04771080|0.00053568|0.92418355|0.00184855|0.10804308
tr_external_uz_dvbt_f482_r04,181,7534,DVB-T,0.6220226287841797,0.6220226287841797,LTE,0.9799899533390999,0.01923501988130738,0,8,0,False,only_4096_correct,LTE|LTE|LTE|LTE|LTE|LTE|LTE|LTE,0.86007011|0.99099052|0.99748683|0.99560237|0.99947375|0.99678862|0.99973387|0.99977356,0.13676219|0.00792058|0.00201691|0.00374151|0.00036471|0.00275946|0.00017242|0.00014239
tr_external_uz_dvbt_f482_r04,182,7535,LTE,0.8139203190803528,0.18234063684940338,LTE,0.9978635311126709,0.0016950168101175223,0,8,0,False,both_wrong,LTE|LTE|LTE|LTE|LTE|LTE|LTE|LTE,0.99909818|0.99587125|0.99793988|0.99955601|0.99710006|0.99805224|0.99861252|0.99667811,0.00068894|0.00334452|0.00169906|0.00029214|0.00226949|0.00146418|0.00108130|0.00272051
tr_external_uz_dvbt_f482_r04,183,7536,DVB-T,0.8682496547698975,0.8682496547698975,LTE,0.9973049908876419,0.0021706869792978978,0,8,0,False,only_4096_correct,LTE|LTE|LTE|LTE|LTE|LTE|LTE|LTE,0.99974555|0.99941707|0.99436003|0.99972206|0.99948585|0.99216378|0.99964035|0.99390525,0.00016091|0.00040334|0.00446999|0.00017912|0.00034683|0.00628559|0.00023060|0.00528912
tr_external_uz_dvbt_f482_r04,184,7537,LTE,0.5115461945533752,0.48304513096809387,LTE,0.9935131818056107,0.005854383598489221,0,8,0,False,both_wrong,LTE|LTE|LTE|LTE|LTE|LTE|LTE|LTE,0.97165370|0.98373139|0.99979848|0.99975365|0.99981135|0.99401373|0.99961275|0.99973041,0.02613067|0.01488862|0.00012456|0.00016293|0.00011353|0.00499126|0.00025698|0.00016652
tr_external_uz_dvbt_f482_r04,185,7538,DVB-T,0.8542734980583191,0.8542734980583191,LTE,0.9987134411931038,0.0009839577251113951,0,8,0,False,only_4096_correct,LTE|LTE|LTE|LTE|LTE|LTE|LTE|LTE,0.99789822|0.99896634|0.99954551|0.99764878|0.99949837|0.99972743|0.99787974|0.99854314,0.00161541|0.00075704|0.00030525|0.00188263|0.00035232|0.00017789|0.00165850|0.00112264
tr_external_uz_dvbt_f482_r04,186,7539,DVB-T,0.6564581990242004,0.6564581990242004,LTE,0.834987435489893,0.16439793536483194,2,6,0,False,only_4096_correct,DVB-T|LTE|LTE|LTE|LTE|LTE|DVB-T|LTE,0.74168265|0.99113047|0.99835205|0.99938023|0.99742520|0.99978274|0.56132632|0.99941051,0.74168265|0.00781606|0.00129764|0.00042878|0.00208507|0.00013781|0.56132632|0.00040915
tr_external_uz_dvbt_f482_r04,187,7540,DVB-T,0.9470008015632629,0.9470008015632629,LTE,0.9489535316824913,0.05016745575267123,0,8,0,False,only_4096_correct,LTE|LTE|LTE|LTE|LTE|LTE|LTE|LTE,0.99930060|0.99871969|0.64623624|0.96964419|0.99093097|0.99966216|0.98803860|0.99909580,0.00050263|0.00097972|0.35185063|0.02832885|0.00813127|0.00022372|0.01061748|0.00070536
tr_external_uz_dvbt_f482_r04,188,7541,DVB-T,0.9751429557800293,0.9751429557800293,LTE,0.8921676948666573,0.10699019545791089,1,7,0,False,only_4096_correct,LTE|LTE|LTE|LTE|LTE|DVB-T|LTE|LTE,0.99976307|0.99215674|0.99961263|0.98795545|0.99730742|0.83541155|0.99886835|0.99956149,0.00015154|0.00645132|0.00026309|0.01042907|0.00205059|0.83541155|0.00087138|0.00029302
tr_external_uz_dvbt_f482_r04,189,7542,DVB-T,0.9270972013473511,0.9270972013473511,LTE,0.9961690157651901,0.0032178977053263225,0,8,0,False,only_4096_correct,LTE|LTE|LTE|LTE|LTE|LTE|LTE|LTE,0.99901855|0.99970382|0.99096513|0.99975294|0.98294950|0.99789596|0.99927372|0.99979252,0.00073246|0.00019623|0.00802770|0.00015588|0.01427180|0.00171601|0.00051401|0.00012909
tr_external_uz_dvbt_f482_r04,190,7543,DVB-T,0.9225308299064636,0.9225308299064636,LTE,0.9525126293301582,0.04664233627408976,0,8,0,False,only_4096_correct,LTE|LTE|LTE|LTE|LTE|LTE|LTE|LTE,0.84186739|0.99962819|0.78322232|0.99962127|0.99973267|0.99967241|0.99673885|0.99961793,0.15447566|0.00025715|0.21485355|0.00025156|0.00017014|0.00021393|0.00265741|0.00025928
tr_external_uz_dvbt_f482_r04,191,7544,LTE,0.5784077048301697,0.41637492179870605,LTE,0.9984550327062607,0.001224724059284199,0,8,0,False,both_wrong,LTE|LTE|LTE|LTE|LTE|LTE|LTE|LTE,0.99456477|0.99578309|0.99973851|0.99957448|0.99976701|0.99928313|0.99957079|0.99935848,0.00467888|0.00326809|0.00016662|0.00028442|0.00014488|0.00051451|0.00028656|0.00045384
tr_external_uz_dvbt_f482_r04,192,7545,DVB-T,0.7710592746734619,0.7710592746734619,LTE,0.9990715235471725,0.0006925638781467569,0,8,0,False,only_4096_correct,LTE|LTE|LTE|LTE|LTE|LTE|LTE|LTE,0.99981862|0.99971586|0.99973983|0.99985063|0.99975830|0.99838972|0.99916708|0.99613214,0.00011054|0.00018885|0.00016415|0.00008631|0.00015033|0.00123221|0.00055512|0.00305301
tr_external_uz_dvbt_f482_r04,193,7546,LTE,0.614103376865387,0.38082727789878845,LTE,0.9995839297771454,0.0002854666863640887,0,8,0,False,both_wrong,LTE|LTE|LTE|LTE|LTE|LTE|LTE|LTE,0.99932468|0.99954456|0.99980646|0.99952257|0.99978191|0.99921823|0.99979442|0.99967861,0.00048416|0.00030831|0.00011803|0.00033699|0.00013458|0.00056745|0.00012256|0.00021164
tr_external_uz_dvbt_f482_r04,194,7547,LTE,0.7991188764572144,0.19700659811496735,LTE,0.9996733143925667,0.0002160395360988332,0,8,0,False,both_wrong,LTE|LTE|LTE|LTE|LTE|LTE|LTE|LTE,0.99935883|0.99979466|0.99950731|0.99978763|0.99973851|0.99974436|0.99973601|0.99971920,0.00045914|0.00012532|0.00033813|0.00012913|0.00016995|0.00015802|0.00016279|0.00018583
tr_external_uz_dvbt_f482_r04,195,7548,LTE,0.8753243684768677,0.12155132740736008,LTE,0.9969155788421631,0.002551911420596298,0,8,0,False,both_wrong,LTE|LTE|LTE|LTE|LTE|LTE|LTE|LTE,0.99904794|0.99895728|0.99731916|0.99922788|0.99736053|0.99925512|0.99839717|0.98575956,0.00072315|0.00079031|0.00217160|0.00056637|0.00210605|0.00055494|0.00126938|0.01223349
tr_external_uz_dvbt_f482_r04,196,7549,LTE,0.9063616394996643,0.09097875654697418,LTE,0.7757192030549049,0.22249994456069544,1,7,0,False,both_wrong,LTE|LTE|LTE|LTE|LTE|LTE|DVB-T|LTE,0.99115467|0.58653653|0.55823332|0.97129333|0.96516246|0.97809988|0.65814161|0.81463164,0.00772204|0.41001949|0.44047612|0.02702736|0.03227685|0.02035547|0.65814161|0.18398061
tr_external_uz_dvbt_f482_r04,197,7550,LTE,0.9910900592803955,0.008315104991197586,DVB-T,0.5029846242396161,0.5029846242396161,4,4,0,True,only_512_correct,LTE|DVB-T|LTE|DVB-T|LTE|LTE|DVB-T|DVB-T,0.88322359|0.96822095|0.98608333|0.90544039|0.98849142|0.98609912|0.99982697|0.99986804,0.11492855|0.96822095|0.01234850|0.90544039|0.01032203|0.01292157|0.99982697|0.99986804
tr_external_uz_dvbt_f482_r04,198,7551,LTE,0.9949371814727783,0.004531241953372955,DVB-T,0.9448765367269516,0.9448765367269516,8,0,0,False,only_512_correct,DVB-T|DVB-T|DVB-T|DVB-T|DVB-T|DVB-T|DVB-T|DVB-T,0.99935347|0.59125346|0.99968433|0.98971516|0.98965269|0.99033058|0.99915695|0.99986565,0.99935347|0.59125346|0.99968433|0.98971516|0.98965269|0.99033058|0.99915695|0.99986565
tr_external_uz_dvbt_f482_r04,199,7552,LTE,0.8541315793991089,0.14262033998966217,DVB-T,0.8437515045516193,0.8437515045516193,7,1,0,False,only_512_correct,DVB-T|DVB-T|DVB-T|DVB-T|DVB-T|DVB-T|DVB-T|LTE,0.84190363|0.97881776|0.99995899|0.99943215|0.95302641|0.91950691|0.99911600|0.94001329,0.84190363|0.97881776|0.99995899|0.99943215|0.95302641|0.91950691|0.99911600|0.05825019
tr_external_uz_dvbt_f482_r04,200,7553,LTE,0.6283687353134155,0.3667512536048889,DVB-T,0.9294121935963631,0.9294121935963631,8,0,0,False,only_512_correct,DVB-T|DVB-T|DVB-T|DVB-T|DVB-T|DVB-T|DVB-T|DVB-T,0.99086225|0.99998152|0.99996710|0.99994719|0.98652112|0.91631639|0.99827039|0.54343158,0.99086225|0.99998152|0.99996710|0.99994719|0.98652112|0.91631639|0.99827039|0.54343158
tr_external_uz_dvbt_f482_r04,201,7554,LTE,0.9567676782608032,0.041406188160181046,DVB-T,0.610959415542311,0.610959415542311,5,3,0,False,only_512_correct,DVB-T|LTE|DVB-T|DVB-T|LTE|DVB-T|LTE|DVB-T,0.99990737|0.96366096|0.99905974|0.99265563|0.99925309|0.99889791|0.99924481|0.86250466,0.99990737|0.03350444|0.99905974|0.99265563|0.00058331|0.99889791|0.00056226|0.86250466
tr_external_uz_dvbt_f482_r04,202,7555,LTE,0.9554271101951599,0.042752087116241455,DVB-T,0.6506708632223308,0.6506708632223308,5,3,0,False,only_512_correct,DVB-T|DVB-T|LTE|DVB-T|LTE|DVB-T|DVB-T|LTE,0.91050607|0.99254239|0.83327478|0.99989116|0.95505512|0.89955544|0.99910623|0.80038935,0.91050607|0.99254239|0.16472863|0.99989116|0.04158230|0.89955544|0.99910623|0.19745469
tr_external_uz_dvbt_f482_r04,203,7556,LTE,0.7883854508399963,0.20765787363052368,LTE,0.7450842280627512,0.2542460958356969,2,6,0,False,both_wrong,LTE|DVB-T|DVB-T|LTE|LTE|LTE|LTE|LTE,0.98666245|0.99217093|0.99996293|0.99955553|0.99254495|0.99921286|0.99850994|0.97635138,0.01118383|0.99217093|0.99996293|0.00030647|0.00650893|0.00056584|0.00114346|0.02212638
tr_external_uz_dvbt_f482_r04,204,7557,LTE,0.805171549320221,0.19101640582084656,LTE,0.973844476044178,0.024538093613955425,0,8,0,False,both_wrong,LTE|LTE|LTE|LTE|LTE|LTE|LTE|LTE,0.91394049|0.98368514|0.92134738|0.99920791|0.99938571|0.99433351|0.98221761|0.99663806,0.08376288|0.01450310|0.07339579|0.00062136|0.00043836|0.00469592|0.01611760|0.00276975
tr_external_uz_dvbt_f482_r04,205,7558,LTE,0.9383699893951416,0.0594046413898468,LTE,0.9965263530611992,0.00293842834798852,0,8,0,False,both_wrong,LTE|LTE|LTE|LTE|LTE|LTE|LTE|LTE,0.99679983|0.99225402|0.99964380|0.99255317|0.99286449|0.99954969|0.99908423|0.99946159,0.00275521|0.00681933|0.00023571|0.00644378|0.00584208|0.00031925|0.00071316|0.00037892
tr_external_uz_dvbt_f482_r04,206,7559,LTE,0.7108811736106873,0.284673810005188,LTE,0.9283718168735504,0.07103985204867058,1,7,0,False,both_wrong,DVB-T|LTE|LTE|LTE|LTE|LTE|LTE|LTE,0.55604351|0.99643672|0.99981862|0.99851149|0.99634933|0.99964702|0.99964690|0.99398261,0.55604351|0.00283104|0.00011347|0.00119135|0.00285892|0.00022147|0.00023578|0.00482328
tr_external_uz_dvbt_f482_r04,207,7560,LTE,0.9940211176872253,0.005457716062664986,LTE,0.99971853941679,0.0001807535118132364,0,8,0,False,both_wrong,LTE|LTE|LTE|LTE|LTE|LTE|LTE|LTE,0.99976677|0.99975401|0.99982375|0.99965203|0.99973351|0.99943000|0.99982554|0.99976271,0.00014445|0.00015517|0.00010829|0.00022666|0.00016950|0.00039433|0.00010180|0.00014583
tr_external_uz_dvbt_f482_r04,208,7561,LTE,0.9303159713745117,0.06724343448877335,LTE,0.9997322484850883,0.00017324527016171487,0,8,0,False,both_wrong,LTE|LTE|LTE|LTE|LTE|LTE|LTE|LTE,0.99937868|0.99986792|0.99968517|0.99977869|0.99976557|0.99973887|0.99981576|0.99982733,0.00043783|0.00007907|0.00020274|0.00013578|0.00014918|0.00016663|0.00011099|0.00010374
tr_external_uz_dvbt_f482_r04,209,7562,LTE,0.6087003350257874,0.3862210512161255,LTE,0.9998194500803947,0.00010915906386799179,0,8,0,False,both_wrong,LTE|LTE|LTE|LTE|LTE|LTE|LTE|LTE,0.99979407|0.99986064|0.99981636|0.99978513|0.99977475|0.99984753|0.99987030|0.99980682,0.00012310|0.00008184|0.00011250|0.00013498|0.00014180|0.00008634|0.00007875|0.00011396
tr_external_uz_dvbt_f482_r04,210,7563,LTE,0.9892113208770752,0.009963296353816986,LTE,0.9998121410608292,0.00011552645992196631,0,8,0,False,both_wrong,LTE|LTE|LTE|LTE|LTE|LTE|LTE|LTE,0.99981731|0.99971718|0.99985421|0.99979156|0.99988937|0.99980658|0.99980778|0.99981314,0.00010983|0.00018460|0.00008718|0.00012779|0.00006565|0.00011589|0.00011751|0.00011575
tr_external_uz_dvbt_f482_r04,211,7564,LTE,0.9715093374252319,0.02702169492840767,LTE,0.9998520612716675,8.931058437156025e-05,0,8,0,False,both_wrong,LTE|LTE|LTE|LTE|LTE|LTE|LTE|LTE,0.99984384|0.99982268|0.99982423|0.99986351|0.99985778|0.99987352|0.99986947|0.99986148,0.00009259|0.00010583|0.00010919|0.00008279|0.00008560|0.00007805|0.00007741|0.00008303
tr_external_uz_dvbt_f482_r04,212,7565,LTE,0.8027321696281433,0.19335682690143585,LTE,0.9998105242848396,0.00011546893620106857,0,8,0,False,both_wrong,LTE|LTE|LTE|LTE|LTE|LTE|LTE|LTE,0.99985933|0.99979955|0.99979573|0.99982053|0.99985445|0.99984503|0.99976331|0.99974626,0.00008467|0.00012423|0.00011745|0.00010904|0.00008928|0.00009546|0.00014395|0.00015967
tr_external_uz_dvbt_f482_r04,213,7566,LTE,0.9800674319267273,0.01879248581826687,LTE,0.999658040702343,0.00022783665644965367,0,8,0,False,both_wrong,LTE|LTE|LTE|LTE|LTE|LTE|LTE|LTE,0.99911624|0.99977142|0.99978799|0.99979311|0.99981278|0.99976236|0.99942207|0.99979836,0.00063948|0.00013878|0.00013065|0.00012825|0.00011443|0.00015199|0.00039742|0.00012169
tr_external_uz_dvbt_f482_r04,214,7567,LTE,0.9531428217887878,0.04510141536593437,LTE,0.9995021373033524,0.00035443466185824946,0,8,0,False,both_wrong,LTE|LTE|LTE|LTE|LTE|LTE|LTE|LTE,0.99945325|0.99944538|0.99959749|0.99974900|0.99959224|0.99982005|0.99975926|0.99860042,0.00038686|0.00038787|0.00027340|0.00016180|0.00028357|0.00011175|0.00014973|0.00108050
tr_external_uz_dvbt_f482_r04,215,7568,LTE,0.9724493622779846,0.026066482067108154,LTE,0.9740741774439812,0.025303780144895427,0,8,0,False,both_wrong,LTE|LTE|LTE|LTE|LTE|LTE|LTE|LTE,0.99977249|0.99929285|0.99968314|0.89538932|0.99953794|0.90442336|0.99490744|0.99958688,0.00014315|0.00049950|0.00021032|0.10285361|0.00030641|0.09363688|0.00450082|0.00027956
tr_external_uz_dvbt_f482_r04,216,7569,LTE,0.9355402588844299,0.06213275343179703,LTE,0.808336416259408,0.19071246608473302,1,7,0,False,both_wrong,LTE|LTE|LTE|DVB-T|LTE|LTE|LTE|LTE,0.58834183|0.82874197|0.99935669|0.89048392|0.99903774|0.99518508|0.99970144|0.94728529,0.41008312|0.16858041|0.00048060|0.89048392|0.00073665|0.00388344|0.00019804|0.05125356
tr_external_uz_dvbt_f482_r04,217,7570,LTE,0.5126081109046936,0.4823269844055176,LTE,0.8329428639117396,0.16614507202393725,1,7,0,False,both_wrong,LTE|DVB-T|LTE|LTE|LTE|LTE|LTE|LTE,0.99971896|0.99830097|0.84484851|0.99610364|0.99955791|0.99691570|0.99064457|0.83406800,0.00018012|0.99830097|0.15217370|0.00311658|0.00031385|0.00265872|0.00783391|0.16458273
tr_external_uz_dvbt_f482_r04,218,7571,DVB-T,0.5352170467376709,0.5352170467376709,LTE,0.8595845601521432,0.13935269054127275,1,7,0,False,only_4096_correct,LTE|LTE|LTE|LTE|LTE|DVB-T|LTE|LTE,0.94226813|0.97115213|0.97658169|0.99586535|0.99158019|0.98675549|0.99936265|0.98668957,0.05523601|0.02759616|0.02137484|0.00350670|0.00765002|0.98675549|0.00046611|0.01223620
tr_external_uz_dvbt_f482_r04,219,7572,LTE,0.6766093373298645,0.318576455116272,LTE,0.6947059540543705,0.3042778374510817,2,6,0,False,both_wrong,LTE|LTE|DVB-T|LTE|DVB-T|LTE|LTE|LTE,0.95221841|0.99943954|0.99807513|0.77996475|0.98983580|0.99418056|0.84701931|0.97279006,0.04548147|0.00038345|0.99807513|0.21860258|0.98983580|0.00485428|0.15084505|0.02614494
tr_external_uz_dvbt_f482_r04,220,7573,DVB-T,0.5873310565948486,0.5873310565948486,LTE,0.5046291148464661,0.4932986577041447,4,4,0,True,only_4096_correct,DVB-T|DVB-T|LTE|DVB-T|LTE|LTE|LTE|DVB-T,0.89067423|0.99962926|0.92851776|0.72753626|0.93649417|0.99041265|0.53265023|0.72995752,0.89067423|0.99962926|0.06995208|0.72753626|0.06245841|0.00813661|0.45804489|0.72995752
tr_external_uz_dvbt_f482_r04,221,7574,LTE,0.536447286605835,0.458404541015625,LTE,0.7662469260394573,0.23309481719479663,2,6,0,False,both_wrong,LTE|DVB-T|LTE|DVB-T|LTE|LTE|LTE|LTE,0.79197997|0.96729529|0.99934644|0.68665338|0.99923074|0.99926895|0.99961746|0.99634910,0.20594311|0.96729529|0.00046788|0.68665338|0.00056514|0.00056666|0.00025434|0.00301275
tr_external_uz_dvbt_f482_r04,222,7575,DVB-T,0.9021283984184265,0.9021283984184265,LTE,0.9718395099043846,0.027275882282992825,0,8,0,False,only_4096_correct,LTE|LTE|LTE|LTE|LTE|LTE|LTE|LTE,0.99841642|0.99250597|0.99900109|0.83099693|0.99963772|0.99979395|0.99207348|0.96229053,0.00122872|0.00579049|0.00074100|0.16686741|0.00023610|0.00012731|0.00694594|0.03627009
tr_external_uz_dvbt_f482_r04,223,7576,DVB-T,0.7962892055511475,0.7962892055511475,LTE,0.9889401718974113,0.010288977578966296,0,8,0,False,only_4096_correct,LTE|LTE|LTE|LTE|LTE|LTE|LTE|LTE,0.99827993|0.99358481|0.99946290|0.99971968|0.99920827|0.99911481|0.92298496|0.99916601,0.00131299|0.00533576|0.00036325|0.00017998|0.00054374|0.00065595|0.07333484|0.00058532
tr_external_uz_dvbt_f482_r04,224,7577,LTE,0.5243354439735413,0.4703872501850128,LTE,0.9996074959635735,0.00026407697896502214,0,8,0,False,both_wrong,LTE|LTE|LTE|LTE|LTE|LTE|LTE|LTE,0.99972361|0.99954647|0.99896038|0.99971491|0.99977881|0.99966717|0.99982208|0.99964654,0.00017183|0.00031176|0.00076508|0.00017861|0.00013683|0.00021105|0.00010925|0.00022819
tr_external_uz_dvbt_f482_r04,225,7578,DVB-T,0.6484807133674622,0.6484807133674622,LTE,0.9995878636837006,0.0002910413058998529,0,8,0,False,only_4096_correct,LTE|LTE|LTE|LTE|LTE|LTE|LTE|LTE,0.99983215|0.99979287|0.99976951|0.99984848|0.99818772|0.99973565|0.99972826|0.99980825,0.00009994|0.00012893|0.00013515|0.00009103|0.00141392|0.00017261|0.00017254|0.00011421
tr_external_uz_dvbt_f482_r04,226,7579,LTE,0.9074419736862183,0.08977782726287842,LTE,0.9998301118612289,0.00010177334843319841,0,8,0,False,both_wrong,LTE|LTE|LTE|LTE|LTE|LTE|LTE|LTE,0.99977559|0.99988449|0.99981922|0.99982184|0.99983609|0.99985778|0.99984908|0.99979681,0.00014077|0.00006792|0.00011289|0.00010531|0.00009334|0.00008557|0.00009078|0.00011760
tr_external_uz_dvbt_f482_r04,227,7580,LTE,0.9701617956161499,0.028311118483543396,LTE,0.9998434334993362,9.464877985010389e-05,0,8,0,False,both_wrong,LTE|LTE|LTE|LTE|LTE|LTE|LTE|LTE,0.99987197|0.99985349|0.99981743|0.99983311|0.99982625|0.99984205|0.99986875|0.99983442,0.00007519|0.00008953|0.00011019|0.00009957|0.00010754|0.00009463|0.00007880|0.00010173
tr_external_uz_dvbt_f482_r04,228,7581,LTE,0.8945334553718567,0.10259710997343063,LTE,0.9998495802283287,9.13756530280807e-05,0,8,0,False,both_wrong,LTE|LTE|LTE|LTE|LTE|LTE|LTE|LTE,0.99981958|0.99986684|0.99980110|0.99979526|0.99988961|0.99985635|0.99989283|0.99987507,0.00011003|0.00007833|0.00012322|0.00012688|0.00006515|0.00008914|0.00006426|0.00007400
tr_external_uz_dvbt_f482_r04,229,7582,LTE,0.9673358798027039,0.031112508848309517,LTE,0.9998421519994736,9.378282175021013e-05,0,8,0,False,both_wrong,LTE|LTE|LTE|LTE|LTE|LTE|LTE|LTE,0.99981672|0.99984503|0.99985552|0.99985182|0.99982005|0.99983871|0.99984050|0.99986887,0.00010469|0.00009129|0.00008387|0.00009065|0.00010854|0.00009682|0.00009654|0.00007786
tr_external_uz_dvbt_f482_r04,230,7583,LTE,0.9738595485687256,0.02477044053375721,LTE,0.9998318925499916,0.00010146325439563952,0,8,0,False,both_wrong,LTE|LTE|LTE|LTE|LTE|LTE|LTE|LTE,0.99980849|0.99976140|0.99988830|0.99985504|0.99982518|0.99983501|0.99983716|0.99984455,0.00012070|0.00014727|0.00006466|0.00008229|0.00010520|0.00009865|0.00010095|0.00009198
tr_external_uz_dvbt_f482_r04,231,7584,LTE,0.9791246056556702,0.019747082144021988,LTE,0.9996524974703789,0.0002339263792237034,0,8,0,False,both_wrong,LTE|LTE|LTE|LTE|LTE|LTE|LTE|LTE,0.99984002|0.99981767|0.99988174|0.99984050|0.99985576|0.99935514|0.99960560|0.99902356,0.00009375|0.00010875|0.00007062|0.00009238|0.00008380|0.00045412|0.00025290|0.00071509
tr_external_uz_dvbt_f482_r04,232,7585,LTE,0.6075512766838074,0.3876749575138092,LTE,0.9995942786335945,0.0002752168620645534,0,8,0,False,both_wrong,LTE|LTE|LTE|LTE|LTE|LTE|LTE|LTE,0.99924880|0.99984038|0.99975413|0.99971467|0.99923289|0.99978977|0.99940705|0.99976653,0.00053026|0.00009506|0.00015486|0.00018629|0.00057245|0.00012629|0.00039599|0.00014052
tr_external_uz_dvbt_f482_r04,233,7586,DVB-T,0.6269291043281555,0.6269291043281555,LTE,0.9995262399315834,0.0003280959263065597,0,8,0,False,only_4096_correct,LTE|LTE|LTE|LTE|LTE|LTE|LTE|LTE,0.99979228|0.99942505|0.99920589|0.99913967|0.99955112|0.99971396|0.99976522|0.99961674,0.00012987|0.00038572|0.00057518|0.00064656|0.00030735|0.00018295|0.00014641|0.00025073
tr_external_uz_dvbt_f482_r04,234,7587,DVB-T,0.7852869629859924,0.7852869629859924,LTE,0.9971824139356613,0.0024171073937395704,0,8,0,False,only_4096_correct,LTE|LTE|LTE|LTE|LTE|LTE|LTE|LTE,0.99970359|0.99976224|0.99916840|0.99056387|0.99980491|0.99979061|0.99852812|0.99013758,0.00019452|0.00014959|0.00062620|0.00777794|0.00012089|0.00012918|0.00112566|0.00921287
tr_external_uz_dvbt_f482_r04,235,7588,LTE,0.7917794585227966,0.20415763556957245,LTE,0.9808089584112167,0.01759794646750379,0,8,0,False,both_wrong,LTE|LTE|LTE|LTE|LTE|LTE|LTE|LTE,0.99947864|0.99936575|0.99969792|0.99943525|0.99882966|0.99871314|0.92107898|0.92987233,0.00035515|0.00046531|0.00019534|0.00036601|0.00089957|0.00098083|0.07291388|0.06460749
tr_external_uz_dvbt_f482_r04,236,7589,LTE,0.556943416595459,0.43772825598716736,LTE,0.9976416677236557,0.001980453209398547,0,8,0,False,both_wrong,LTE|LTE|LTE|LTE|LTE|LTE|LTE|LTE,0.99939024|0.99541545|0.99957103|0.99974388|0.99734938|0.99875045|0.99136907|0.99954385,0.00044502|0.00400521|0.00028477|0.00016339|0.00217114|0.00095358|0.00750716|0.00031336
tr_external_uz_dvbt_f482_r04,237,7590,DVB-T,0.9039525985717773,0.9039525985717773,LTE,0.8649320751428604,0.13369204443733906,1,7,0,False,only_4096_correct,LTE|LTE|LTE|DVB-T|LTE|LTE|LTE|LTE,0.99951768|0.56090182|0.99965978|0.59236670|0.97416377|0.99035358|0.99800688|0.99417830,0.00031850|0.43762922|0.00023090|0.59236670|0.02478285|0.00797066|0.00160476|0.00463276
tr_external_uz_dvbt_f482_r04,238,7591,DVB-T,0.8505157828330994,0.8505157828330994,LTE,0.5980272088199854,0.4002008343231864,3,5,0,False,only_4096_correct,LTE|LTE|DVB-T|LTE|DVB-T|LTE|LTE|DVB-T,0.63768554|0.99097252|0.54742748|0.66939455|0.91848993|0.98150843|0.93253881|0.95898354,0.36003238|0.00714130|0.54742748|0.32636112|0.91848993|0.01689351|0.06627741|0.95898354
tr_external_uz_dvbt_f482_r04,239,7592,DVB-T,0.8940320611000061,0.8940320611000061,DVB-T,0.5688425101761823,0.5688425101761823,5,3,0,False,both_correct,DVB-T|LTE|DVB-T|LTE|DVB-T|LTE|DVB-T|DVB-T,0.99768341|0.99897444|0.62365663|0.98429215|0.96127087|0.98365027|0.99985397|0.93743855,0.99768341|0.00074626|0.62365663|0.01483447|0.96127087|0.01525593|0.99985397|0.93743855
tr_external_uz_dvbt_f482_r04,240,7593,DVB-T,0.8694616556167603,0.8694616556167603,DVB-T,0.5961254267022014,0.5961254267022014,4,4,0,True,both_correct,LTE|LTE|DVB-T|DVB-T|LTE|DVB-T|LTE|DVB-T,0.88876677|0.60966164|0.94404465|0.99930739|0.80975741|0.96215552|0.81782568|0.99815708,0.10986391|0.38883957|0.94404465|0.99930739|0.18720920|0.96215552|0.17942607|0.99815708
tr_external_uz_dvbt_f482_r04,241,7594,LTE,0.8626216053962708,0.1339091807603836,DVB-T,0.643785962543916,0.643785962543916,5,3,0,False,only_512_correct,LTE|DVB-T|DVB-T|DVB-T|LTE|DVB-T|DVB-T|LTE,0.99368083|0.99655437|0.99541509|0.99902856|0.93526930|0.99944073|0.89026582|0.79491764,0.00560206|0.99655437|0.99541509|0.99902856|0.06077509|0.99944073|0.89026582|0.20320597
tr_external_uz_dvbt_f482_r04,242,7595,LTE,0.847306489944458,0.14924733340740204,LTE,0.5171899750453122,0.48171915735292714,4,4,0,True,both_wrong,DVB-T|LTE|LTE|LTE|LTE|DVB-T|DVB-T|DVB-T,0.53777909|0.98332340|0.99768734|0.78935975|0.88036400|0.99687070|0.97691828|0.99994993,0.53777909|0.01489975|0.00193477|0.20857070|0.11683003|0.99687070|0.97691828|0.99994993
tr_external_uz_dvbt_f482_r04,243,7596,LTE,0.7110907435417175,0.2842487394809723,DVB-T,0.7626976037863642,0.7626976037863642,6,2,0,False,only_512_correct,LTE|DVB-T|DVB-T|DVB-T|DVB-T|DVB-T|LTE|DVB-T,0.99070239|0.99937963|0.97260827|0.99078113|0.99965954|0.76932472|0.59932715|0.96275163,0.00786942|0.99937963|0.97260827|0.99078113|0.99965954|0.76932472|0.39920649|0.96275163
tr_external_uz_dvbt_f482_r04,244,7597,LTE,0.6242828369140625,0.3708174526691437,DVB-T,0.9791834279894829,0.9791834279894829,8,0,0,False,only_512_correct,DVB-T|DVB-T|DVB-T|DVB-T|DVB-T|DVB-T|DVB-T|DVB-T,0.99555439|0.99640238|0.99355692|0.85255182|0.99964583|0.99968803|0.99616796|0.99990010,0.99555439|0.99640238|0.99355692|0.85255182|0.99964583|0.99968803|0.99616796|0.99990010
tr_external_uz_dvbt_f482_r04,245,7598,LTE,0.5747992992401123,0.4200936555862427,DVB-T,0.8591897487640381,0.8591897487640381,7,1,0,False,only_512_correct,DVB-T|LTE|DVB-T|DVB-T|DVB-T|DVB-T|DVB-T|DVB-T,0.99969506|0.95671779|0.99992704|0.97491890|0.87813210|0.97915065|0.99996209|0.99956387,0.99969506|0.04216826|0.99992704|0.97491890|0.87813210|0.97915065|0.99996209|0.99956387
tr_external_uz_dvbt_f482_r04,246,7599,LTE,0.9054601788520813,0.09176735579967499,DVB-T,0.8124529141932726,0.8124529141932726,7,1,0,False,only_512_correct,DVB-T|DVB-T|DVB-T|DVB-T|DVB-T|DVB-T|DVB-T|LTE,0.51501954|0.83712095|0.99935132|0.99987221|0.99994612|0.99992263|0.99461740|0.84499842,0.51501954|0.83712095|0.99935132|0.99987221|0.99994612|0.99992263|0.99461740|0.15377314
tr_external_uz_dvbt_f482_r04,247,7600,LTE,0.8807612657546997,0.11619668453931808,DVB-T,0.998908706009388,0.998908706009388,8,0,0,False,only_512_correct,DVB-T|DVB-T|DVB-T|DVB-T|DVB-T|DVB-T|DVB-T|DVB-T,0.99929428|0.99997711|0.99997115|0.99997938|0.99812764|0.99626005|0.99971610|0.99794394,0.99929428|0.99997711|0.99997115|0.99997938|0.99812764|0.99626005|0.99971610|0.99794394
tr_external_uz_dvbt_f482_r04,248,7601,LTE,0.9805715084075928,0.018297642469406128,DVB-T,0.9662429392337799,0.9662429392337799,8,0,0,False,only_512_correct,DVB-T|DVB-T|DVB-T|DVB-T|DVB-T|DVB-T|DVB-T|DVB-T,0.99987650|0.99966156|0.99902558|0.98588902|0.99976748|0.90808570|0.91185158|0.92578608,0.99987650|0.99966156|0.99902558|0.98588902|0.99976748|0.90808570|0.91185158|0.92578608
tr_external_uz_dvbt_f482_r04,249,7602,LTE,0.9762769341468811,0.022434473037719727,LTE,0.7163468466897029,0.2820435967805679,1,7,0,False,both_wrong,LTE|LTE|LTE|DVB-T|LTE|LTE|LTE|LTE,0.61024463|0.64967489|0.95538205|0.99712485|0.99962735|0.94699150|0.61479032|0.95120615,0.38808277|0.34862882|0.04323104|0.99712485|0.00024439|0.05065390|0.38333246|0.04505054
tr_external_uz_dvbt_f482_r04,250,7603,LTE,0.9964526891708374,0.0031157429330050945,LTE,0.9725848361849785,0.026218847655400168,0,8,0,False,both_wrong,LTE|LTE|LTE|LTE|LTE|LTE|LTE|LTE,0.99145937|0.82649559|0.99680650|0.96970469|0.99859458|0.99919420|0.99931026|0.99911350,0.00698198|0.16855456|0.00241447|0.02901075|0.00107465|0.00057428|0.00048205|0.00065804
tr_external_uz_dvbt_f482_r04,251,7604,LTE,0.995316743850708,0.004177670925855637,LTE,0.9996029362082481,0.0002670178819244029,0,8,0,False,both_wrong,LTE|LTE|LTE|LTE|LTE|LTE|LTE|LTE,0.99947256|0.99980229|0.99938154|0.99944657|0.99976331|0.99981993|0.99929845|0.99983883,0.00036329|0.00011741|0.00043527|0.00037379|0.00014572|0.00010949|0.00049396|0.00009721
tr_external_uz_dvbt_f482_r04,252,7605,LTE,0.9873136878013611,0.01179161760956049,LTE,0.9997915551066399,0.00012818850609619403,0,8,0,False,both_wrong,LTE|LTE|LTE|LTE|LTE|LTE|LTE|LTE,0.99977094|0.99974388|0.99984634|0.99975401|0.99975067|0.99979717|0.99983144|0.99983799,0.00014160|0.00015367|0.00009186|0.00015065|0.00016049|0.00012422|0.00010227|0.00010075
tr_external_uz_dvbt_f482_r04,253,7606,LTE,0.9957224130630493,0.003813228104263544,LTE,0.9998024553060532,0.0001210947566505638,0,8,0,False,both_wrong,LTE|LTE|LTE|LTE|LTE|LTE|LTE|LTE,0.99984145|0.99978858|0.99973887|0.99985445|0.99982280|0.99982458|0.99981672|0.99973220,0.00009805|0.00012724|0.00016197|0.00008679|0.00010680|0.00010777|0.00010480|0.00017534
tr_external_uz_dvbt_f482_r04,254,7607,LTE,0.9959428906440735,0.0035957335494458675,LTE,0.9998077526688576,0.00011709972568496596,0,8,0,False,both_wrong,LTE|LTE|LTE|LTE|LTE|LTE|LTE|LTE,0.99979788|0.99970067|0.99985373|0.99974602|0.99987340|0.99983501|0.99984479|0.99981052,0.00012218|0.00019547|0.00008676|0.00016347|0.00007386|0.00009178|0.00009552|0.00010776
tr_external_uz_dvbt_f482_r04,255,7608,LTE,0.9328755140304565,0.06477438658475876,LTE,0.9998367205262184,9.767580831976375e-05,0,8,0,False,both_wrong,LTE|LTE|LTE|LTE|LTE|LTE|LTE|LTE,0.99984157|0.99987602|0.99980646|0.99982005|0.99985123|0.99984622|0.99987507|0.99977714,0.00009690|0.00007445|0.00011487|0.00010538|0.00008837|0.00009048|0.00007324|0.00013772
tr_external_uz_dvbt_f482_r04,256,7609,LTE,0.764037549495697,0.23182031512260437,LTE,0.9998208209872246,0.00010862034832825884,0,8,0,False,both_wrong,LTE|LTE|LTE|LTE|LTE|LTE|LTE|LTE,0.99982518|0.99977833|0.99986339|0.99984574|0.99983752|0.99978882|0.99980313|0.99982446,0.00010368|0.00013509|0.00008076|0.00009540|0.00009583|0.00013172|0.00012037|0.00010611
tr_external_uz_dvbt_f482_r04,257,7610,LTE,0.8620343804359436,0.13459567725658417,LTE,0.999775268137455,0.00013968815619591624,0,8,0,False,both_wrong,LTE|LTE|LTE|LTE|LTE|LTE|LTE|LTE,0.99948549|0.99986076|0.99974316|0.99981719|0.99984682|0.99975044|0.99986124|0.99983704,0.00033518|0.00008361|0.00015909|0.00010811|0.00008982|0.00015920|0.00008224|0.00010027
tr_external_uz_dvbt_f482_r04,258,7611,LTE,0.9578936696052551,0.0403023436665535,LTE,0.9998427256941795,9.504511308477959e-05,0,8,0,False,both_wrong,LTE|LTE|LTE|LTE|LTE|LTE|LTE|LTE,0.99987924|0.99981922|0.99983728|0.99982303|0.99985409|0.99980217|0.99985301|0.99987376,0.00007210|0.00010898|0.00009972|0.00010772|0.00008390|0.00012220|0.00008979|0.00007596
tr_external_uz_dvbt_f482_r04,259,7612,LTE,0.9952538013458252,0.0042509883642196655,LTE,0.9998731166124344,7.604405891470378e-05,0,8,0,False,both_wrong,LTE|LTE|LTE|LTE|LTE|LTE|LTE|LTE,0.99988472|0.99987185|0.99989021|0.99985266|0.99986446|0.99984765|0.99990487|0.99986851,0.00006845|0.00007726|0.00006565|0.00008978|0.00007961|0.00009300|0.00005748|0.00007712
tr_external_uz_dvbt_f482_r04,260,7613,LTE,0.7826499938964844,0.21312318742275238,LTE,0.9998726397752762,7.660759183636401e-05,0,8,0,False,both_wrong,LTE|LTE|LTE|LTE|LTE|LTE|LTE|LTE,0.99988139|0.99985230|0.99987519|0.99988163|0.99989116|0.99986303|0.99987066|0.99986577,0.00007311|0.00008792|0.00007541|0.00006970|0.00006605|0.00008397|0.00007662|0.00008007
tr_external_uz_dvbt_f482_r04,261,7614,LTE,0.689335823059082,0.3058847188949585,LTE,0.9998615011572838,8.215084744733758e-05,0,8,0,False,both_wrong,LTE|LTE|LTE|LTE|LTE|LTE|LTE|LTE,0.99984181|0.99981719|0.99983263|0.99987495|0.99988902|0.99988139|0.99988770|0.99986732,0.00009077|0.00011075|0.00010085|0.00007308|0.00006619|0.00006996|0.00006597|0.00007964
tr_external_uz_dvbt_f482_r04,262,7615,LTE,0.8579244613647461,0.13905829191207886,LTE,0.9998606964945793,8.239893213612959e-05,0,8,0,False,both_wrong,LTE|LTE|LTE|LTE|LTE|LTE|LTE|LTE,0.99984980|0.99987876|0.99980205|0.99988306|0.99986625|0.99984956|0.99989545|0.99986064,0.00008623|0.00007113|0.00011867|0.00006868|0.00007914|0.00009019|0.00006241|0.00008274
tr_external_uz_dvbt_f482_r04,263,7616,LTE,0.9996071457862854,0.00030987191712483764,LTE,0.9998592510819435,8.434130540990736e-05,0,8,0,False,both_wrong,LTE|LTE|LTE|LTE|LTE|LTE|LTE|LTE,0.99986744|0.99985743|0.99986076|0.99988592|0.99986780|0.99987555|0.99987507|0.99978405,0.00008046|0.00008147|0.00008463|0.00006771|0.00007839|0.00007454|0.00007722|0.00013032
tr_external_uz_dvbt_f482_r04,264,7617,LTE,0.993198573589325,0.006215129513293505,LTE,0.9998357966542244,9.839925860433141e-05,0,8,0,False,both_wrong,LTE|LTE|LTE|LTE|LTE|LTE|LTE|LTE,0.99983740|0.99984431|0.99986327|0.99983180|0.99980646|0.99986184|0.99981529|0.99982601,0.00009715|0.00009138|0.00008171|0.00009920|0.00012057|0.00008274|0.00010914|0.00010530
tr_external_uz_dvbt_f482_r04,265,7618,LTE,0.9881696701049805,0.011066911742091179,LTE,0.9998135343194008,0.00011370324591553072,0,8,0,False,both_wrong,LTE|LTE|LTE|LTE|LTE|LTE|LTE|LTE,0.99986076|0.99982858|0.99979919|0.99986160|0.99969840|0.99981862|0.99982798|0.99981314,0.00008177|0.00010441|0.00011985|0.00008171|0.00019441|0.00010968|0.00010342|0.00011438
tr_external_uz_dvbt_f482_r04,266,7619,LTE,0.9987643957138062,0.0010224556317552924,LTE,0.9997455254197121,0.00016377673000533832,0,8,0,False,both_wrong,LTE|LTE|LTE|LTE|LTE|LTE|LTE|LTE,0.99984777|0.99981540|0.99983704|0.99959856|0.99978799|0.99940431|0.99983776|0.99983537,0.00008793|0.00011013|0.00010183|0.00026915|0.00013146|0.00041690|0.00009585|0.00009697
tr_external_uz_dvbt_f482_r04,267,7620,LTE,0.9900250434875488,0.00931366253644228,LTE,0.9998233020305634,0.00010887678126891842,0,8,0,False,both_wrong,LTE|LTE|LTE|LTE|LTE|LTE|LTE|LTE,0.99966872|0.99981505|0.99988520|0.99984181|0.99987483|0.99982589|0.99983776|0.99983716,0.00021593|0.00011118|0.00006904|0.00009622|0.00007472|0.00010809|0.00009800|0.00009784
tr_external_uz_dvbt_f482_r05,0,7621,LTE,0.5451184511184692,0.45005035400390625,LTE,0.999841034412384,9.340186625195201e-05,0,8,0,False,both_wrong,LTE|LTE|LTE|LTE|LTE|LTE|LTE|LTE,0.99986219|0.99983561|0.99985623|0.99986053|0.99981862|0.99984264|0.99987078|0.99978167,0.00008146|0.00009666|0.00008428|0.00008274|0.00010374|0.00009526|0.00007565|0.00012745
tr_external_uz_dvbt_f482_r05,1,7622,LTE,0.5655431151390076,0.42894697189331055,LTE,0.9998506903648376,8.980739858088782e-05,0,8,0,False,both_wrong,LTE|LTE|LTE|LTE|LTE|LTE|LTE|LTE,0.99983025|0.99988186|0.99983048|0.99988747|0.99979812|0.99982315|0.99988532|0.99986887,0.00010641|0.00006900|0.00010315|0.00006674|0.00012474|0.00010295|0.00006965|0.00007582
tr_external_uz_dvbt_f482_r05,2,7623,DVB-T,0.7736636400222778,0.7736636400222778,LTE,0.9998585060238838,8.406631104662665e-05,0,8,0,False,only_4096_correct,LTE|LTE|LTE|LTE|LTE|LTE|LTE|LTE,0.99988019|0.99986708|0.99987280|0.99979979|0.99988723|0.99989939|0.99982929|0.99983227,0.00006998|0.00008056|0.00007502|0.00011774|0.00006712|0.00006027|0.00010177|0.00010008
tr_external_uz_dvbt_f482_r05,3,7624,LTE,0.7166832685470581,0.27877694368362427,LTE,0.999827042222023,0.00010526799269428011,0,8,0,False,both_wrong,LTE|LTE|LTE|LTE|LTE|LTE|LTE|LTE,0.99983263|0.99986303|0.99986482|0.99978322|0.99984574|0.99972111|0.99986541|0.99984038,0.00010005|0.00008317|0.00008144|0.00013839|0.00009278|0.00017565|0.00007915|0.00009152
tr_external_uz_dvbt_f482_r05,4,7625,LTE,0.9275089502334595,0.07016288489103317,LTE,0.9997614994645119,0.00014847315651422832,0,8,0,False,both_wrong,LTE|LTE|LTE|LTE|LTE|LTE|LTE|LTE,0.99984086|0.99984086|0.99978536|0.99982113|0.99969089|0.99967277|0.99960989|0.99983025,0.00009630|0.00009322|0.00013389|0.00010455|0.00019766|0.00020691|0.00025541|0.00009985
tr_external_uz_dvbt_f482_r05,5,7626,DVB-T,0.5743143558502197,0.5743143558502197,LTE,0.9988728389143944,0.0008622453342468361,0,8,0,False,only_4096_correct,LTE|LTE|LTE|LTE|LTE|LTE|LTE|LTE,0.99981600|0.99981982|0.99969745|0.99294996|0.99983847|0.99974185|0.99977928|0.99933988,0.00010575|0.00010552|0.00019175|0.00564257|0.00009462|0.00016298|0.00012858|0.00046619
tr_external_uz_dvbt_f482_r05,6,7627,LTE,0.9915258288383484,0.007919605821371078,LTE,0.9998244792222977,0.00010576167096587596,0,8,0,False,both_wrong,LTE|LTE|LTE|LTE|LTE|LTE|LTE|LTE,0.99983060|0.99979419|0.99986124|0.99983859|0.99980491|0.99985266|0.99979645|0.99981719,0.00009890|0.00012711|0.00008091|0.00010093|0.00011940|0.00008613|0.00012775|0.00010498
tr_external_uz_dvbt_f482_r05,7,7628,LTE,0.886013925075531,0.11078882962465286,LTE,0.9998126775026321,0.00011669878404063638,0,8,0,False,both_wrong,LTE|LTE|LTE|LTE|LTE|LTE|LTE|LTE,0.99988568|0.99966562|0.99983215|0.99981445|0.99986267|0.99985766|0.99974984|0.99983335,0.00006855|0.00022116|0.00010466|0.00011600|0.00008249|0.00008623|0.00015632|0.00009820
tr_external_uz_dvbt_f482_r05,8,7629,DVB-T,0.7325493097305298,0.7325493097305298,LTE,0.9998014941811562,0.00012301070364628686,0,8,0,False,only_4096_correct,LTE|LTE|LTE|LTE|LTE|LTE|LTE|LTE,0.99987519|0.99977034|0.99986017|0.99985433|0.99975032|0.99963510|0.99985051|0.99981600,0.00007533|0.00013767|0.00008039|0.00008693|0.00015705|0.00024543|0.00008957|0.00011172
tr_external_uz_dvbt_f482_r05,9,7630,DVB-T,0.6132356524467468,0.6132356524467468,LTE,0.9998590424656868,8.443102706223726e-05,0,8,0,False,only_4096_correct,LTE|LTE|LTE|LTE|LTE|LTE|LTE|LTE,0.99987638|0.99985838|0.99987590|0.99985659|0.99980789|0.99983764|0.99987304|0.99988651,0.00007186|0.00008702|0.00007414|0.00008638|0.00011471|0.00009952|0.00007536|0.00006647
tr_external_uz_dvbt_f482_r05,10,7631,LTE,0.9186260104179382,0.0785621851682663,LTE,0.999875545501709,7.35688936401857e-05,0,8,0,False,both_wrong,LTE|LTE|LTE|LTE|LTE|LTE|LTE|LTE,0.99987054|0.99985015|0.99990904|0.99983537|0.99989128|0.99989998|0.99987900|0.99986899,0.00007449|0.00009095|0.00005555|0.00009536|0.00006453|0.00006007|0.00007078|0.00007684
tr_external_uz_dvbt_f482_r05,11,7632,DVB-T,0.6658926606178284,0.6658926606178284,LTE,0.9998634532094002,8.042953140829923e-05,0,8,0,False,only_4096_correct,LTE|LTE|LTE|LTE|LTE|LTE|LTE|LTE,0.99988890|0.99985456|0.99987090|0.99988949|0.99981540|0.99988353|0.99985826|0.99984658,0.00006617|0.00008604|0.00007581|0.00006530|0.00011073|0.00006952|0.00008258|0.00008728
tr_external_uz_dvbt_f482_r05,12,7633,LTE,0.768447995185852,0.22723475098609924,LTE,0.9998648315668106,8.039101339818444e-05,0,8,0,False,both_wrong,LTE|LTE|LTE|LTE|LTE|LTE|LTE|LTE,0.99988413|0.99986041|0.99984288|0.99986672|0.99987936|0.99986827|0.99983990|0.99987698,0.00006920|0.00008298|0.00009543|0.00007921|0.00007283|0.00007886|0.00009261|0.00007199
tr_external_uz_dvbt_f482_r05,13,7634,LTE,0.8120218515396118,0.18411560356616974,LTE,0.9998438432812691,9.46752061281586e-05,0,8,0,False,both_wrong,LTE|LTE|LTE|LTE|LTE|LTE|LTE|LTE,0.99984419|0.99985516|0.99985170|0.99983335|0.99981910|0.99988091|0.99983764|0.99982870,0.00009503|0.00008870|0.00008686|0.00010099|0.00010829|0.00007210|0.00010008|0.00010534
tr_external_uz_dvbt_f482_r05,14,7635,DVB-T,0.6012299656867981,0.6012299656867981,LTE,0.9998503103852272,8.84840255821473e-05,0,8,0,False,only_4096_correct,LTE|LTE|LTE|LTE|LTE|LTE|LTE|LTE,0.99985802|0.99984300|0.99984729|0.99986827|0.99986136|0.99988294|0.99980038|0.99984121,0.00008549|0.00009413|0.00009246|0.00007750|0.00008049|0.00006961|0.00011652|0.00009167
tr_external_uz_dvbt_f482_r05,15,7636,LTE,0.6290502548217773,0.36607715487480164,LTE,0.9997608289122581,0.00015024877757241484,0,8,0,False,both_wrong,LTE|LTE|LTE|LTE|LTE|LTE|LTE|LTE,0.99981552|0.99943739|0.99978989|0.99978119|0.99981350|0.99983561|0.99982196|0.99979156,0.00010620|0.00039016|0.00012263|0.00013470|0.00011436|0.00010070|0.00010685|0.00012640
tr_external_uz_dvbt_f482_r05,16,7637,LTE,0.9953327775001526,0.0042519355192780495,LTE,0.9998080208897591,0.00011608917247940553,0,8,0,False,both_wrong,LTE|LTE|LTE|LTE|LTE|LTE|LTE|LTE,0.99986362|0.99979419|0.99977833|0.99983978|0.99986994|0.99966741|0.99984062|0.99981028,0.00008027|0.00012633|0.00013218|0.00009590|0.00007480|0.00021228|0.00009230|0.00011466
tr_external_uz_dvbt_f482_r05,17,7638,LTE,0.9873408675193787,0.011725766584277153,LTE,0.9998189732432365,0.00010952288721455261,0,8,0,False,both_wrong,LTE|LTE|LTE|LTE|LTE|LTE|LTE|LTE,0.99979943|0.99984133|0.99977881|0.99984682|0.99984193|0.99982506|0.99979907|0.99981934,0.00011451|0.00009143|0.00013897|0.00009311|0.00009511|0.00010658|0.00012607|0.00011040
tr_external_uz_dvbt_f482_r05,18,7639,LTE,0.8894361853599548,0.1075296550989151,LTE,0.9998388215899467,9.602817408449482e-05,0,8,0,False,both_wrong,LTE|LTE|LTE|LTE|LTE|LTE|LTE|LTE,0.99985349|0.99986923|0.99986315|0.99981004|0.99981612|0.99985135|0.99977177|0.99987543,0.00008542|0.00007770|0.00008279|0.00010957|0.00010984|0.00008857|0.00014003|0.00007429
tr_external_uz_dvbt_f482_r05,19,7640,LTE,0.9162418246269226,0.0809507742524147,LTE,0.9998225197196007,0.00010718806879594922,0,8,0,False,both_wrong,LTE|LTE|LTE|LTE|LTE|LTE|LTE|LTE,0.99972397|0.99983168|0.99984550|0.99981958|0.99986315|0.99981278|0.99984372|0.99983978,0.00017445|0.00010320|0.00008890|0.00011192|0.00008230|0.00011210|0.00008954|0.00009509
tr_external_uz_dvbt_f482_r05,20,7641,LTE,0.9757105708122253,0.023064792156219482,LTE,0.9998628199100494,8.076928043010412e-05,0,8,0,False,both_wrong,LTE|LTE|LTE|LTE|LTE|LTE|LTE|LTE,0.99987125|0.99985039|0.99985993|0.99988806|0.99986899|0.99985266|0.99988091|0.99983037,0.00007482|0.00008600|0.00008299|0.00006579|0.00007671|0.00008686|0.00007014|0.00010285
tr_external_uz_dvbt_f482_r05,21,7642,LTE,0.7842369079589844,0.2117508202791214,LTE,0.9998508244752884,8.822882864478743e-05,0,8,0,False,both_wrong,LTE|LTE|LTE|LTE|LTE|LTE|LTE|LTE,0.99984193|0.99987233|0.99986529|0.99981946|0.99985015|0.99985552|0.99982375|0.99987817,0.00009309|0.00007557|0.00007761|0.00010789|0.00008780|0.00008600|0.00010699|0.00007088
tr_external_uz_dvbt_f482_r05,22,7643,DVB-T,0.6644615530967712,0.6644615530967712,LTE,0.9998383969068527,9.7244050266454e-05,0,8,0,False,only_4096_correct,LTE|LTE|LTE|LTE|LTE|LTE|LTE|LTE,0.99971431|0.99987745|0.99985707|0.99987388|0.99987030|0.99985039|0.99987328|0.99979049,0.00018007|0.00007152|0.00008506|0.00007337|0.00007965|0.00008597|0.00007443|0.00012786
tr_external_uz_dvbt_f482_r05,23,7644,DVB-T,0.9604892730712891,0.9604892730712891,LTE,0.999863475561142,8.12883154139854e-05,0,8,0,False,only_4096_correct,LTE|LTE|LTE|LTE|LTE|LTE|LTE|LTE,0.99985325|0.99987435|0.99987090|0.99987543|0.99986148|0.99985492|0.99984026|0.99987721,0.00008547|0.00007468|0.00007729|0.00007267|0.00008533|0.00008935|0.00009131|0.00007422
tr_external_uz_dvbt_f482_r05,24,7645,LTE,0.5966356992721558,0.39806726574897766,LTE,0.9998559728264809,8.709101439308142e-05,0,8,0,False,both_wrong,LTE|LTE|LTE|LTE|LTE|LTE|LTE|LTE,0.99989784|0.99982893|0.99988055|0.99987125|0.99984801|0.99985886|0.99979359|0.99986875,0.00006148|0.00010511|0.00007185|0.00007910|0.00009100|0.00008538|0.00012448|0.00007833
tr_external_uz_dvbt_f482_r05,25,7646,LTE,0.6829664707183838,0.31224796175956726,LTE,0.9998619258403778,8.114904176181881e-05,0,8,0,False,both_wrong,LTE|LTE|LTE|LTE|LTE|LTE|LTE|LTE,0.99986756|0.99985826|0.99988437|0.99985766|0.99986410|0.99986172|0.99984658|0.99985516,0.00007757|0.00008388|0.00006866|0.00008205|0.00007988|0.00008036|0.00009003|0.00008676
tr_external_uz_dvbt_f482_r05,26,7647,LTE,0.9990102052688599,0.0008315626182593405,LTE,0.9998708367347717,7.685438140470069e-05,0,8,0,False,both_wrong,LTE|LTE|LTE|LTE|LTE|LTE|LTE|LTE,0.99983084|0.99987245|0.99987602|0.99989581|0.99986339|0.99987841|0.99987078|0.99987900,0.00009929|0.00007501|0.00007442|0.00006199|0.00008253|0.00007217|0.00007770|0.00007173
tr_external_uz_dvbt_f482_r05,27,7648,LTE,0.8745723962783813,0.12252174317836761,LTE,0.9998647272586823,8.044176138355397e-05,0,8,0,False,both_wrong,LTE|LTE|LTE|LTE|LTE|LTE|LTE|LTE,0.99986732|0.99987245|0.99983752|0.99987555|0.99986076|0.99988103|0.99986947|0.99985373,0.00008081|0.00007679|0.00009560|0.00007452|0.00008160|0.00007008|0.00007565|0.00008848
tr_external_uz_dvbt_f482_r05,28,7649,DVB-T,0.8655299544334412,0.8655299544334412,LTE,0.9998611062765121,8.233971766458126e-05,0,8,0,False,only_4096_correct,LTE|LTE|LTE|LTE|LTE|LTE|LTE|LTE,0.99987376|0.99983680|0.99989104|0.99986494|0.99985468|0.99984550|0.99987602|0.99984610,0.00007317|0.00009705|0.00006497|0.00008067|0.00008762|0.00009260|0.00007286|0.00008978
tr_external_uz_dvbt_f482_r05,29,7650,DVB-T,0.6085348725318909,0.6085348725318909,LTE,0.9998492747545242,8.925733527576085e-05,0,8,0,False,only_4096_correct,LTE|LTE|LTE|LTE|LTE|LTE|LTE|LTE,0.99982387|0.99983478|0.99984622|0.99987888|0.99977010|0.99989569|0.99986851|0.99987614,0.00010311|0.00010230|0.00008938|0.00007137|0.00013312|0.00006251|0.00007781|0.00007446
tr_external_uz_dvbt_f482_r05,30,7651,DVB-T,0.7164657115936279,0.7164657115936279,LTE,0.9998434484004974,9.369675171910785e-05,0,8,0,False,only_4096_correct,LTE|LTE|LTE|LTE|LTE|LTE|LTE|LTE,0.99988246|0.99985135|0.99984777|0.99986494|0.99980479|0.99986231|0.99975628|0.99987769,0.00006896|0.00008902|0.00009301|0.00007830|0.00011375|0.00008112|0.00015296|0.00007245
tr_external_uz_dvbt_f482_r05,31,7652,LTE,0.8877756595611572,0.10910533368587494,LTE,0.9998544082045555,8.799028273642762e-05,0,8,0,False,both_wrong,LTE|LTE|LTE|LTE|LTE|LTE|LTE|LTE,0.99982870|0.99986696|0.99986672|0.99986327|0.99985790|0.99981540|0.99984658|0.99988973,0.00010323|0.00007899|0.00007892|0.00008290|0.00008754|0.00011275|0.00009288|0.00006671
tr_external_uz_dvbt_f482_r05,32,7653,LTE,0.5623716115951538,0.43280142545700073,LTE,0.9998480826616287,8.96833971637534e-05,0,8,0,False,both_wrong,LTE|LTE|LTE|LTE|LTE|LTE|LTE|LTE,0.99983096|0.99980575|0.99986124|0.99981707|0.99986327|0.99984944|0.99988973|0.99986720,0.00009500|0.00011468|0.00008168|0.00010938|0.00007998|0.00009254|0.00006617|0.00007803
tr_external_uz_dvbt_f482_r05,33,7654,LTE,0.9039246439933777,0.0934656634926796,LTE,0.9998651742935181,7.969409944053041e-05,0,8,0,False,both_wrong,LTE|LTE|LTE|LTE|LTE|LTE|LTE|LTE,0.99988115|0.99987388|0.99987555|0.99984038|0.99985313|0.99984920|0.99987936|0.99986875,0.00007145|0.00007455|0.00007324|0.00009379|0.00008832|0.00008750|0.00006965|0.00007906
tr_external_uz_dvbt_f482_r05,34,7655,LTE,0.9713160395622253,0.027143776416778564,LTE,0.9998536929488182,8.70914655024535e-05,0,8,0,False,both_wrong,LTE|LTE|LTE|LTE|LTE|LTE|LTE|LTE,0.99987364|0.99985528|0.99986720|0.99985254|0.99984515|0.99987829|0.99978060|0.99987686,0.00007482|0.00008596|0.00008024|0.00008270|0.00009160|0.00007152|0.00013754|0.00007235
tr_external_uz_dvbt_f482_r05,35,7656,LTE,0.9967505931854248,0.002873901044949889,LTE,0.999856062233448,8.635438825876918e-05,0,8,0,False,both_wrong,LTE|LTE|LTE|LTE|LTE|LTE|LTE|LTE,0.99985301|0.99987233|0.99988258|0.99986100|0.99987507|0.99984217|0.99985754|0.99980479,0.00008902|0.00007587|0.00007017|0.00007905|0.00007694|0.00009341|0.00008478|0.00012159
tr_external_uz_dvbt_f482_r05,36,7657,LTE,0.979272186756134,0.019444558769464493,LTE,0.9998624101281166,8.252957923104987e-05,0,8,0,False,both_wrong,LTE|LTE|LTE|LTE|LTE|LTE|LTE|LTE,0.99985528|0.99984324|0.99988246|0.99982601|0.99989104|0.99984026|0.99988520|0.99987578,0.00008839|0.00009186|0.00007059|0.00010821|0.00006513|0.00009373|0.00006757|0.00007476
tr_external_uz_dvbt_f482_r05,37,7658,DVB-T,0.7248413562774658,0.7248413562774658,LTE,0.9998568072915077,8.563527626392897e-05,0,8,0,False,only_4096_correct,LTE|LTE|LTE|LTE|LTE|LTE|LTE|LTE,0.99988258|0.99987125|0.99984884|0.99987400|0.99981993|0.99983716|0.99985301|0.99986768,0.00006905|0.00007594|0.00009169|0.00007654|0.00011208|0.00009487|0.00008757|0.00007733
tr_external_uz_dvbt_f482_r05,38,7659,LTE,0.9169011116027832,0.08062785118818283,LTE,0.9998470321297646,9.176308594760485e-05,0,8,0,False,both_wrong,LTE|LTE|LTE|LTE|LTE|LTE|LTE|LTE,0.99984908|0.99984050|0.99985194|0.99984837|0.99985147|0.99984467|0.99986780|0.99982244,0.00009094|0.00009767|0.00008957|0.00008831|0.00009066|0.00009025|0.00007877|0.00010793
tr_external_uz_dvbt_f482_r05,39,7660,LTE,0.782575786113739,0.21303600072860718,LTE,0.9998674318194389,8.037813267947058e-05,0,8,0,False,both_wrong,LTE|LTE|LTE|LTE|LTE|LTE|LTE|LTE,0.99976557|0.99989665|0.99988222|0.99985790|0.99989402|0.99988949|0.99991381|0.99983978,0.00014842|0.00006187|0.00007155|0.00008391|0.00006321|0.00006647|0.00005226|0.00009534
tr_external_uz_dvbt_f482_r05,40,7661,DVB-T,0.8047510981559753,0.8047510981559753,LTE,0.9998719543218613,7.587013260490494e-05,0,8,0,False,only_4096_correct,LTE|LTE|LTE|LTE|LTE|LTE|LTE|LTE,0.99986839|0.99989617|0.99987173|0.99987340|0.99986625|0.99987543|0.99986315|0.99986112,0.00007729|0.00006218|0.00007611|0.00007593|0.00008033|0.00007415|0.00008069|0.00008028
tr_external_uz_dvbt_f482_r05,41,7662,DVB-T,0.7698416709899902,0.7698416709899902,LTE,0.999874584376812,7.530052107540541e-05,0,8,0,False,only_4096_correct,LTE|LTE|LTE|LTE|LTE|LTE|LTE|LTE,0.99988282|0.99989915|0.99986613|0.99987185|0.99989820|0.99987149|0.99989951|0.99980754,0.00007035|0.00006054|0.00007814|0.00007777|0.00006098|0.00007498|0.00006025|0.00011939
tr_external_uz_dvbt_f482_r05,42,7663,LTE,0.9685958623886108,0.030137276276946068,LTE,0.9998796880245209,7.232550569824525e-05,0,8,0,False,both_wrong,LTE|LTE|LTE|LTE|LTE|LTE|LTE|LTE,0.99988055|0.99986100|0.99988103|0.99984086|0.99988270|0.99989057|0.99990332|0.99989748,0.00007113|0.00008173|0.00007267|0.00009778|0.00007084|0.00006558|0.00005809|0.00006079
tr_external_uz_dvbt_f482_r05,43,7664,LTE,0.9695620536804199,0.029040994122624397,LTE,0.9998553618788719,8.7042885752453e-05,0,8,0,False,both_wrong,LTE|LTE|LTE|LTE|LTE|LTE|LTE|LTE,0.99985409|0.99989510|0.99985206|0.99983430|0.99987841|0.99978679|0.99989462|0.99984753,0.00008824|0.00006229|0.00009124|0.00009602|0.00007416|0.00013147|0.00006269|0.00009024
tr_external_uz_dvbt_f482_r05,44,7665,LTE,0.7695930600166321,0.22586065530776978,LTE,0.9998554885387421,8.686767250765115e-05,0,8,0,False,both_wrong,LTE|LTE|LTE|LTE|LTE|LTE|LTE|LTE,0.99980706|0.99987364|0.99987233|0.99987388|0.99986458|0.99988592|0.99981493|0.99985158,0.00012236|0.00007494|0.00007462|0.00007507|0.00008130|0.00006834|0.00011443|0.00008387
tr_external_uz_dvbt_f482_r05,45,7666,DVB-T,0.7280591130256653,0.7280591130256653,LTE,0.9998666793107986,8.015833373065107e-05,0,8,0,False,only_4096_correct,LTE|LTE|LTE|LTE|LTE|LTE|LTE|LTE,0.99985838|0.99988759|0.99989533|0.99984670|0.99984157|0.99988973|0.99985254|0.99986160,0.00008426|0.00006630|0.00006378|0.00009335|0.00009326|0.00006608|0.00009110|0.00008314
tr_external_uz_dvbt_f482_r05,46,7667,DVB-T,0.9801324009895325,0.9801324009895325,LTE,0.9998551979660988,8.488826642860658e-05,0,8,0,False,only_4096_correct,LTE|LTE|LTE|LTE|LTE|LTE|LTE|LTE,0.99984825|0.99984992|0.99987042|0.99985158|0.99981540|0.99986148|0.99986053|0.99988401,0.00008919|0.00008728|0.00007614|0.00008894|0.00010694|0.00007880|0.00008318|0.00006864
tr_external_uz_dvbt_f482_r05,47,7668,LTE,0.9675111174583435,0.030830636620521545,LTE,0.9998757690191269,7.35552466721856e-05,0,8,0,False,both_wrong,LTE|LTE|LTE|LTE|LTE|LTE|LTE|LTE,0.99983907|0.99988782|0.99987674|0.99987078|0.99987376|0.99989629|0.99988890|0.99987280,0.00009754|0.00006701|0.00007188|0.00007414|0.00007481|0.00006180|0.00006624|0.00007501
tr_external_uz_dvbt_f482_r05,48,7669,DVB-T,0.9507060647010803,0.9507060647010803,LTE,0.9998755753040314,7.548936309831333e-05,0,8,0,False,only_4096_correct,LTE|LTE|LTE|LTE|LTE|LTE|LTE|LTE,0.99990869|0.99986494|0.99989593|0.99983835|0.99989021|0.99986744|0.99987769|0.99986136,0.00005515|0.00008376|0.00006236|0.00009861|0.00006589|0.00008033|0.00007308|0.00008473
tr_external_uz_dvbt_f482_r05,49,7670,DVB-T,0.9509475827217102,0.9509475827217102,LTE,0.99986332654953,8.027748390304623e-05,0,8,0,False,only_4096_correct,LTE|LTE|LTE|LTE|LTE|LTE|LTE|LTE,0.99988413|0.99984860|0.99983108|0.99987030|0.99987209|0.99984169|0.99986351|0.99989522,0.00006895|0.00009193|0.00009960|0.00007523|0.00007483|0.00008821|0.00008085|0.00006263
tr_external_uz_dvbt_f482_r05,50,7671,DVB-T,0.6454397439956665,0.6454397439956665,LTE,0.9998713880777359,7.522816531491117e-05,0,8,0,False,only_4096_correct,LTE|LTE|LTE|LTE|LTE|LTE|LTE|LTE,0.99985802|0.99985242|0.99983919|0.99989164|0.99990320|0.99987710|0.99985790|0.99989164,0.00008429|0.00008696|0.00009008|0.00006424|0.00005832|0.00007256|0.00008179|0.00006358
tr_external_uz_dvbt_f482_r05,51,7672,LTE,0.8748599886894226,0.12220419198274612,LTE,0.9998703971505165,7.727595766482409e-05,0,8,0,False,both_wrong,LTE|LTE|LTE|LTE|LTE|LTE|LTE|LTE,0.99982125|0.99984944|0.99988270|0.99988449|0.99988270|0.99987638|0.99988496|0.99988127,0.00011092|0.00008720|0.00007015|0.00006933|0.00006955|0.00007217|0.00006810|0.00007079
tr_external_uz_dvbt_f482_r05,52,7673,DVB-T,0.7954890131950378,0.7954890131950378,LTE,0.999872162938118,7.660536903131288e-05,0,8,0,False,only_4096_correct,LTE|LTE|LTE|LTE|LTE|LTE|LTE|LTE,0.99988997|0.99988866|0.99984384|0.99985027|0.99988961|0.99986672|0.99986172|0.99988651,0.00006555|0.00006636|0.00009586|0.00008822|0.00006556|0.00008070|0.00008354|0.00006706
tr_external_uz_dvbt_f482_r05,53,7674,LTE,0.8760823011398315,0.12109097093343735,LTE,0.9998764842748642,7.339345938817132e-05,0,8,0,False,both_wrong,LTE|LTE|LTE|LTE|LTE|LTE|LTE|LTE,0.99987996|0.99988914|0.99990034|0.99987972|0.99987864|0.99985385|0.99989355|0.99983668,0.00007112|0.00006612|0.00005972|0.00007332|0.00007214|0.00008637|0.00006392|0.00009445
tr_external_uz_dvbt_f482_r05,54,7675,DVB-T,0.6753008365631104,0.6753008365631104,LTE,0.999851681292057,8.820243692753138e-05,0,8,0,False,only_4096_correct,LTE|LTE|LTE|LTE|LTE|LTE|LTE|LTE,0.99986410|0.99988663|0.99980026|0.99987209|0.99984300|0.99985194|0.99984109|0.99985433,0.00008078|0.00006850|0.00011564|0.00007491|0.00009568|0.00008752|0.00009251|0.00009007
tr_external_uz_dvbt_f482_r05,55,7676,LTE,0.7201212048530579,0.2750982344150543,LTE,0.9998603388667107,8.408483654420706e-05,0,8,0,False,both_wrong,LTE|LTE|LTE|LTE|LTE|LTE|LTE|LTE,0.99987447|0.99990261|0.99981326|0.99986911|0.99988222|0.99983203|0.99986708|0.99984193,0.00007714|0.00005855|0.00011361|0.00007775|0.00007041|0.00009703|0.00008153|0.00009666
tr_external_uz_dvbt_f482_r05,56,7677,DVB-T,0.84123694896698,0.84123694896698,LTE,0.9998160377144814,0.00011342450579832075,0,8,0,False,only_4096_correct,LTE|LTE|LTE|LTE|LTE|LTE|LTE|LTE,0.99985540|0.99984217|0.99982053|0.99964285|0.99985182|0.99985075|0.99983609|0.99982870,0.00008606|0.00009734|0.00011198|0.00023043|0.00008871|0.00009025|0.00010170|0.00010093
tr_external_uz_dvbt_f482_r05,57,7678,LTE,0.804024338722229,0.19186286628246307,LTE,0.999832920730114,0.00010028123961092206,0,8,0,False,both_wrong,LTE|LTE|LTE|LTE|LTE|LTE|LTE|LTE,0.99981815|0.99986851|0.99983370|0.99984646|0.99979550|0.99987745|0.99985385|0.99976975,0.00011195|0.00007548|0.00010155|0.00008822|0.00012710|0.00007179|0.00008925|0.00013691
tr_external_uz_dvbt_f482_r05,58,7679,LTE,0.7390697002410889,0.2565300166606903,LTE,0.999859631061554,8.4166596934665e-05,0,8,0,False,both_wrong,LTE|LTE|LTE|LTE|LTE|LTE|LTE|LTE,0.99987507|0.99988294|0.99980658|0.99988127|0.99988019|0.99985981|0.99981624|0.99987495,0.00007232|0.00006916|0.00011725|0.00006976|0.00007353|0.00008633|0.00011168|0.00007331
tr_external_uz_dvbt_f482_r05,59,7680,LTE,0.5957398414611816,0.39960700273513794,LTE,0.9998491778969765,8.948995491664391e-05,0,8,0,False,both_wrong,LTE|LTE|LTE|LTE|LTE|LTE|LTE|LTE,0.99980038|0.99986517|0.99982506|0.99989355|0.99988210|0.99984968|0.99985361|0.99982387,0.00011216|0.00008164|0.00010095|0.00006323|0.00007142|0.00009044|0.00008713|0.00010894
tr_external_uz_dvbt_f482_r05,60,7681,LTE,0.6453194618225098,0.35016557574272156,LTE,0.9998701959848404,7.699081288592424e-05,0,8,0,False,both_wrong,LTE|LTE|LTE|LTE|LTE|LTE|LTE|LTE,0.99987900|0.99987030|0.99988949|0.99986410|0.99987721|0.99983108|0.99987662|0.99987376,0.00007427|0.00007676|0.00006532|0.00007863|0.00007136|0.00010467|0.00007194|0.00007298
tr_external_uz_dvbt_f482_r05,61,7682,LTE,0.9339015483856201,0.06362824887037277,LTE,0.9998734444379807,7.459878406734788e-05,0,8,0,False,both_wrong,LTE|LTE|LTE|LTE|LTE|LTE|LTE|LTE,0.99985075|0.99985683|0.99989176|0.99988067|0.99987662|0.99989986|0.99987876|0.99985230,0.00008902|0.00008419|0.00006424|0.00007075|0.00007275|0.00006007|0.00007200|0.00008377
tr_external_uz_dvbt_f482_r05,62,7683,DVB-T,0.9401062726974487,0.9401062726974487,LTE,0.9998768866062164,7.255266973515972e-05,0,8,0,False,only_4096_correct,LTE|LTE|LTE|LTE|LTE|LTE|LTE|LTE,0.99987435|0.99988413|0.99989021|0.99989080|0.99986982|0.99988472|0.99985325|0.99986780,0.00007610|0.00006808|0.00006495|0.00006511|0.00007587|0.00006843|0.00008452|0.00007737
tr_external_uz_dvbt_f482_r05,63,7684,DVB-T,0.9849875569343567,0.9849875569343567,LTE,0.9998658373951912,7.832926075934665e-05,0,8,0,False,only_4096_correct,LTE|LTE|LTE|LTE|LTE|LTE|LTE|LTE,0.99984968|0.99982601|0.99985635|0.99986815|0.99985802|0.99986923|0.99990773|0.99989152,0.00008743|0.00009755|0.00008750|0.00007706|0.00008143|0.00007537|0.00005572|0.00006456
tr_external_uz_dvbt_f482_r05,64,7685,DVB-T,0.9275071024894714,0.9275071024894714,LTE,0.9998838603496552,6.9496490596066e-05,0,8,0,False,only_4096_correct,LTE|LTE|LTE|LTE|LTE|LTE|LTE|LTE,0.99989307|0.99983799|0.99986243|0.99989295|0.99989235|0.99988925|0.99989831|0.99990451,0.00006358|0.00009822|0.00008063|0.00006405|0.00006390|0.00006647|0.00006126|0.00005786
tr_external_uz_dvbt_f482_r05,65,7686,DVB-T,0.7094120979309082,0.7094120979309082,LTE,0.9998549073934555,8.783522480371175e-05,0,8,0,False,only_4096_correct,LTE|LTE|LTE|LTE|LTE|LTE|LTE|LTE,0.99986053|0.99988341|0.99982637|0.99988663|0.99985898|0.99982941|0.99987841|0.99981552,0.00008523|0.00006880|0.00010877|0.00006843|0.00008790|0.00009997|0.00007224|0.00011134
tr_external_uz_dvbt_f482_r05,66,7687,LTE,0.9355629086494446,0.06245119124650955,LTE,0.9998706728219986,7.75732414695085e-05,0,8,0,False,both_wrong,LTE|LTE|LTE|LTE|LTE|LTE|LTE|LTE,0.99988258|0.99986255|0.99987507|0.99986875|0.99987507|0.99984908|0.99984062|0.99991167,0.00006912|0.00008129|0.00007571|0.00007763|0.00007410|0.00009100|0.00009845|0.00005328
tr_external_uz_dvbt_f482_r05,67,7688,LTE,0.7355775237083435,0.2603827118873596,LTE,0.9998691380023956,7.751390648991219e-05,0,8,0,False,both_wrong,LTE|LTE|LTE|LTE|LTE|LTE|LTE|LTE,0.99986124|0.99987006|0.99986577|0.99985898|0.99990499|0.99988151|0.99985611|0.99985445,0.00007984|0.00007888|0.00008204|0.00008395|0.00005711|0.00007164|0.00008465|0.00008201
tr_external_uz_dvbt_f482_r05,68,7689,LTE,0.6063439846038818,0.3887074887752533,LTE,0.9998639076948166,8.236822850449244e-05,0,8,0,False,both_wrong,LTE|LTE|LTE|LTE|LTE|LTE|LTE|LTE,0.99985063|0.99986088|0.99987602|0.99985242|0.99985683|0.99988532|0.99986732|0.99986184,0.00009061|0.00008269|0.00007704|0.00009043|0.00008536|0.00006818|0.00008050|0.00008413
tr_external_uz_dvbt_f482_r05,69,7690,LTE,0.8251203298568726,0.17092303931713104,LTE,0.9998673051595688,7.913527861092007e-05,0,8,0,False,both_wrong,LTE|LTE|LTE|LTE|LTE|LTE|LTE|LTE,0.99988878|0.99986482|0.99987900|0.99984097|0.99990916|0.99986064|0.99986541|0.99982965,0.00006621|0.00008216|0.00007223|0.00008960|0.00005484|0.00008160|0.00008109|0.00010536
tr_external_uz_dvbt_f482_r05,70,7691,DVB-T,0.8881059288978577,0.8881059288978577,LTE,0.9998461902141571,9.334055175713729e-05,0,8,0,False,only_4096_correct,LTE|LTE|LTE|LTE|LTE|LTE|LTE|LTE,0.99987507|0.99987459|0.99969804|0.99987829|0.99988592|0.99983597|0.99987102|0.99985063,0.00007486|0.00007587|0.00019325|0.00007107|0.00006743|0.00010039|0.00007734|0.00008651
tr_external_uz_dvbt_f482_r05,71,7692,LTE,0.9338327050209045,0.06380683928728104,LTE,0.9998831748962402,6.972812525418703e-05,0,8,0,False,both_wrong,LTE|LTE|LTE|LTE|LTE|LTE|LTE|LTE,0.99989164|0.99988973|0.99986625|0.99985421|0.99989498|0.99987876|0.99991357|0.99987626,0.00006505|0.00006462|0.00007956|0.00009009|0.00006292|0.00007108|0.00005230|0.00007220
tr_external_uz_dvbt_f482_r05,72,7693,DVB-T,0.5504845976829529,0.5504845976829529,LTE,0.9998679980635643,7.759697928122478e-05,0,8,0,False,only_4096_correct,LTE|LTE|LTE|LTE|LTE|LTE|LTE|LTE,0.99988842|0.99976295|0.99992108|0.99984896|0.99986863|0.99989522|0.99988270|0.99987602,0.00006674|0.00013802|0.00004814|0.00008525|0.00007736|0.00006195|0.00006905|0.00007427
tr_external_uz_dvbt_f482_r05,73,7694,LTE,0.6716158390045166,0.3239562213420868,LTE,0.9998708441853523,7.69900707382476e-05,0,8,0,False,both_wrong,LTE|LTE|LTE|LTE|LTE|LTE|LTE|LTE,0.99988103|0.99987817|0.99986017|0.99981660|0.99986112|0.99991250|0.99987221|0.99988496,0.00007160|0.00007096|0.00008231|0.00011165|0.00008023|0.00005296|0.00007819|0.00006803
tr_external_uz_dvbt_f482_r05,74,7695,DVB-T,0.5832684636116028,0.5832684636116028,LTE,0.999875582754612,7.448603628290584e-05,0,8,0,False,only_4096_correct,LTE|LTE|LTE|LTE|LTE|LTE|LTE|LTE,0.99986708|0.99988246|0.99982733|0.99986863|0.99989223|0.99989462|0.99988151|0.99989080,0.00008027|0.00006927|0.00010661|0.00007671|0.00006425|0.00006397|0.00006938|0.00006544
tr_external_uz_dvbt_f482_r05,75,7696,LTE,0.764447033405304,0.2315000295639038,LTE,0.9998820275068283,7.062177701300243e-05,0,8,0,False,both_wrong,LTE|LTE|LTE|LTE|LTE|LTE|LTE|LTE,0.99988139|0.99988103|0.99989378|0.99990499|0.99987936|0.99989355|0.99988592|0.99983621,0.00007037|0.00007027|0.00006386|0.00005706|0.00007151|0.00006393|0.00006704|0.00010093
tr_external_uz_dvbt_f482_r05,76,7697,DVB-T,0.9661549925804138,0.9661549925804138,LTE,0.9998794943094254,7.290488611033652e-05,0,8,0,False,only_4096_correct,LTE|LTE|LTE|LTE|LTE|LTE|LTE|LTE,0.99989486|0.99988580|0.99986780|0.99989331|0.99986851|0.99986982|0.99988902|0.99986684,0.00006330|0.00006845|0.00008163|0.00006332|0.00007975|0.00007855|0.00006605|0.00008219
tr_external_uz_dvbt_f482_r05,77,7698,LTE,0.5730488896369934,0.4214918315410614,LTE,0.9998780637979507,7.337985653066426e-05,0,8,0,False,both_wrong,LTE|LTE|LTE|LTE|LTE|LTE|LTE|LTE,0.99989688|0.99990535|0.99989963|0.99986947|0.99988985|0.99987066|0.99983752|0.99985516,0.00006142|0.00005704|0.00006058|0.00007615|0.00006522|0.00007993|0.00009855|0.00008815
tr_external_uz_dvbt_f482_r05,78,7699,LTE,0.7075576186180115,0.28760939836502075,LTE,0.9998882710933685,6.701305665046675e-05,0,8,0,False,both_wrong,LTE|LTE|LTE|LTE|LTE|LTE|LTE|LTE,0.99987948|0.99988747|0.99988735|0.99987364|0.99987817|0.99989462|0.99991190|0.99989355,0.00007379|0.00006721|0.00006728|0.00007613|0.00007185|0.00006327|0.00005337|0.00006320
tr_external_uz_dvbt_f482_r05,79,7700,LTE,0.8524117469787598,0.1440916210412979,LTE,0.9998841136693954,6.859542099846294e-05,0,8,0,False,both_wrong,LTE|LTE|LTE|LTE|LTE|LTE|LTE|LTE,0.99988401|0.99988139|0.99987698|0.99987042|0.99990332|0.99989724|0.99989045|0.99986911,0.00006784|0.00007045|0.00007563|0.00007489|0.00005805|0.00006176|0.00006514|0.00007501
tr_external_uz_dvbt_f482_r05,80,7701,LTE,0.7561215758323669,0.2401283234357834,LTE,0.9998839795589447,6.956080233067041e-05,0,8,0,False,both_wrong,LTE|LTE|LTE|LTE|LTE|LTE|LTE|LTE,0.99986029|0.99989736|0.99991739|0.99984038|0.99986708|0.99987721|0.99990988|0.99990225,0.00008195|0.00006144|0.00005035|0.00009870|0.00007801|0.00007247|0.00005466|0.00005890
tr_external_uz_dvbt_f482_r05,81,7702,LTE,0.562686562538147,0.4321478605270386,LTE,0.9998791292309761,7.229558013932547e-05,0,8,0,False,both_wrong,LTE|LTE|LTE|LTE|LTE|LTE|LTE|LTE,0.99990964|0.99984884|0.99990082|0.99989581|0.99982446|0.99987113|0.99988651|0.99989581,0.00005475|0.00008891|0.00005928|0.00006247|0.00010759|0.00007502|0.00006779|0.00006255
tr_external_uz_dvbt_f482_r05,82,7703,LTE,0.8059114217758179,0.1908116638660431,LTE,0.9998779147863388,7.163212558225496e-05,0,8,0,False,both_wrong,LTE|LTE|LTE|LTE|LTE|LTE|LTE|LTE,0.99988902|0.99987936|0.99989200|0.99988258|0.99988949|0.99987948|0.99985445|0.99985695,0.00006652|0.00007113|0.00006442|0.00006912|0.00006479|0.00007100|0.00008440|0.00008166
tr_external_uz_dvbt_f482_r05,83,7704,LTE,0.8115358352661133,0.1845647543668747,LTE,0.999872162938118,7.664886106795166e-05,0,8,0,False,both_wrong,LTE|LTE|LTE|LTE|LTE|LTE|LTE|LTE,0.99988174|0.99986124|0.99988890|0.99988866|0.99987459|0.99982989|0.99987185|0.99988043,0.00007149|0.00008535|0.00006571|0.00006652|0.00007475|0.00010322|0.00007501|0.00007113
tr_external_uz_dvbt_f482_r05,84,7705,LTE,0.612126350402832,0.38276612758636475,LTE,0.9998409226536751,9.43357026699232e-05,0,8,0,False,both_wrong,LTE|LTE|LTE|LTE|LTE|LTE|LTE|LTE,0.99984884|0.99983799|0.99983275|0.99986434|0.99987090|0.99984455|0.99987793|0.99975008,0.00008512|0.00009653|0.00009806|0.00007996|0.00007696|0.00009221|0.00007232|0.00015353
tr_external_uz_dvbt_f482_r05,85,7706,LTE,0.9481216669082642,0.04979175701737404,LTE,0.9998392835259438,9.707262870506383e-05,0,8,0,False,both_wrong,LTE|LTE|LTE|LTE|LTE|LTE|LTE|LTE,0.99981004|0.99981409|0.99977475|0.99986529|0.99984193|0.99987161|0.99986660|0.99986994,0.00011602|0.00011592|0.00013637|0.00008137|0.00009325|0.00007796|0.00007884|0.00007686
tr_external_uz_dvbt_f482_r05,86,7707,LTE,0.7110065817832947,0.2843087613582611,LTE,0.9998433291912079,9.167204916593619e-05,0,8,0,False,both_wrong,LTE|LTE|LTE|LTE|LTE|LTE|LTE|LTE,0.99986053|0.99984324|0.99982566|0.99985480|0.99988115|0.99983943|0.99980575|0.99983609,0.00008285|0.00009158|0.00010432|0.00008451|0.00006969|0.00009486|0.00011160|0.00009398
tr_external_uz_dvbt_f482_r05,87,7708,DVB-T,0.7417972087860107,0.7417972087860107,LTE,0.9998585134744644,8.387026900891215e-05,0,8,0,False,only_4096_correct,LTE|LTE|LTE|LTE|LTE|LTE|LTE|LTE,0.99984539|0.99983680|0.99985659|0.99986601|0.99988461|0.99986780|0.99983525|0.99987566,0.00008898|0.00009814|0.00008409|0.00008199|0.00006978|0.00007891|0.00009624|0.00007283
tr_external_uz_dvbt_f482_r05,88,7709,LTE,0.7008525133132935,0.29453372955322266,LTE,0.9998447522521019,9.241313273378182e-05,0,8,0,False,both_wrong,LTE|LTE|LTE|LTE|LTE|LTE|LTE|LTE,0.99984837|0.99977654|0.99990070|0.99984550|0.99985218|0.99985552|0.99984479|0.99983442,0.00008576|0.00014196|0.00005991|0.00009042|0.00009063|0.00008896|0.00008783|0.00009384
tr_external_uz_dvbt_f482_r05,89,7710,DVB-T,0.8918527960777283,0.8918527960777283,LTE,0.999831460416317,9.913017584040063e-05,0,8,0,False,only_4096_correct,LTE|LTE|LTE|LTE|LTE|LTE|LTE|LTE,0.99981540|0.99977702|0.99986219|0.99983871|0.99984205|0.99980551|0.99987507|0.99983573,0.00010923|0.00012993|0.00008116|0.00009737|0.00009079|0.00011402|0.00007442|0.00009612
tr_external_uz_dvbt_f482_r05,90,7711,LTE,0.828972339630127,0.16709358990192413,LTE,0.9998622611165047,8.113144940580241e-05,0,8,0,False,both_wrong,LTE|LTE|LTE|LTE|LTE|LTE|LTE|LTE,0.99981827|0.99988043|0.99987614|0.99985659|0.99984348|0.99987674|0.99987674|0.99986970,0.00010385|0.00007011|0.00007402|0.00008568|0.00008996|0.00007225|0.00007390|0.00007929
tr_external_uz_dvbt_f482_r05,91,7712,LTE,0.6312977075576782,0.3632694482803345,LTE,0.9998595267534256,8.338118641404435e-05,0,8,0,False,both_wrong,LTE|LTE|LTE|LTE|LTE|LTE|LTE|LTE,0.99983966|0.99986708|0.99984288|0.99987352|0.99987411|0.99986744|0.99985313|0.99985838,0.00009466|0.00007929|0.00009157|0.00007424|0.00007455|0.00007700|0.00008930|0.00008644
tr_external_uz_dvbt_f482_r05,92,7713,DVB-T,0.9158095121383667,0.9158095121383667,LTE,0.9998677745461464,7.830692629795521e-05,0,8,0,False,only_4096_correct,LTE|LTE|LTE|LTE|LTE|LTE|LTE|LTE,0.99982458|0.99989426|0.99985802|0.99985170|0.99987543|0.99989688|0.99988043|0.99986088,0.00010073|0.00006410|0.00008413|0.00009057|0.00007462|0.00006139|0.00007138|0.00007953
tr_external_uz_dvbt_f482_r05,93,7714,LTE,0.9008558988571167,0.09638966619968414,LTE,0.999869242310524,7.72434386817622e-05,0,8,0,False,both_wrong,LTE|LTE|LTE|LTE|LTE|LTE|LTE|LTE,0.99988317|0.99988043|0.99987721|0.99987173|0.99988246|0.99983823|0.99985540|0.99986529,0.00006829|0.00007060|0.00007236|0.00007669|0.00006939|0.00009617|0.00008374|0.00008071
tr_external_uz_dvbt_f482_r05,94,7715,LTE,0.8414995670318604,0.15479916334152222,LTE,0.9998700395226479,7.730059633104247e-05,0,8,0,False,both_wrong,LTE|LTE|LTE|LTE|LTE|LTE|LTE|LTE,0.99990070|0.99987078|0.99979812|0.99989903|0.99987030|0.99988544|0.99985707|0.99987888,0.00005996|0.00007597|0.00012309|0.00006027|0.00007486|0.00006724|0.00008502|0.00007198
tr_external_uz_dvbt_f482_r05,95,7716,DVB-T,0.8043469190597534,0.8043469190597534,LTE,0.9998713284730911,7.665949351576273e-05,0,8,0,False,only_4096_correct,LTE|LTE|LTE|LTE|LTE|LTE|LTE|LTE,0.99983561|0.99990153|0.99989331|0.99986267|0.99988210|0.99989092|0.99985957|0.99984491,0.00010027|0.00005884|0.00006388|0.00008419|0.00006889|0.00006471|0.00008348|0.00008901
tr_external_uz_dvbt_f482_r05,96,7717,DVB-T,0.9659806489944458,0.9659806489944458,LTE,0.9998718872666359,7.546934693891671e-05,0,8,0,False,only_4096_correct,LTE|LTE|LTE|LTE|LTE|LTE|LTE|LTE,0.99978977|0.99988317|0.99989116|0.99987435|0.99988258|0.99989283|0.99985719|0.99990404,0.00012110|0.00006858|0.00006460|0.00007501|0.00007072|0.00006404|0.00008217|0.00005753
tr_external_uz_dvbt_f482_r05,97,7718,DVB-T,0.9752529263496399,0.9752529263496399,LTE,0.9998776167631149,7.266615648404695e-05,0,8,0,False,only_4096_correct,LTE|LTE|LTE|LTE|LTE|LTE|LTE|LTE,0.99986041|0.99989343|0.99989522|0.99984717|0.99988425|0.99990785|0.99986112|0.99987149,0.00008258|0.00006303|0.00006307|0.00009370|0.00006817|0.00005554|0.00007912|0.00007611
tr_external_uz_dvbt_f482_r05,98,7719,DVB-T,0.5178243517875671,0.5178243517875671,LTE,0.999867357313633,7.916605682112277e-05,0,8,0,False,only_4096_correct,LTE|LTE|LTE|LTE|LTE|LTE|LTE|LTE,0.99981660|0.99989116|0.99986982|0.99988377|0.99989939|0.99985945|0.99986172|0.99985695,0.00011371|0.00006598|0.00007584|0.00006822|0.00006020|0.00008383|0.00008095|0.00008459
tr_external_uz_dvbt_f482_r05,99,7720,DVB-T,0.9675631523132324,0.9675631523132324,LTE,0.9998580738902092,8.406021970586153e-05,0,8,0,False,only_4096_correct,LTE|LTE|LTE|LTE|LTE|LTE|LTE|LTE,0.99987853|0.99986458|0.99987066|0.99981695|0.99985874|0.99986362|0.99986994|0.99984157,0.00007126|0.00007945|0.00007578|0.00011202|0.00008405|0.00008059|0.00007588|0.00009346
tr_external_uz_dvbt_f482_r05,100,7721,LTE,0.8027309775352478,0.19310785830020905,LTE,0.9998564049601555,8.557433557143668e-05,0,8,0,False,both_wrong,LTE|LTE|LTE|LTE|LTE|LTE|LTE|LTE,0.99987328|0.99985361|0.99988961|0.99983013|0.99988282|0.99986541|0.99986339|0.99979299,0.00007349|0.00008420|0.00006607|0.00010524|0.00006894|0.00008108|0.00007961|0.00012597
tr_external_uz_dvbt_f482_r05,101,7722,LTE,0.7270188927650452,0.2682221233844757,LTE,0.9998511970043182,8.98954667718499e-05,0,8,0,False,both_wrong,LTE|LTE|LTE|LTE|LTE|LTE|LTE|LTE,0.99987769|0.99981052|0.99986899|0.99983490|0.99987411|0.99988532|0.99984705|0.99981099,0.00007396|0.00011542|0.00007926|0.00010231|0.00007318|0.00006780|0.00009321|0.00011402
tr_external_uz_dvbt_f482_r05,102,7723,DVB-T,0.5795325636863708,0.5795325636863708,LTE,0.9998501315712929,9.026369843923021e-05,0,8,0,False,only_4096_correct,LTE|LTE|LTE|LTE|LTE|LTE|LTE|LTE,0.99985790|0.99981433|0.99982196|0.99987245|0.99981123|0.99988973|0.99985909|0.99987435,0.00008290|0.00011624|0.00010842|0.00007526|0.00011720|0.00006478|0.00008269|0.00007462
tr_external_uz_dvbt_f482_r05,103,7724,DVB-T,0.9051934480667114,0.9051934480667114,LTE,0.999864935874939,7.964025189721724e-05,0,8,0,False,only_4096_correct,LTE|LTE|LTE|LTE|LTE|LTE|LTE|LTE,0.99986541|0.99987364|0.99987411|0.99985492|0.99986994|0.99983454|0.99987471|0.99987221,0.00007758|0.00007397|0.00007443|0.00008650|0.00007819|0.00009773|0.00007416|0.00007457
tr_external_uz_dvbt_f482_r05,104,7725,LTE,0.9271013736724854,0.07040143013000488,LTE,0.9998816698789597,7.060415146042942e-05,0,8,0,False,both_wrong,LTE|LTE|LTE|LTE|LTE|LTE|LTE|LTE,0.99988163|0.99985886|0.99989271|0.99989831|0.99986386|0.99989200|0.99985600|0.99991000,0.00006986|0.00008182|0.00006585|0.00006082|0.00008259|0.00006364|0.00008589|0.00005437
tr_external_uz_dvbt_f482_r05,105,7726,DVB-T,0.6509393453598022,0.6509393453598022,LTE,0.9998740404844284,7.480424483219394e-05,0,8,0,False,only_4096_correct,LTE|LTE|LTE|LTE|LTE|LTE|LTE|LTE,0.99983454|0.99989223|0.99990416|0.99987888|0.99987113|0.99987161|0.99987137|0.99986839,0.00009500|0.00006396|0.00005789|0.00007240|0.00007618|0.00007494|0.00007883|0.00007924
tr_external_uz_dvbt_f482_r05,106,7727,DVB-T,0.9399229884147644,0.9399229884147644,LTE,0.9998444244265556,9.337640221929178e-05,0,8,0,False,only_4096_correct,LTE|LTE|LTE|LTE|LTE|LTE|LTE|LTE,0.99988604|0.99984956|0.99978536|0.99988794|0.99980205|0.99987662|0.99984682|0.99982101,0.00006747|0.00008812|0.00013468|0.00006637|0.00012276|0.00007359|0.00008705|0.00010698
tr_external_uz_dvbt_f482_r05,107,7728,DVB-T,0.9351455569267273,0.9351455569267273,LTE,0.9998752027750015,7.315769425986218e-05,0,8,0,False,only_4096_correct,LTE|LTE|LTE|LTE|LTE|LTE|LTE|LTE,0.99987411|0.99987936|0.99988008|0.99987745|0.99986732|0.99990225|0.99986970|0.99985135,0.00007442|0.00007059|0.00007080|0.00007226|0.00007679|0.00005864|0.00007612|0.00008563
tr_external_uz_dvbt_f482_r05,108,7729,DVB-T,0.8889567852020264,0.8889567852020264,LTE,0.9998671263456345,7.974558411660837e-05,0,8,0,False,only_4096_correct,LTE|LTE|LTE|LTE|LTE|LTE|LTE|LTE,0.99986660|0.99987245|0.99987841|0.99986768|0.99988639|0.99984586|0.99987113|0.99984848,0.00007994|0.00007548|0.00007101|0.00007611|0.00006913|0.00009543|0.00007710|0.00009377
tr_external_uz_dvbt_f482_r05,109,7730,LTE,0.5520152449607849,0.4431700110435486,LTE,0.9998537972569466,8.7367810010619e-05,0,8,0,False,both_wrong,LTE|LTE|LTE|LTE|LTE|LTE|LTE|LTE,0.99981731|0.99988830|0.99985862|0.99985194|0.99983084|0.99985290|0.99983215|0.99989831,0.00010872|0.00006677|0.00008634|0.00008882|0.00009965|0.00008839|0.00009893|0.00006134
tr_external_uz_dvbt_f482_r05,110,7731,LTE,0.9841634631156921,0.014729706570506096,LTE,0.9998597055673599,8.381948737223865e-05,0,8,0,False,both_wrong,LTE|LTE|LTE|LTE|LTE|LTE|LTE|LTE,0.99988055|0.99982858|0.99988532|0.99983692|0.99988317|0.99984753|0.99987113|0.99984443,0.00007239|0.00010333|0.00006831|0.00010091|0.00006933|0.00008786|0.00007666|0.00009176
tr_external_uz_dvbt_f482_r05,111,7732,DVB-T,0.5875908732414246,0.5875908732414246,LTE,0.999861553311348,8.26340401545167e-05,0,8,0,False,only_4096_correct,LTE|LTE|LTE|LTE|LTE|LTE|LTE|LTE,0.99988008|0.99984133|0.99987161|0.99984276|0.99987221|0.99989140|0.99985063|0.99984241,0.00007049|0.00009534|0.00007580|0.00009617|0.00007524|0.00006478|0.00009276|0.00009050
tr_external_uz_dvbt_f482_r05,112,7733,LTE,0.817517876625061,0.17918497323989868,LTE,0.9998722076416016,7.605982273162226e-05,0,8,0,False,both_wrong,LTE|LTE|LTE|LTE|LTE|LTE|LTE|LTE,0.99989665|0.99988413|0.99985683|0.99990249|0.99984765|0.99986899|0.99984288|0.99987805,0.00006195|0.00007094|0.00008298|0.00005880|0.00009157|0.00007650|0.00009339|0.00007236
tr_external_uz_dvbt_f482_r05,113,7734,DVB-T,0.6326466202735901,0.6326466202735901,LTE,0.9998722523450851,7.532837116741575e-05,0,8,0,False,only_4096_correct,LTE|LTE|LTE|LTE|LTE|LTE|LTE|LTE,0.99988663|0.99987435|0.99989545|0.99985957|0.99988914|0.99983382|0.99986935|0.99986970,0.00006662|0.00007541|0.00006253|0.00008308|0.00006593|0.00009504|0.00007566|0.00007836
tr_external_uz_dvbt_f482_r05,114,7735,LTE,0.9469894766807556,0.05081858113408089,LTE,0.999856524169445,8.520606570527889e-05,0,8,0,False,both_wrong,LTE|LTE|LTE|LTE|LTE|LTE|LTE|LTE,0.99982256|0.99988091|0.99983180|0.99986207|0.99987662|0.99983370|0.99989593|0.99984860,0.00010532|0.00006985|0.00009774|0.00008171|0.00007239|0.00010012|0.00006227|0.00009225
tr_external_uz_dvbt_f482_r05,115,7736,DVB-T,0.7048275470733643,0.7048275470733643,LTE,0.9998604729771614,8.202186472772155e-05,0,8,0,False,only_4096_correct,LTE|LTE|LTE|LTE|LTE|LTE|LTE|LTE,0.99987590|0.99986899|0.99985480|0.99986732|0.99982733|0.99987221|0.99984872|0.99986851,0.00007366|0.00007637|0.00008427|0.00007623|0.00010267|0.00007621|0.00008821|0.00007856
tr_external_uz_dvbt_f482_r05,116,7737,LTE,0.6820228099822998,0.31331247091293335,LTE,0.999859593808651,8.36213930597296e-05,0,8,0,False,both_wrong,LTE|LTE|LTE|LTE|LTE|LTE|LTE|LTE,0.99987996|0.99980587|0.99986553|0.99987495|0.99987495|0.99985790|0.99987078|0.99984682,0.00007166|0.00011890|0.00007731|0.00007444|0.00007408|0.00008366|0.00007536|0.00009357
tr_external_uz_dvbt_f482_r05,117,7738,LTE,0.9113075733184814,0.08589617908000946,LTE,0.9998508393764496,8.89529028427205e-05,0,8,0,False,both_wrong,LTE|LTE|LTE|LTE|LTE|LTE|LTE|LTE,0.99986744|0.99982136|0.99986839|0.99983764|0.99987304|0.99986339|0.99980575|0.99986970,0.00007813|0.00010837|0.00007688|0.00009485|0.00007567|0.00008038|0.00012135|0.00007599
tr_external_uz_dvbt_f482_r05,118,7739,DVB-T,0.662197470664978,0.662197470664978,LTE,0.9998235628008842,0.00010812339678523131,0,8,0,False,only_4096_correct,LTE|LTE|LTE|LTE|LTE|LTE|LTE|LTE,0.99972945|0.99987900|0.99985504|0.99983335|0.99986196|0.99982148|0.99983633|0.99977189,0.00016981|0.00007310|0.00008950|0.00010215|0.00008116|0.00010796|0.00009710|0.00014420
tr_external_uz_dvbt_f482_r05,119,7740,LTE,0.9736425280570984,0.025032049044966698,LTE,0.9998414516448975,9.609246171748964e-05,0,8,0,False,both_wrong,LTE|LTE|LTE|LTE|LTE|LTE|LTE|LTE,0.99984658|0.99988735|0.99984741|0.99988019|0.99985123|0.99981230|0.99983799|0.99976856,0.00008906|0.00006936|0.00009364|0.00007014|0.00008928|0.00011266|0.00010016|0.00014444
tr_external_uz_dvbt_f482_r05,120,7741,LTE,0.8377718925476074,0.15864332020282745,LTE,0.9998592063784599,8.314637670991942e-05,0,8,0,False,both_wrong,LTE|LTE|LTE|LTE|LTE|LTE|LTE|LTE,0.99986625|0.99986672|0.99979717|0.99986184|0.99986422|0.99988985|0.99984634|0.99988127,0.00007951|0.00007739|0.00012435|0.00007827|0.00008018|0.00006550|0.00008921|0.00007077
tr_external_uz_dvbt_f482_r05,121,7742,LTE,0.5501511693000793,0.44453543424606323,LTE,0.9998554214835167,8.622453060525004e-05,0,8,0,False,both_wrong,LTE|LTE|LTE|LTE|LTE|LTE|LTE|LTE,0.99984884|0.99980909|0.99984348|0.99986494|0.99986696|0.99983954|0.99988663|0.99988389,0.00008974|0.00011404|0.00009412|0.00008018|0.00007929|0.00009650|0.00006704|0.00006889
tr_external_uz_dvbt_f482_r05,122,7743,LTE,0.9749455451965332,0.02392314374446869,LTE,0.9998696595430374,7.793933127686614e-05,0,8,0,False,both_wrong,LTE|LTE|LTE|LTE|LTE|LTE|LTE|LTE,0.99986219|0.99983001|0.99985766|0.99988437|0.99988699|0.99986577|0.99988043|0.99988985,0.00008245|0.00010243|0.00008533|0.00006865|0.00006759|0.00007969|0.00007191|0.00006546
tr_external_uz_dvbt_f482_r05,123,7744,DVB-T,0.6401130557060242,0.6401130557060242,LTE,0.9998590126633644,8.439206521870801e-05,0,8,0,False,only_4096_correct,LTE|LTE|LTE|LTE|LTE|LTE|LTE|LTE,0.99987447|0.99988151|0.99988747|0.99985850|0.99978834|0.99983704|0.99989343|0.99985135,0.00007366|0.00006962|0.00006626|0.00008580|0.00013491|0.00009300|0.00006365|0.00008825
tr_external_uz_dvbt_f482_r05,124,7745,LTE,0.5629811882972717,0.4317961037158966,LTE,0.9998662620782852,7.955572164064506e-05,0,8,0,False,both_wrong,LTE|LTE|LTE|LTE|LTE|LTE|LTE|LTE,0.99988294|0.99984574|0.99986815|0.99985194|0.99989510|0.99987221|0.99988461|0.99982941,0.00006943|0.00009188|0.00007723|0.00008903|0.00006254|0.00007367|0.00007008|0.00010259
tr_external_uz_dvbt_f482_r05,125,7746,LTE,0.6616109609603882,0.3334755301475525,LTE,0.9998391196131706,9.567830875312211e-05,0,8,0,False,both_wrong,LTE|LTE|LTE|LTE|LTE|LTE|LTE|LTE,0.99984622|0.99987400|0.99984968|0.99988508|0.99985242|0.99983871|0.99973625|0.99983060,0.00009157|0.00007315|0.00008647|0.00006813|0.00008720|0.00009269|0.00016369|0.00010252
tr_external_uz_dvbt_f482_r05,126,7747,LTE,0.708778440952301,0.28655827045440674,LTE,0.9998371228575706,9.721511196403299e-05,0,8,0,False,both_wrong,LTE|LTE|LTE|LTE|LTE|LTE|LTE|LTE,0.99980611|0.99985504|0.99985218|0.99981815|0.99979109|0.99987042|0.99985099|0.99985301,0.00011046|0.00008670|0.00008789|0.00011111|0.00012740|0.00007919|0.00008762|0.00008734
tr_external_uz_dvbt_f482_r05,127,7748,DVB-T,0.6807274222373962,0.6807274222373962,LTE,0.9997829496860504,0.00013583309737441596,0,8,0,False,only_4096_correct,LTE|LTE|LTE|LTE|LTE|LTE|LTE|LTE,0.99978667|0.99977165|0.99979168|0.99980408|0.99987173|0.99976200|0.99981910|0.99965668,0.00013177|0.00014031|0.00013167|0.00011788|0.00007839|0.00014629|0.00011122|0.00022913
tr_external_uz_dvbt_f482_r05,128,7749,LTE,0.9219151139259338,0.07555478811264038,LTE,0.999751977622509,0.00015873163920332445,0,8,0,False,both_wrong,LTE|LTE|LTE|LTE|LTE|LTE|LTE|LTE,0.99931383|0.99975640|0.99985290|0.99974686|0.99983132|0.99984670|0.99981064|0.99985719,0.00047271|0.00015327|0.00008775|0.00015894|0.00010509|0.00009364|0.00011436|0.00008410
tr_external_uz_dvbt_f482_r05,129,7750,LTE,0.7868762016296387,0.20911221206188202,LTE,0.9997376203536987,0.00016933066945057362,0,8,0,False,both_wrong,LTE|LTE|LTE|LTE|LTE|LTE|LTE|LTE,0.99978381|0.99978548|0.99975783|0.99982280|0.99985814|0.99921501|0.99982929|0.99984860,0.00013675|0.00013275|0.00015406|0.00010049|0.00008446|0.00055710|0.00009869|0.00009035
tr_external_uz_dvbt_f482_r05,130,7751,LTE,0.9720190763473511,0.026579909026622772,LTE,0.9998362213373184,9.933748151524924e-05,0,8,0,False,both_wrong,LTE|LTE|LTE|LTE|LTE|LTE|LTE|LTE,0.99984252|0.99985731|0.99985969|0.99984610|0.99976033|0.99984062|0.99981982|0.99986339,0.00009632|0.00008565|0.00008359|0.00009445|0.00014582|0.00009330|0.00011211|0.00008346
tr_external_uz_dvbt_f482_r05,131,7752,LTE,0.9716350436210632,0.02681257762014866,LTE,0.9998362883925438,9.873975068330765e-05,0,8,0,False,both_wrong,LTE|LTE|LTE|LTE|LTE|LTE|LTE|LTE,0.99983501|0.99985373|0.99985731|0.99983430|0.99985993|0.99982822|0.99974149|0.99988031,0.00010148|0.00008894|0.00008739|0.00009650|0.00008549|0.00010622|0.00015387|0.00007003
tr_external_uz_dvbt_f482_r05,132,7753,DVB-T,0.5602636337280273,0.5602636337280273,LTE,0.9998541101813316,8.710583188076271e-05,0,8,0,False,only_4096_correct,LTE|LTE|LTE|LTE|LTE|LTE|LTE|LTE,0.99987102|0.99986827|0.99983037|0.99979669|0.99983680|0.99987173|0.99988425|0.99987376,0.00007841|0.00007969|0.00010272|0.00012332|0.00009366|0.00007454|0.00006876|0.00007575
tr_external_uz_dvbt_f482_r05,133,7754,DVB-T,0.6103728413581848,0.6103728413581848,LTE,0.9998411536216736,9.537841560813831e-05,0,8,0,False,only_4096_correct,LTE|LTE|LTE|LTE|LTE|LTE|LTE|LTE,0.99983442|0.99988258|0.99983823|0.99982613|0.99985409|0.99976689|0.99986386|0.99986303,0.00009684|0.00007056|0.00009561|0.00010615|0.00008680|0.00014514|0.00008021|0.00008172
tr_external_uz_dvbt_f482_r05,134,7755,LTE,0.7703239917755127,0.2256360948085785,LTE,0.999846376478672,9.046544619195629e-05,0,8,0,False,both_wrong,LTE|LTE|LTE|LTE|LTE|LTE|LTE|LTE,0.99984300|0.99985397|0.99985707|0.99983203|0.99981707|0.99986005|0.99986577|0.99984205,0.00009165|0.00008683|0.00008149|0.00010249|0.00010510|0.00008044|0.00007861|0.00009711
tr_external_uz_dvbt_f482_r05,135,7756,LTE,0.8024984002113342,0.19337822496891022,LTE,0.9998570755124092,8.545614491595188e-05,0,8,0,False,both_wrong,LTE|LTE|LTE|LTE|LTE|LTE|LTE|LTE,0.99987972|0.99986267|0.99986660|0.99984515|0.99987078|0.99987042|0.99981827|0.99984300,0.00007261|0.00008094|0.00007846|0.00009504|0.00007725|0.00007566|0.00011029|0.00009341
tr_external_uz_dvbt_f482_r05,136,7757,LTE,0.8281932473182678,0.16797909140586853,LTE,0.9998387470841408,9.794549623620696e-05,0,8,0,False,both_wrong,LTE|LTE|LTE|LTE|LTE|LTE|LTE|LTE,0.99988031|0.99982721|0.99985671|0.99987841|0.99981183|0.99978060|0.99983776|0.99983716,0.00007250|0.00010602|0.00008781|0.00007186|0.00011737|0.00013426|0.00009329|0.00010045
tr_external_uz_dvbt_f482_r05,137,7758,LTE,0.7461474537849426,0.24941429495811462,LTE,0.9998098835349083,0.00011578070643736282,0,8,0,False,both_wrong,LTE|LTE|LTE|LTE|LTE|LTE|LTE|LTE,0.99976319|0.99983191|0.99982673|0.99980575|0.99973589|0.99987018|0.99983001|0.99981540,0.00014437|0.00010029|0.00010590|0.00012207|0.00016463|0.00007781|0.00010338|0.00010780
tr_external_uz_dvbt_f482_r05,138,7759,LTE,0.9009798169136047,0.09610369056463242,LTE,0.9998279809951782,0.0001040235747495899,0,8,0,False,both_wrong,LTE|LTE|LTE|LTE|LTE|LTE|LTE|LTE,0.99971718|0.99986482|0.99984622|0.99978966|0.99984920|0.99983752|0.99986470|0.99985456,0.00017750|0.00008027|0.00009137|0.00013165|0.00009031|0.00009402|0.00008314|0.00008393
tr_external_uz_dvbt_f482_r05,139,7760,LTE,0.8876452445983887,0.1092739924788475,LTE,0.9998265579342842,0.00010524070876272162,0,8,0,False,both_wrong,LTE|LTE|LTE|LTE|LTE|LTE|LTE|LTE,0.99987745|0.99980932|0.99985981|0.99983251|0.99975806|0.99984097|0.99979228|0.99984205,0.00007451|0.00011347|0.00008570|0.00009969|0.00015273|0.00009605|0.00012638|0.00009339
tr_external_uz_dvbt_f482_r05,140,7761,LTE,0.8814707398414612,0.11535188555717468,LTE,0.9997968599200249,0.00012597137083503185,0,8,0,False,both_wrong,LTE|LTE|LTE|LTE|LTE|LTE|LTE|LTE,0.99982882|0.99981922|0.99963617|0.99985003|0.99981147|0.99983692|0.99975449|0.99983776,0.00010395|0.00011179|0.00024219|0.00008874|0.00011632|0.00009801|0.00015609|0.00009066
tr_external_uz_dvbt_f482_r05,141,7762,LTE,0.7471720576286316,0.2482789009809494,LTE,0.9997949004173279,0.00012645095375773963,0,8,0,False,both_wrong,LTE|LTE|LTE|LTE|LTE|LTE|LTE|LTE,0.99983764|0.99971396|0.99981254|0.99983299|0.99985993|0.99975520|0.99983752|0.99970943,0.00009928|0.00017637|0.00011500|0.00009648|0.00008691|0.00015813|0.00009747|0.00018197
tr_external_uz_dvbt_f482_r05,142,7763,LTE,0.6430221796035767,0.35209640860557556,LTE,0.9998045787215233,0.0001174350327346474,0,8,0,False,both_wrong,LTE|LTE|LTE|LTE|LTE|LTE|LTE|LTE,0.99982625|0.99981648|0.99983549|0.99980313|0.99980789|0.99982315|0.99969304|0.99983120,0.00010009|0.00011390|0.00010043|0.00011322|0.00011562|0.00010189|0.00019606|0.00009827
tr_external_uz_dvbt_f482_r05,143,7764,DVB-T,0.8857671022415161,0.8857671022415161,LTE,0.9997926205396652,0.00012739025169139495,0,8,0,False,only_4096_correct,LTE|LTE|LTE|LTE|LTE|LTE|LTE|LTE,0.99982375|0.99981230|0.99982762|0.99980861|0.99977320|0.99959916|0.99987090|0.99982542,0.00010844|0.00011085|0.00009914|0.00010997|0.00014292|0.00026280|0.00007789|0.00010711
tr_external_uz_dvbt_f482_r05,144,7765,LTE,0.5025970935821533,0.4924149215221405,LTE,0.9997619614005089,0.00014896722495905124,0,8,0,False,both_wrong,LTE|LTE|LTE|LTE|LTE|LTE|LTE|LTE,0.99954212|0.99982339|0.99983382|0.99967229|0.99975079|0.99983418|0.99982822|0.99981087,0.00029928|0.00010978|0.00010158|0.00021134|0.00015406|0.00010171|0.00010422|0.00010977
tr_external_uz_dvbt_f482_r05,145,7766,DVB-T,0.7737664580345154,0.7737664580345154,LTE,0.9998052716255188,0.0001202339090013993,0,8,0,False,only_4096_correct,LTE|LTE|LTE|LTE|LTE|LTE|LTE|LTE,0.99968112|0.99980921|0.99983370|0.99982256|0.99983847|0.99981552|0.99984980|0.99979180,0.00021135|0.00011902|0.00009753|0.00010524|0.00009634|0.00011203|0.00009250|0.00012787
tr_external_uz_dvbt_f482_r05,146,7767,LTE,0.8541369438171387,0.14251947402954102,LTE,0.9998429492115974,9.45144338402315e-05,0,8,0,False,both_wrong,LTE|LTE|LTE|LTE|LTE|LTE|LTE|LTE,0.99979538|0.99985731|0.99983251|0.99986386|0.99990928|0.99981755|0.99981278|0.99985492,0.00012949|0.00008250|0.00009987|0.00008016|0.00005479|0.00011248|0.00010979|0.00008705
tr_external_uz_dvbt_f482_r05,147,7768,LTE,0.933984637260437,0.06366220861673355,LTE,0.9998401924967766,9.57332986217807e-05,0,8,0,False,both_wrong,LTE|LTE|LTE|LTE|LTE|LTE|LTE|LTE,0.99987257|0.99985230|0.99985635|0.99984241|0.99971169|0.99986768|0.99984944|0.99986911,0.00007450|0.00008925|0.00008365|0.00009241|0.00017812|0.00007634|0.00009079|0.00008081
tr_external_uz_dvbt_f482_r05,148,7769,DVB-T,0.8835992813110352,0.8835992813110352,LTE,0.9998384937644005,9.626974224374862e-05,0,8,0,False,only_4096_correct,LTE|LTE|LTE|LTE|LTE|LTE|LTE|LTE,0.99986053|0.99986303|0.99985957|0.99976307|0.99987328|0.99977976|0.99989653|0.99981219,0.00008576|0.00007903|0.00008410|0.00014379|0.00007429|0.00013367|0.00006183|0.00010769
tr_external_uz_dvbt_f482_r05,149,7770,LTE,0.9577410817146301,0.04041193053126335,LTE,0.9998574554920197,8.49082789500244e-05,0,8,0,False,both_wrong,LTE|LTE|LTE|LTE|LTE|LTE|LTE|LTE,0.99983323|0.99983561|0.99988008|0.99988329|0.99986362|0.99984419|0.99984252|0.99987710,0.00009938|0.00010050|0.00007226|0.00007000|0.00008031|0.00009055|0.00009342|0.00007284
tr_external_uz_dvbt_f482_r05,150,7771,LTE,0.8380595445632935,0.15820211172103882,LTE,0.9998499155044556,8.898657961253775e-05,0,8,0,False,both_wrong,LTE|LTE|LTE|LTE|LTE|LTE|LTE|LTE,0.99985015|0.99983442|0.99983335|0.99984133|0.99988174|0.99984467|0.99983299|0.99988067,0.00008825|0.00010183|0.00009732|0.00009304|0.00006975|0.00009336|0.00009743|0.00007091
tr_external_uz_dvbt_f482_r05,151,7772,LTE,0.5467440485954285,0.44791266322135925,LTE,0.9998573288321495,8.424184670730028e-05,0,8,0,False,both_wrong,LTE|LTE|LTE|LTE|LTE|LTE|LTE|LTE,0.99983788|0.99988163|0.99987209|0.99988270|0.99980074|0.99984658|0.99986255|0.99987447,0.00009656|0.00006919|0.00007543|0.00007005|0.00011408|0.00009197|0.00008250|0.00007416
tr_external_uz_dvbt_f482_r05,152,7773,LTE,0.8010739684104919,0.19484269618988037,LTE,0.9998528808355331,8.75683158483298e-05,0,8,0,False,both_wrong,LTE|LTE|LTE|LTE|LTE|LTE|LTE|LTE,0.99986660|0.99988031|0.99981898|0.99989843|0.99984062|0.99981946|0.99986398|0.99983466,0.00007798|0.00007066|0.00011145|0.00006066|0.00009762|0.00010362|0.00007794|0.00010060
tr_external_uz_dvbt_f482_r05,153,7774,LTE,0.9891519546508789,0.010070165619254112,LTE,0.999855525791645,8.577027529099723e-05,0,8,0,False,both_wrong,LTE|LTE|LTE|LTE|LTE|LTE|LTE|LTE,0.99984777|0.99985456|0.99987471|0.99987006|0.99988008|0.99980360|0.99987578|0.99983764,0.00008886|0.00008621|0.00007532|0.00007963|0.00007197|0.00011376|0.00007429|0.00009612
tr_external_uz_dvbt_f482_r05,154,7775,DVB-T,0.7070652842521667,0.7070652842521667,LTE,0.9998654723167419,7.95627165643964e-05,0,8,0,False,only_4096_correct,LTE|LTE|LTE|LTE|LTE|LTE|LTE|LTE,0.99989188|0.99984217|0.99987948|0.99986839|0.99985230|0.99986303|0.99987233|0.99985421,0.00006491|0.00009465|0.00007098|0.00007767|0.00008583|0.00008149|0.00007578|0.00008521
tr_external_uz_dvbt_f482_r05,155,7776,LTE,0.8386844992637634,0.15797929465770721,LTE,0.999856986105442,8.6376102444774e-05,0,8,0,False,both_wrong,LTE|LTE|LTE|LTE|LTE|LTE|LTE|LTE,0.99986827|0.99983656|0.99987257|0.99982578|0.99985588|0.99986994|0.99987924|0.99984765,0.00008063|0.00010086|0.00007560|0.00010398|0.00008644|0.00007882|0.00007208|0.00009261
tr_external_uz_dvbt_f482_r05,156,7777,LTE,0.6618250012397766,0.3331848978996277,LTE,0.9998579025268555,8.404416712437524e-05,0,8,0,False,both_wrong,LTE|LTE|LTE|LTE|LTE|LTE|LTE|LTE,0.99983859|0.99986792|0.99983895|0.99986374|0.99988580|0.99984431|0.99984801|0.99987590,0.00009046|0.00007815|0.00009472|0.00008350|0.00006914|0.00009097|0.00009149|0.00007394
tr_external_uz_dvbt_f482_r05,157,7778,LTE,0.9737711548805237,0.024880515411496162,LTE,0.9998475164175034,9.180468714475865e-05,0,8,0,False,both_wrong,LTE|LTE|LTE|LTE|LTE|LTE|LTE|LTE,0.99983883|0.99987388|0.99980360|0.99985373|0.99982291|0.99987817|0.99986970|0.99983931,0.00009881|0.00007487|0.00011680|0.00008877|0.00010874|0.00007311|0.00007703|0.00009631
tr_external_uz_dvbt_f482_r05,158,7779,LTE,0.9355692863464355,0.06225958466529846,LTE,0.9998495429754257,9.046776813192992e-05,0,8,0,False,both_wrong,LTE|LTE|LTE|LTE|LTE|LTE|LTE|LTE,0.99987960|0.99986351|0.99982774|0.99985719|0.99987829|0.99984562|0.99982351|0.99982089,0.00007247|0.00008162|0.00010433|0.00008341|0.00007322|0.00009398|0.00010758|0.00010712
tr_external_uz_dvbt_f482_r05,159,7780,LTE,0.969651997089386,0.02900829166173935,LTE,0.9998446851968765,9.339717144030146e-05,0,8,0,False,both_wrong,LTE|LTE|LTE|LTE|LTE|LTE|LTE|LTE,0.99986422|0.99981660|0.99986839|0.99980003|0.99985683|0.99985445|0.99986112|0.99983585,0.00008071|0.00010620|0.00007726|0.00012471|0.00008739|0.00008783|0.00008331|0.00009976
tr_external_uz_dvbt_f482_r05,160,7781,LTE,0.8544832468032837,0.14192649722099304,LTE,0.9998495802283287,8.824586166156223e-05,0,8,0,False,both_wrong,LTE|LTE|LTE|LTE|LTE|LTE|LTE|LTE,0.99984229|0.99982208|0.99988449|0.99983120|0.99986124|0.99983227|0.99984479|0.99987829,0.00009192|0.00010050|0.00006934|0.00010521|0.00008284|0.00009412|0.00009025|0.00007180
tr_external_uz_dvbt_f482_r05,161,7782,LTE,0.9939272403717041,0.005499891005456448,LTE,0.999852143228054,8.970112867245916e-05,0,8,0,False,both_wrong,LTE|LTE|LTE|LTE|LTE|LTE|LTE|LTE,0.99987376|0.99977845|0.99984229|0.99985158|0.99983323|0.99988830|0.99986899|0.99988055,0.00007717|0.00014047|0.00009317|0.00009212|0.00010132|0.00006657|0.00007622|0.00007057
tr_external_uz_dvbt_f482_r05,162,7783,DVB-T,0.5003794431686401,0.5003794431686401,LTE,0.9998448714613914,9.325516020908253e-05,0,8,0,False,only_4096_correct,LTE|LTE|LTE|LTE|LTE|LTE|LTE|LTE,0.99983561|0.99987209|0.99986649|0.99986184|0.99986589|0.99983871|0.99985218|0.99976617,0.00010246|0.00007397|0.00008194|0.00008103|0.00007993|0.00009900|0.00008662|0.00014109
tr_external_uz_dvbt_f482_r05,163,7784,LTE,0.9395026564598083,0.05860471725463867,LTE,0.9998768791556358,7.3996235641971e-05,0,8,0,False,both_wrong,LTE|LTE|LTE|LTE|LTE|LTE|LTE|LTE,0.99988329|0.99987411|0.99989212|0.99989963|0.99981898|0.99986839|0.99989033|0.99988818,0.00006933|0.00007537|0.00006443|0.00006005|0.00011188|0.00007905|0.00006511|0.00006676
tr_external_uz_dvbt_f482_r05,164,7785,LTE,0.9952259063720703,0.004358744714409113,LTE,0.9998737871646881,7.503122469643131e-05,0,8,0,False,both_wrong,LTE|LTE|LTE|LTE|LTE|LTE|LTE|LTE,0.99988317|0.99987841|0.99989760|0.99984586|0.99985766|0.99988449|0.99987900|0.99986410,0.00006853|0.00007332|0.00006132|0.00009471|0.00008117|0.00006826|0.00007463|0.00007831
tr_external_uz_dvbt_f482_r05,165,7786,DVB-T,0.6610509157180786,0.6610509157180786,LTE,0.9998753517866135,7.47701078580576e-05,0,8,0,False,only_4096_correct,LTE|LTE|LTE|LTE|LTE|LTE|LTE|LTE,0.99990201|0.99985325|0.99985588|0.99989855|0.99987888|0.99987686|0.99986887|0.99986851,0.00005884|0.00008729|0.00008945|0.00006077|0.00007148|0.00007291|0.00007771|0.00007971
tr_external_uz_dvbt_f482_r05,166,7787,DVB-T,0.9037002325057983,0.9037002325057983,LTE,0.999853253364563,8.771778266236652e-05,0,8,0,False,only_4096_correct,LTE|LTE|LTE|LTE|LTE|LTE|LTE|LTE,0.99983478|0.99989021|0.99981695|0.99987197|0.99986243|0.99987173|0.99987161|0.99980634,0.00010131|0.00006610|0.00011317|0.00007637|0.00008057|0.00007485|0.00007489|0.00011448
tr_external_uz_dvbt_f482_r05,167,7788,LTE,0.7344989776611328,0.260931134223938,LTE,0.9998548030853271,8.650848212710116e-05,0,8,0,False,both_wrong,LTE|LTE|LTE|LTE|LTE|LTE|LTE|LTE,0.99985671|0.99985969|0.99985147|0.99986386|0.99984455|0.99987626|0.99985611|0.99982977,0.00008404|0.00008240|0.00008947|0.00007782|0.00009088|0.00007418|0.00008731|0.00010598
tr_external_uz_dvbt_f482_r05,168,7789,LTE,0.6673467755317688,0.32772567868232727,LTE,0.999836876988411,9.709573077998357e-05,0,8,0,False,both_wrong,LTE|LTE|LTE|LTE|LTE|LTE|LTE|LTE,0.99986994|0.99978715|0.99987733|0.99983275|0.99984121|0.99983668|0.99986064|0.99978930,0.00007671|0.00013038|0.00007308|0.00009706|0.00009665|0.00009388|0.00008022|0.00012878
tr_external_uz_dvbt_f482_r05,169,7790,LTE,0.5358527898788452,0.4588824510574341,LTE,0.9997981265187263,0.00012641050579986768,0,8,0,False,both_wrong,LTE|LTE|LTE|LTE|LTE|LTE|LTE|LTE,0.99979621|0.99983120|0.99957699|0.99986959|0.99985528|0.99983478|0.99978524|0.99983573,0.00012100|0.00010533|0.00029144|0.00007587|0.00008815|0.00009889|0.00012934|0.00010126
tr_external_uz_dvbt_f482_r05,170,7791,LTE,0.8558007478713989,0.14077240228652954,LTE,0.9998246356844902,0.00010469300286786165,0,8,0,False,both_wrong,LTE|LTE|LTE|LTE|LTE|LTE|LTE|LTE,0.99984729|0.99979705|0.99982965|0.99982738|0.99985278|0.99980253|0.99976748|0.99987292,0.00008843|0.00012262|0.00010329|0.00010146|0.00008699|0.00011430|0.00014333|0.00007713
tr_external_uz_dvbt_f482_r05,171,7792,LTE,0.9700085520744324,0.028461385518312454,LTE,0.9998047575354576,0.00011964459372393321,0,8,0,False,both_wrong,LTE|LTE|LTE|LTE|LTE|LTE|LTE|LTE,0.99977332|0.99982721|0.99982482|0.99981743|0.99979299|0.99976653|0.99978966|0.99984610,0.00014292|0.00010186|0.00010630|0.00011431|0.00012841|0.00014641|0.00012317|0.00009376
tr_external_uz_dvbt_f482_r05,172,7793,LTE,0.8797464966773987,0.11717270314693451,LTE,0.9998417720198631,9.403220064996276e-05,0,8,0,False,both_wrong,LTE|LTE|LTE|LTE|LTE|LTE|LTE|LTE,0.99983871|0.99984992|0.99981529|0.99979192|0.99984670|0.99982136|0.99990070|0.99986959,0.00009766|0.00009166|0.00011246|0.00011736|0.00009112|0.00010604|0.00005953|0.00007642
tr_external_uz_dvbt_f482_r05,173,7794,DVB-T,0.7206843495368958,0.7206843495368958,LTE,0.9998549893498421,8.666698340675794e-05,0,8,0,False,only_4096_correct,LTE|LTE|LTE|LTE|LTE|LTE|LTE|LTE,0.99985564|0.99984932|0.99985456|0.99980909|0.99984634|0.99985564|0.99989569|0.99987364,0.00008318|0.00009053|0.00008580|0.00011427|0.00009267|0.00008858|0.00006264|0.00007568
tr_external_uz_dvbt_f482_r05,174,7795,LTE,0.6079505681991577,0.38699719309806824,LTE,0.999858558177948,8.429445824731374e-05,0,8,0,False,both_wrong,LTE|LTE|LTE|LTE|LTE|LTE|LTE|LTE,0.99985564|0.99986219|0.99987113|0.99987745|0.99986827|0.99984360|0.99984837|0.99984181,0.00008472|0.00008164|0.00007596|0.00007183|0.00007711|0.00009430|0.00009134|0.00009746
tr_external_uz_dvbt_f482_r05,175,7796,LTE,0.8492412567138672,0.14721956849098206,LTE,0.999868668615818,7.915055630292045e-05,0,8,0,False,both_wrong,LTE|LTE|LTE|LTE|LTE|LTE|LTE|LTE,0.99985909|0.99988472|0.99978644|0.99988699|0.99988568|0.99987245|0.99989676|0.99987721,0.00008546|0.00006990|0.00013193|0.00006843|0.00006803|0.00007539|0.00006139|0.00007266
tr_external_uz_dvbt_f482_r05,176,7797,LTE,0.9294607043266296,0.06879700720310211,LTE,0.9998507425189018,8.94729691935936e-05,0,8,0,False,both_wrong,LTE|LTE|LTE|LTE|LTE|LTE|LTE|LTE,0.99984813|0.99986076|0.99983740|0.99987173|0.99986827|0.99986410|0.99986398|0.99979156,0.00009169|0.00008418|0.00009818|0.00007763|0.00007954|0.00007805|0.00008103|0.00012550
tr_external_uz_dvbt_f482_r05,177,7798,LTE,0.7923645377159119,0.2036270797252655,LTE,0.9998514652252197,8.977008565125288e-05,0,8,0,False,both_wrong,LTE|LTE|LTE|LTE|LTE|LTE|LTE|LTE,0.99987912|0.99982893|0.99987793|0.99988103|0.99981755|0.99983096|0.99982005|0.99987614,0.00007235|0.00010287|0.00007294|0.00007288|0.00010985|0.00010166|0.00010968|0.00007593
tr_external_uz_dvbt_f482_r05,178,7799,LTE,0.8284221887588501,0.16797825694084167,LTE,0.9998447671532631,9.429568126506638e-05,0,8,0,False,both_wrong,LTE|LTE|LTE|LTE|LTE|LTE|LTE|LTE,0.99985719|0.99989343|0.99979895|0.99986994|0.99984217|0.99980813|0.99982017|0.99986815,0.00008453|0.00006357|0.00012420|0.00007727|0.00009745|0.00011802|0.00011127|0.00007806
tr_external_uz_dvbt_f482_r05,179,7800,LTE,0.7652016878128052,0.23059968650341034,LTE,0.9998320192098618,0.00010007511173171224,0,8,0,False,both_wrong,LTE|LTE|LTE|LTE|LTE|LTE|LTE|LTE,0.99981564|0.99982148|0.99986041|0.99986589|0.99980909|0.99981445|0.99983990|0.99982929,0.00010782|0.00010823|0.00008303|0.00007873|0.00011691|0.00011013|0.00009652|0.00009924
tr_external_uz_dvbt_f482_r05,180,7801,DVB-T,0.8576908111572266,0.8576908111572266,LTE,0.999832846224308,0.00010124360051122494,0,8,0,False,only_4096_correct,LTE|LTE|LTE|LTE|LTE|LTE|LTE|LTE,0.99978381|0.99982774|0.99985540|0.99985409|0.99982601|0.99980885|0.99985325|0.99985361,0.00013323|0.00010774|0.00008566|0.00008400|0.00010666|0.00011695|0.00008691|0.00008879
tr_external_uz_dvbt_f482_r05,181,7802,LTE,0.9075678586959839,0.08984549343585968,LTE,0.9998341649770737,9.8869052635564e-05,0,8,0,False,both_wrong,LTE|LTE|LTE|LTE|LTE|LTE|LTE|LTE,0.99984884|0.99984431|0.99987710|0.99978226|0.99981600|0.99982423|0.99980992|0.99987066,0.00008980|0.00008884|0.00007266|0.00013167|0.00011489|0.00010111|0.00011560|0.00007639
tr_external_uz_dvbt_f482_r05,182,7803,LTE,0.9799160957336426,0.018879856914281845,LTE,0.9998540803790092,8.755271392146824e-05,0,8,0,False,both_wrong,LTE|LTE|LTE|LTE|LTE|LTE|LTE|LTE,0.99988341|0.99984157|0.99988532|0.99983990|0.99985063|0.99980253|0.99986422|0.99986506,0.00006952|0.00009482|0.00006722|0.00009672|0.00009143|0.00012085|0.00008072|0.00007914
tr_external_uz_dvbt_f482_r05,183,7804,DVB-T,0.5963812470436096,0.5963812470436096,LTE,0.9998257458209991,0.00010648382976796711,0,8,0,False,only_4096_correct,LTE|LTE|LTE|LTE|LTE|LTE|LTE|LTE,0.99987257|0.99981958|0.99987543|0.99986100|0.99984884|0.99980336|0.99985814|0.99966705,0.00007465|0.00010855|0.00007503|0.00008250|0.00009065|0.00011917|0.00008741|0.00021389
tr_external_uz_dvbt_f482_r05,184,7805,LTE,0.7305789589881897,0.2648521065711975,LTE,0.999855287373066,8.666261783218943e-05,0,8,0,False,both_wrong,LTE|LTE|LTE|LTE|LTE|LTE|LTE|LTE,0.99987912|0.99975187|0.99987042|0.99983096|0.99986136|0.99988019|0.99986899|0.99989939,0.00007175|0.00015254|0.00007763|0.00010362|0.00007971|0.00007186|0.00007561|0.00006058
tr_external_uz_dvbt_f482_r05,185,7806,LTE,0.9217575788497925,0.07567839324474335,LTE,0.999864935874939,7.92899136285996e-05,0,8,0,False,both_wrong,LTE|LTE|LTE|LTE|LTE|LTE|LTE|LTE,0.99985671|0.99989951|0.99987280|0.99983108|0.99987078|0.99988222|0.99983025|0.99987614,0.00008280|0.00006014|0.00007765|0.00009792|0.00007748|0.00006920|0.00009640|0.00007272
tr_external_uz_dvbt_f482_r05,186,7807,LTE,0.9836552739143372,0.015402832999825478,LTE,0.9998643472790718,8.061379685386783e-05,0,8,0,False,both_wrong,LTE|LTE|LTE|LTE|LTE|LTE|LTE|LTE,0.99986351|0.99986279|0.99990284|0.99985552|0.99982530|0.99985528|0.99986136|0.99988818,0.00007749|0.00008022|0.00005831|0.00008882|0.00010539|0.00008472|0.00008389|0.00006606
tr_external_uz_dvbt_f482_r05,187,7808,DVB-T,0.6200751066207886,0.6200751066207886,LTE,0.99984972178936,8.978950700111454e-05,0,8,0,False,only_4096_correct,LTE|LTE|LTE|LTE|LTE|LTE|LTE|LTE,0.99986124|0.99987102|0.99984992|0.99986804|0.99982542|0.99982953|0.99982280|0.99986982,0.00008365|0.00007812|0.00008978|0.00007893|0.00009784|0.00010266|0.00011005|0.00007730
tr_external_uz_dvbt_f482_r05,188,7809,LTE,0.5457488298416138,0.4488721489906311,LTE,0.9998291432857513,0.0001030911644193111,0,8,0,False,both_wrong,LTE|LTE|LTE|LTE|LTE|LTE|LTE|LTE,0.99983466|0.99986327|0.99980456|0.99979419|0.99982697|0.99984944|0.99980348|0.99985659,0.00009995|0.00008067|0.00011540|0.00012662|0.00010694|0.00008962|0.00012240|0.00008313
tr_external_uz_dvbt_f482_r05,189,7810,LTE,0.8556221127510071,0.1409159004688263,LTE,0.9998520389199257,8.76449812494684e-05,0,8,0,False,both_wrong,LTE|LTE|LTE|LTE|LTE|LTE|LTE|LTE,0.99985456|0.99983728|0.99986291|0.99985945|0.99985349|0.99982709|0.99987090|0.99985063,0.00008908|0.00009990|0.00007953|0.00008309|0.00008735|0.00010011|0.00007559|0.00008650
tr_external_uz_dvbt_f482_r05,190,7811,LTE,0.8666686415672302,0.12999264895915985,LTE,0.9998437166213989,9.134114043263253e-05,0,8,0,False,both_wrong,LTE|LTE|LTE|LTE|LTE|LTE|LTE|LTE,0.99987686|0.99984372|0.99980205|0.99987185|0.99983847|0.99984908|0.99982601|0.99984169,0.00007229|0.00009022|0.00012143|0.00007561|0.00009397|0.00008596|0.00010057|0.00009067
tr_external_uz_dvbt_f482_r05,191,7812,LTE,0.8086572885513306,0.18764927983283997,LTE,0.999849483370781,9.046817467606161e-05,0,8,0,False,both_wrong,LTE|LTE|LTE|LTE|LTE|LTE|LTE|LTE,0.99984372|0.99986184|0.99981326|0.99987423|0.99981898|0.99982750|0.99987245|0.99988389,0.00008777|0.00008241|0.00011590|0.00007724|0.00011337|0.00010108|0.00007670|0.00006927
tr_external_uz_dvbt_f482_r05,192,7813,LTE,0.978628396987915,0.02003674954175949,LTE,0.9998493120074272,8.99368133104872e-05,0,8,0,False,both_wrong,LTE|LTE|LTE|LTE|LTE|LTE|LTE|LTE,0.99983466|0.99984086|0.99986279|0.99989402|0.99987209|0.99984074|0.99983966|0.99980968,0.00009814|0.00009426|0.00008122|0.00006292|0.00007804|0.00009209|0.00009614|0.00011668
tr_external_uz_dvbt_f482_r05,193,7814,LTE,0.8757580518722534,0.12123817950487137,LTE,0.9998601078987122,8.282684575533494e-05,0,8,0,False,both_wrong,LTE|LTE|LTE|LTE|LTE|LTE|LTE|LTE,0.99985254|0.99984717|0.99987650|0.99987996|0.99983609|0.99987900|0.99985588|0.99985373,0.00008694|0.00008879|0.00007304|0.00007203|0.00009664|0.00007259|0.00008308|0.00008952
tr_external_uz_dvbt_f482_r05,194,7815,LTE,0.9864641427993774,0.012590311467647552,LTE,0.9998731911182404,7.532436347901239e-05,0,8,0,False,both_wrong,LTE|LTE|LTE|LTE|LTE|LTE|LTE|LTE,0.99987066|0.99986720|0.99987555|0.99987662|0.99984121|0.99990547|0.99989486|0.99985397,0.00007683|0.00007930|0.00007316|0.00007229|0.00009154|0.00005688|0.00006389|0.00008871
tr_external_uz_dvbt_f482_r05,195,7816,LTE,0.617704451084137,0.37732213735580444,LTE,0.9998540803790092,8.810028793959646e-05,0,8,0,False,both_wrong,LTE|LTE|LTE|LTE|LTE|LTE|LTE|LTE,0.99983537|0.99984443|0.99988413|0.99985218|0.99983954|0.99982077|0.99989891|0.99985731,0.00009555|0.00009522|0.00006907|0.00009232|0.00009852|0.00011013|0.00006061|0.00008338
tr_external_uz_dvbt_f482_r05,196,7817,DVB-T,0.8103274703025818,0.8103274703025818,LTE,0.9998662546277046,7.889415974204894e-05,0,8,0,False,only_4096_correct,LTE|LTE|LTE|LTE|LTE|LTE|LTE|LTE,0.99986148|0.99988639|0.99987149|0.99986792|0.99982721|0.99987352|0.99987411|0.99986792,0.00008185|0.00006698|0.00007504|0.00007626|0.00010145|0.00007838|0.00007468|0.00007653
tr_external_uz_dvbt_f482_r05,197,7818,LTE,0.958912193775177,0.03939426317811012,LTE,0.999863438308239,8.099752994894516e-05,0,8,0,False,both_wrong,LTE|LTE|LTE|LTE|LTE|LTE|LTE|LTE,0.99987042|0.99987555|0.99986911|0.99982196|0.99988163|0.99987614|0.99986887|0.99984384,0.00007615|0.00007236|0.00007889|0.00010838|0.00007058|0.00007269|0.00007610|0.00009283
tr_external_uz_dvbt_f482_r05,198,7819,DVB-T,0.8381496071815491,0.8381496071815491,LTE,0.999866247177124,7.925819681986468e-05,0,8,0,False,only_4096_correct,LTE|LTE|LTE|LTE|LTE|LTE|LTE|LTE,0.99988532|0.99987328|0.99986994|0.99986017|0.99988413|0.99985456|0.99986672|0.99983585,0.00006833|0.00007375|0.00007847|0.00008158|0.00006816|0.00008795|0.00008159|0.00009423
tr_external_uz_dvbt_f482_r05,199,7820,LTE,0.6489501595497131,0.34606194496154785,LTE,0.9998648092150688,8.057837749220198e-05,0,8,0,False,both_wrong,LTE|LTE|LTE|LTE|LTE|LTE|LTE|LTE,0.99989212|0.99987519|0.99986625|0.99987733|0.99984717|0.99985170|0.99988270|0.99982601,0.00006444|0.00007305|0.00008168|0.00007155|0.00009137|0.00008723|0.00007025|0.00010506
tr_external_uz_dvbt_f482_r05,200,7821,DVB-T,0.9125804901123047,0.9125804901123047,LTE,0.9998638331890106,8.01349606263102e-05,0,8,0,False,only_4096_correct,LTE|LTE|LTE|LTE|LTE|LTE|LTE|LTE,0.99989474|0.99987483|0.99984908|0.99986303|0.99987912|0.99984622|0.99984813|0.99985552,0.00006336|0.00007266|0.00008594|0.00007890|0.00007289|0.00009317|0.00008849|0.00008567
tr_external_uz_dvbt_f482_r05,201,7822,LTE,0.9354913234710693,0.06220996752381325,LTE,0.9998622462153435,8.220703466577106e-05,0,8,0,False,both_wrong,LTE|LTE|LTE|LTE|LTE|LTE|LTE|LTE,0.99986458|0.99986541|0.99985862|0.99990249|0.99983692|0.99988925|0.99987757|0.99980313,0.00008019|0.00008062|0.00008226|0.00005847|0.00010058|0.00006533|0.00007389|0.00011632
tr_external_uz_dvbt_f482_r05,202,7823,LTE,0.5670113563537598,0.427680641412735,LTE,0.999858096241951,8.486328079015948e-05,0,8,0,False,both_wrong,LTE|LTE|LTE|LTE|LTE|LTE|LTE|LTE,0.99987900|0.99987090|0.99988091|0.99988079|0.99983168|0.99981135|0.99989176|0.99981838,0.00007420|0.00007445|0.00006975|0.00007100|0.00009619|0.00011636|0.00006444|0.00011253
tr_external_uz_dvbt_f482_r05,203,7824,DVB-T,0.6200801134109497,0.6200801134109497,LTE,0.9998546466231346,8.620301014161669e-05,0,8,0,False,only_4096_correct,LTE|LTE|LTE|LTE|LTE|LTE|LTE|LTE,0.99984229|0.99986529|0.99988198|0.99985874|0.99988616|0.99982798|0.99981254|0.99986219,0.00009302|0.00007758|0.00007011|0.00008393|0.00006842|0.00010538|0.00011166|0.00007952
tr_external_uz_dvbt_f482_r05,204,7825,LTE,0.5674790143966675,0.4272778332233429,LTE,0.9998408630490303,9.693591346149333e-05,0,8,0,False,both_wrong,LTE|LTE|LTE|LTE|LTE|LTE|LTE|LTE,0.99983621|0.99989283|0.99982637|0.99988103|0.99988651|0.99987757|0.99964392|0.99988246,0.00010023|0.00006365|0.00010696|0.00007101|0.00006783|0.00007258|0.00022442|0.00006880
tr_external_uz_dvbt_f482_r05,205,7826,LTE,0.9896742701530457,0.009605002589523792,LTE,0.9998650625348091,8.162663971233997e-05,0,8,0,False,both_wrong,LTE|LTE|LTE|LTE|LTE|LTE|LTE|LTE,0.99987459|0.99978203|0.99990225|0.99989343|0.99987102|0.99988043|0.99985671|0.99986005,0.00007640|0.00013545|0.00005856|0.00006327|0.00007767|0.00007077|0.00008845|0.00008246
tr_external_uz_dvbt_f482_r05,206,7827,LTE,0.7880514860153198,0.2082851529121399,LTE,0.9998643100261688,8.093231917882804e-05,0,8,0,False,both_wrong,LTE|LTE|LTE|LTE|LTE|LTE|LTE|LTE,0.99984634|0.99988961|0.99983585|0.99986374|0.99986792|0.99986064|0.99991000|0.99984038,0.00008867|0.00006578|0.00010159|0.00007934|0.00008044|0.00008304|0.00005443|0.00009417
tr_external_uz_dvbt_f482_r05,207,7828,LTE,0.9979173541069031,0.0017931786132976413,LTE,0.9998661503195763,7.945499783090781e-05,0,8,0,False,both_wrong,LTE|LTE|LTE|LTE|LTE|LTE|LTE|LTE,0.99990511|0.99987888|0.99989307|0.99985194|0.99987054|0.99981683|0.99983454|0.99987829,0.00005739|0.00007226|0.00006388|0.00008499|0.00007642|0.00011328|0.00009607|0.00007134
tr_external_uz_dvbt_f482_r05,208,7829,LTE,0.898687481880188,0.09846057742834091,LTE,0.9998578950762749,8.537308713130187e-05,0,8,0,False,both_wrong,LTE|LTE|LTE|LTE|LTE|LTE|LTE|LTE,0.99987626|0.99987566|0.99977857|0.99984682|0.99988472|0.99984610|0.99989760|0.99985743,0.00007237|0.00007363|0.00014110|0.00009210|0.00006936|0.00008820|0.00006126|0.00008496
tr_external_uz_dvbt_f482_r05,209,7830,LTE,0.9970992803573608,0.002510590013116598,LTE,0.9998619332909584,8.126771808747435e-05,0,8,0,False,both_wrong,LTE|LTE|LTE|LTE|LTE|LTE|LTE|LTE,0.99989235|0.99986374|0.99988198|0.99986565|0.99983585|0.99982303|0.99988806|0.99984479,0.00006367|0.00008206|0.00006873|0.00008017|0.00009598|0.00010231|0.00006656|0.00009065
tr_external_uz_dvbt_f482_r05,210,7831,LTE,0.8738895058631897,0.12300001084804535,LTE,0.9998437985777855,9.366716312797507e-05,0,8,0,False,both_wrong,LTE|LTE|LTE|LTE|LTE|LTE|LTE|LTE,0.99984157|0.99986804|0.99982017|0.99985516|0.99982685|0.99980873|0.99986839|0.99986148,0.00009489|0.00007929|0.00010873|0.00008838|0.00010273|0.00011191|0.00007952|0.00008389
tr_external_uz_dvbt_f482_r05,211,7832,LTE,0.9550042152404785,0.043114833533763885,LTE,0.9998236522078514,0.00010463624585099751,0,8,0,False,both_wrong,LTE|LTE|LTE|LTE|LTE|LTE|LTE|LTE,0.99986088|0.99981278|0.99988389|0.99983525|0.99983048|0.99983823|0.99978584|0.99974185,0.00008210|0.00010707|0.00006821|0.00009503|0.00010176|0.00009793|0.00013041|0.00015458
tr_external_uz_dvbt_f482_r05,212,7833,LTE,0.9642185568809509,0.03421475738286972,LTE,0.9998262077569962,0.0001057842582667945,0,8,0,False,both_wrong,LTE|LTE|LTE|LTE|LTE|LTE|LTE|LTE,0.99985290|0.99980742|0.99989259|0.99977428|0.99983907|0.99977130|0.99984694|0.99982518,0.00008925|0.00011844|0.00006383|0.00014045|0.00009501|0.00014393|0.00009405|0.00010130
tr_external_uz_dvbt_f482_r05,213,7834,LTE,0.5778445601463318,0.4170849025249481,LTE,0.9997824132442474,0.00013505766673915787,0,8,0,False,both_wrong,LTE|LTE|LTE|LTE|LTE|LTE|LTE|LTE,0.99983609|0.99975878|0.99964929|0.99983561|0.99982929|0.99975628|0.99979907|0.99979490,0.00010149|0.00014949|0.00023330|0.00009996|0.00009801|0.00015323|0.00012284|0.00012214
tr_external_uz_dvbt_f482_r05,214,7835,LTE,0.9350875020027161,0.06260959804058075,LTE,0.9998003616929054,0.00012352572866802802,0,8,0,False,both_wrong,LTE|LTE|LTE|LTE|LTE|LTE|LTE|LTE,0.99965417|0.99984372|0.99974686|0.99987459|0.99975199|0.99983859|0.99981207|0.99988091,0.00022641|0.00009356|0.00015927|0.00007468|0.00015192|0.00009648|0.00011333|0.00007256
tr_external_uz_dvbt_f482_r05,215,7836,DVB-T,0.5345293879508972,0.5345293879508972,LTE,0.9998273327946663,0.00010483704227226553,0,8,0,False,only_4096_correct,LTE|LTE|LTE|LTE|LTE|LTE|LTE|LTE,0.99983764|0.99987006|0.99981576|0.99985456|0.99983478|0.99975270|0.99982327|0.99982989,0.00010014|0.00007762|0.00011536|0.00009127|0.00009539|0.00015405|0.00010373|0.00010113
tr_external_uz_dvbt_f482_r05,216,7837,LTE,0.7365250587463379,0.2590849995613098,LTE,0.9998433887958527,9.395705183123937e-05,0,8,0,False,both_wrong,LTE|LTE|LTE|LTE|LTE|LTE|LTE|LTE,0.99986470|0.99984789|0.99986100|0.99986243|0.99978882|0.99986565|0.99984157|0.99981505,0.00008187|0.00009004|0.00008275|0.00008130|0.00013041|0.00007688|0.00009575|0.00011266
tr_external_uz_dvbt_f482_r05,217,7838,LTE,0.5998889803886414,0.3954126834869385,LTE,0.9998026490211487,0.0001231936612384743,0,8,0,False,both_wrong,LTE|LTE|LTE|LTE|LTE|LTE|LTE|LTE,0.99983454|0.99979287|0.99985111|0.99982941|0.99989116|0.99953389|0.99986720|0.99982101,0.00009890|0.00012006|0.00008610|0.00010449|0.00006517|0.00032340|0.00007923|0.00010820
tr_external_uz_dvbt_f482_r05,218,7839,LTE,0.9921189546585083,0.007190666161477566,LTE,0.999854065477848,8.797618011158193e-05,0,8,0,False,both_wrong,LTE|LTE|LTE|LTE|LTE|LTE|LTE|LTE,0.99980563|0.99987996|0.99987197|0.99983287|0.99987113|0.99983859|0.99986219|0.99987018,0.00012201|0.00007109|0.00007609|0.00010330|0.00007736|0.00009631|0.00008245|0.00007520
tr_external_uz_dvbt_f482_r05,219,7840,LTE,0.7987009286880493,0.19720153510570526,LTE,0.9997926503419876,0.0001276565226362436,0,8,0,False,both_wrong,LTE|LTE|LTE|LTE|LTE|LTE|LTE|LTE,0.99984086|0.99986637|0.99981064|0.99983728|0.99968565|0.99976319|0.99980873|0.99972850,0.00009071|0.00008019|0.00011520|0.00010002|0.00020871|0.00014650|0.00011014|0.00016979
tr_external_uz_dvbt_f482_r05,220,7841,LTE,0.9915722608566284,0.007739407010376453,LTE,0.9997101053595543,0.00019527851054590428,0,8,0,False,both_wrong,LTE|LTE|LTE|LTE|LTE|LTE|LTE|LTE,0.99984598|0.99985969|0.99980050|0.99984455|0.99961948|0.99982965|0.99981385|0.99906713,0.00009144|0.00008395|0.00012663|0.00009036|0.00026305|0.00010010|0.00011348|0.00069321
tr_external_uz_dvbt_f482_r05,221,7842,LTE,0.9126047492027283,0.08474443107843399,LTE,0.9996688887476921,0.0002177925853175111,0,8,0,False,both_wrong,LTE|LTE|LTE|LTE|LTE|LTE|LTE|LTE,0.99949157|0.99984241|0.99950349|0.99980229|0.99959201|0.99969745|0.99966037|0.99976152,0.00035080|0.00009153|0.00033743|0.00012370|0.00026832|0.00019593|0.00022494|0.00014969
tr_external_uz_dvbt_f482_r05,222,7843,LTE,0.9443829655647278,0.05359091982245445,LTE,0.9995297938585281,0.00032912640199356247,0,8,0,False,both_wrong,LTE|LTE|LTE|LTE|LTE|LTE|LTE|LTE,0.99974316|0.99972552|0.99916875|0.99928552|0.99969959|0.99962759|0.99975306|0.99923515,0.00016294|0.00017432|0.00063135|0.00051233|0.00019958|0.00024595|0.00015889|0.00054765
tr_external_uz_dvbt_f482_r05,223,7844,LTE,0.9866304993629456,0.01242893934249878,LTE,0.9980878159403801,0.0015569986317132134,0,8,0,False,both_wrong,LTE|LTE|LTE|LTE|LTE|LTE|LTE|LTE,0.99977690|0.99937040|0.99971050|0.99938023|0.99974960|0.99920863|0.99924916|0.98825711,0.00013890|0.00045028|0.00018202|0.00043675|0.00016026|0.00057678|0.00055350|0.00995750
tr_external_uz_dvbt_f482_r05,224,7845,LTE,0.9068875312805176,0.09035558998584747,LTE,0.9989292696118355,0.0008239498602051754,0,8,0,False,both_wrong,LTE|LTE|LTE|LTE|LTE|LTE|LTE|LTE,0.99960440|0.99967802|0.99976379|0.99762756|0.99965858|0.99960357|0.99965322|0.99584502,0.00026693|0.00020633|0.00015043|0.00187655|0.00022192|0.00026224|0.00022582|0.00338138
tr_external_uz_dvbt_f482_r05,225,7846,LTE,0.961503803730011,0.03687605634331703,LTE,0.9869740009307861,0.012691358731899527,0,8,0,False,both_wrong,LTE|LTE|LTE|LTE|LTE|LTE|LTE|LTE,0.99974209|0.99776137|0.99950647|0.99977785|0.89980340|0.99973363|0.99982113|0.99964607,0.00016216|0.00174140|0.00033678|0.00013574|0.09864547|0.00016857|0.00010641|0.00023433
tr_external_uz_dvbt_f482_r05,226,7847,LTE,0.990774929523468,0.008436348289251328,LTE,0.9996045008301735,0.00026788443938130513,0,8,0,False,both_wrong,LTE|LTE|LTE|LTE|LTE|LTE|LTE|LTE,0.99965501|0.99981230|0.99967837|0.99959749|0.99979979|0.99969733|0.99976856|0.99882716,0.00022087|0.00010529|0.00021305|0.00026931|0.00012300|0.00019950|0.00014704|0.00086500
tr_external_uz_dvbt_f482_r05,227,7848,LTE,0.967118501663208,0.03128913789987564,LTE,0.9997894167900085,0.00013282805502967676,0,8,0,False,both_wrong,LTE|LTE|LTE|LTE|LTE|LTE|LTE|LTE,0.99979216|0.99983215|0.99982834|0.99985993|0.99984980|0.99980325|0.99950027|0.99984944,0.00012837|0.00010060|0.00010499|0.00008345|0.00008869|0.00011991|0.00034340|0.00009321
tr_external_uz_dvbt_f482_r05,228,7849,LTE,0.901903510093689,0.095305897295475,LTE,0.999809019267559,0.00011763814927689964,0,8,0,False,both_wrong,LTE|LTE|LTE|LTE|LTE|LTE|LTE|LTE,0.99982327|0.99974543|0.99975675|0.99984717|0.99982965|0.99981171|0.99984157|0.99981660,0.00010613|0.00016679|0.00015057|0.00009246|0.00010537|0.00011416|0.00009547|0.00011015
tr_external_uz_dvbt_f482_r05,229,7850,LTE,0.902106523513794,0.09513796865940094,LTE,0.9997472167015076,0.00016259331005130662,0,8,0,False,both_wrong,LTE|LTE|LTE|LTE|LTE|LTE|LTE|LTE,0.99979895|0.99983048|0.99986267|0.99982375|0.99981171|0.99982232|0.99982435|0.99920350,0.00012172|0.00010382|0.00008236|0.00010307|0.00011561|0.00010709|0.00010623|0.00056085
tr_external_uz_dvbt_f482_r05,230,7851,LTE,0.9839187860488892,0.015053553506731987,LTE,0.9994250684976578,0.0004075720571563579,0,8,0,False,both_wrong,LTE|LTE|LTE|LTE|LTE|LTE|LTE|LTE,0.99985325|0.99977297|0.99984717|0.99800128|0.99982721|0.99958438|0.99985468|0.99865961,0.00008728|0.00014104|0.00009110|0.00147448|0.00010727|0.00027741|0.00008877|0.00099323
tr_external_uz_dvbt_f482_r05,231,7852,LTE,0.9927513599395752,0.006602725945413113,LTE,0.9997778236865997,0.0001391335963489837,0,8,0,False,both_wrong,LTE|LTE|LTE|LTE|LTE|LTE|LTE|LTE,0.99983716|0.99974436|0.99981171|0.99981934|0.99977237|0.99966633|0.99969912|0.99987221,0.00009753|0.00016090|0.00011284|0.00011146|0.00014177|0.00021557|0.00019603|0.00007698
tr_external_uz_dvbt_f482_r05,232,7853,LTE,0.9959068298339844,0.003645275253802538,LTE,0.9989979192614555,0.00079052039563976,0,8,0,False,both_wrong,LTE|LTE|LTE|LTE|LTE|LTE|LTE|LTE,0.99976712|0.99974424|0.99979788|0.99974495|0.99980718|0.99360859|0.99971575|0.99979764,0.00014583|0.00016308|0.00012461|0.00016115|0.00011911|0.00530163|0.00018475|0.00012401
tr_external_uz_dvbt_f482_r05,233,7854,LTE,0.9984991550445557,0.0012721080565825105,LTE,0.9962733536958694,0.003186535494023701,0,8,0,False,both_wrong,LTE|LTE|LTE|LTE|LTE|LTE|LTE|LTE,0.99953067|0.99973339|0.99651033|0.98864973|0.99936610|0.99914610|0.98781526|0.99943525,0.00033465|0.00016770|0.00264388|0.00995829|0.00047004|0.00062947|0.01090363|0.00038462
tr_external_uz_dvbt_f482_r05,234,7855,LTE,0.958507239818573,0.03973110765218735,LTE,0.9942122772336006,0.0052669904252979904,0,8,0,False,both_wrong,LTE|LTE|LTE|LTE|LTE|LTE|LTE|LTE,0.99954778|0.99884254|0.99854350|0.99580860|0.99917620|0.96697211|0.99572742|0.99908006,0.00030799|0.00087273|0.00113199|0.00371452|0.00062106|0.03127550|0.00350904|0.00070310
tr_external_uz_dvbt_f482_r05,235,7856,LTE,0.9993888139724731,0.00047753186663612723,LTE,0.9953555762767792,0.00417725189072371,0,8,0,False,both_wrong,LTE|LTE|LTE|LTE|LTE|LTE|LTE|LTE,0.99977106|0.99817252|0.99975568|0.99739444|0.99933964|0.98069936|0.99955302|0.98815888,0.00014282|0.00140876|0.00015222|0.00216403|0.00046808|0.01829601|0.00029414|0.01049194
tr_external_uz_dvbt_f482_r05,236,7857,LTE,0.9973093271255493,0.0023850942961871624,LTE,0.9871163293719292,0.012194246959552402,0,8,0,False,both_wrong,LTE|LTE|LTE|LTE|LTE|LTE|LTE|LTE,0.99893242|0.98641986|0.99974138|0.99929428|0.99970597|0.91591030|0.99979848|0.99712795,0.00081474|0.01226064|0.00016431|0.00050326|0.00018275|0.08122786|0.00012286|0.00227755
tr_external_uz_dvbt_f482_r05,237,7858,LTE,0.9982934594154358,0.0014565372839570045,LTE,0.999627873301506,0.0002531637055653846,0,8,0,False,both_wrong,LTE|LTE|LTE|LTE|LTE|LTE|LTE|LTE,0.99974793|0.99981946|0.99967086|0.99972099|0.99932837|0.99979001|0.99908316|0.99986219,0.00016445|0.00010627|0.00022273|0.00017320|0.00048283|0.00013086|0.00066538|0.00007959
tr_external_uz_dvbt_f482_r05,238,7859,LTE,0.9788691401481628,0.01992262341082096,LTE,0.9997488781809807,0.00015850469389988575,0,8,0,False,both_wrong,LTE|LTE|LTE|LTE|LTE|LTE|LTE|LTE,0.99978429|0.99971384|0.99979085|0.99969006|0.99976999|0.99973255|0.99973553|0.99977392,0.00013922|0.00017935|0.00012798|0.00020133|0.00014753|0.00016630|0.00016682|0.00013952
tr_external_uz_dvbt_f482_r05,239,7860,LTE,0.8802459836006165,0.11667244136333466,LTE,0.9997557997703552,0.00015381571029138286,0,8,0,False,both_wrong,LTE|LTE|LTE|LTE|LTE|LTE|LTE|LTE,0.99979228|0.99971801|0.99983191|0.99973518|0.99966359|0.99981636|0.99972564|0.99976343,0.00012164|0.00017859|0.00010373|0.00016827|0.00021983|0.00011435|0.00017728|0.00014685
tr_external_uz_dvbt_f482_r05,240,7861,LTE,0.9509261250495911,0.0471235029399395,LTE,0.9997044503688812,0.00019425532445893623,0,8,0,False,both_wrong,LTE|LTE|LTE|LTE|LTE|LTE|LTE|LTE,0.99975353|0.99977177|0.99977225|0.99922037|0.99976736|0.99972433|0.99984181|0.99978417,0.00015435|0.00013941|0.00014151|0.00056730|0.00014291|0.00017761|0.00009748|0.00013349
tr_external_uz_dvbt_f482_r05,241,7862,LTE,0.9703173637390137,0.02819015085697174,LTE,0.9997627064585686,0.00014949089563742746,0,8,0,False,both_wrong,LTE|LTE|LTE|LTE|LTE|LTE|LTE|LTE,0.99971443|0.99981266|0.99980861|0.99981326|0.99965811|0.99971312|0.99976879|0.99981266,0.00018546|0.00011246|0.00011712|0.00011494|0.00022300|0.00018046|0.00014828|0.00011421
tr_external_uz_dvbt_f482_r05,242,7863,LTE,0.9527373909950256,0.04531094804406166,LTE,0.999602809548378,0.0002650273872859543,0,8,0,False,both_wrong,LTE|LTE|LTE|LTE|LTE|LTE|LTE|LTE,0.99963343|0.99969876|0.99973851|0.99918216|0.99957818|0.99979812|0.99945468|0.99973863,0.00023779|0.00020208|0.00016720|0.00058958|0.00028129|0.00011990|0.00035445|0.00016793
tr_external_uz_dvbt_f482_r05,243,7864,LTE,0.9962976574897766,0.003278662683442235,LTE,0.9997164458036423,0.00018516330965212546,0,8,0,False,both_wrong,LTE|LTE|LTE|LTE|LTE|LTE|LTE|LTE,0.99954802|0.99976426|0.99979359|0.99983072|0.99981612|0.99957603|0.99975449|0.99964833,0.00030895|0.00014876|0.00013117|0.00009793|0.00011526|0.00028544|0.00015598|0.00023782
tr_external_uz_dvbt_f482_r05,244,7865,LTE,0.9946019649505615,0.004862586501985788,LTE,0.9993949234485626,0.00043387180448917206,0,8,0,False,both_wrong,LTE|LTE|LTE|LTE|LTE|LTE|LTE|LTE,0.99971157|0.99977881|0.99900538|0.99807090|0.99973875|0.99980170|0.99979681|0.99925548,0.00017949|0.00013664|0.00073930|0.00147253|0.00016932|0.00012275|0.00012369|0.00052725
tr_external_uz_dvbt_f482_r05,245,7866,LTE,0.9982811212539673,0.001473320065997541,LTE,0.9995981156826019,0.00027282156133878743,0,8,0,False,both_wrong,LTE|LTE|LTE|LTE|LTE|LTE|LTE|LTE,0.99908316|0.99981433|0.99940383|0.99978405|0.99951065|0.99975342|0.99969971|0.99973577,0.00066574|0.00011143|0.00041724|0.00013290|0.00033100|0.00015638|0.00019873|0.00016916
tr_external_uz_dvbt_f482_r05,246,7867,LTE,0.9886848330497742,0.010441556572914124,LTE,0.995544046163559,0.004152781685661466,0,8,0,False,both_wrong,LTE|LTE|LTE|LTE|LTE|LTE|LTE|LTE,0.99957854|0.99970347|0.96672183|0.99981409|0.99917418|0.99977666|0.99981886|0.99976474,0.00028084|0.00019131|0.03166174|0.00011182|0.00058064|0.00013930|0.00010948|0.00014713
tr_external_uz_dvbt_f482_r05,247,7868,LTE,0.9460960626602173,0.05186332389712334,LTE,0.999349370598793,0.0004809468273379025,0,8,0,False,both_wrong,LTE|LTE|LTE|LTE|LTE|LTE|LTE|LTE,0.99798524|0.99969172|0.99979693|0.99890411|0.99984860|0.99902976|0.99970835|0.99983025,0.00161503|0.00019745|0.00012435|0.00082223|0.00008862|0.00071585|0.00018001|0.00010403
tr_external_uz_dvbt_f482_r05,248,7869,LTE,0.9890680909156799,0.010241643525660038,LTE,0.9995889365673065,0.0002834881479429896,0,8,0,False,both_wrong,LTE|LTE|LTE|LTE|LTE|LTE|LTE|LTE,0.99857104|0.99972385|0.99985540|0.99984503|0.99971300|0.99975842|0.99973243|0.99951231,0.00108804|0.00017224|0.00008446|0.00009419|0.00018214|0.00015258|0.00017094|0.00032333
tr_external_uz_dvbt_f482_r05,249,7870,LTE,0.9973119497299194,0.0023223969619721174,LTE,0.9997637271881104,0.00015030911163194105,0,8,0,False,both_wrong,LTE|LTE|LTE|LTE|LTE|LTE|LTE|LTE,0.99985254|0.99981540|0.99950099|0.99981910|0.99977893|0.99976403|0.99979419|0.99978465,0.00009146|0.00011468|0.00033868|0.00011124|0.00013824|0.00014693|0.00012553|0.00013572
tr_external_uz_dvbt_f482_r05,250,7871,LTE,0.9758829474449158,0.02281136065721512,LTE,0.9997889995574951,0.00012994213284400757,0,8,0,False,both_wrong,LTE|LTE|LTE|LTE|LTE|LTE|LTE|LTE,0.99984133|0.99977666|0.99980742|0.99969184|0.99984038|0.99970549|0.99981683|0.99983203,0.00009115|0.00013523|0.00011782|0.00019895|0.00009446|0.00019286|0.00010872|0.00010036
tr_external_uz_dvbt_f482_r05,251,7872,LTE,0.9986094236373901,0.0011600040597841144,LTE,0.9996776878833771,0.000222791622945806,0,8,0,False,both_wrong,LTE|LTE|LTE|LTE|LTE|LTE|LTE|LTE,0.99985826|0.99987566|0.99956578|0.99977142|0.99981290|0.99893636|0.99981362|0.99978751,0.00008785|0.00007364|0.00030087|0.00014086|0.00011631|0.00081700|0.00011443|0.00013138
tr_external_uz_dvbt_f482_r05,252,7873,LTE,0.9889302849769592,0.010212607681751251,LTE,0.9998268857598305,0.0001055478724083514,0,8,0,False,both_wrong,LTE|LTE|LTE|LTE|LTE|LTE|LTE|LTE,0.99981219|0.99981755|0.99983060|0.99980253|0.99986076|0.99982101|0.99980968|0.99986076,0.00011441|0.00011351|0.00010316|0.00012039|0.00008438|0.00010694|0.00011878|0.00008281
tr_external_uz_dvbt_f482_r05,253,7874,LTE,0.9828469753265381,0.016121240332722664,LTE,0.9996387735009193,0.0002415891713098972,0,8,0,False,both_wrong,LTE|LTE|LTE|LTE|LTE|LTE|LTE|LTE,0.99962020|0.99982387|0.99915922|0.99975652|0.99956471|0.99978334|0.99972004|0.99968231,0.00025559|0.00010930|0.00061541|0.00015674|0.00029220|0.00012912|0.00017075|0.00020361
tr_external_uz_dvbt_f482_r05,254,7875,LTE,0.9957914352416992,0.0037430389784276485,LTE,0.999577984213829,0.0002902362230088329,0,8,0,False,both_wrong,LTE|LTE|LTE|LTE|LTE|LTE|LTE|LTE,0.99986386|0.99942881|0.99979717|0.99905461|0.99961841|0.99976546|0.99941838|0.99967718,0.00007848|0.00039998|0.00012488|0.00070652|0.00025782|0.00014753|0.00039132|0.00021535
tr_external_uz_dvbt_f482_r05,255,7876,LTE,0.985870361328125,0.013179626315832138,LTE,0.9997116103768349,0.00018687406191020273,0,8,0,False,both_wrong,LTE|LTE|LTE|LTE|LTE|LTE|LTE|LTE,0.99969912|0.99978811|0.99972171|0.99973172|0.99979502|0.99980336|0.99935895|0.99979490,0.00019241|0.00012740|0.00017483|0.00016945|0.00012259|0.00012412|0.00045891|0.00012528
tr_external_uz_dvbt_f482_r05,256,7877,LTE,0.9987022876739502,0.0010714918607845902,LTE,0.9977662861347198,0.0018642395134520484,0,8,0,False,both_wrong,LTE|LTE|LTE|LTE|LTE|LTE|LTE|LTE,0.99907815|0.99869835|0.99896181|0.98765147|0.99960977|0.99888176|0.99981767|0.99943131,0.00067348|0.00098705|0.00073818|0.01094275|0.00025891|0.00083116|0.00011035|0.00037203
tr_external_uz_dvbt_f482_r05,257,7878,LTE,0.9429014921188354,0.05499492958188057,LTE,0.9892279952764511,0.010018011642387137,0,8,0,False,both_wrong,LTE|LTE|LTE|LTE|LTE|LTE|LTE|LTE,0.99979800|0.99184293|0.99837935|0.99905938|0.99906117|0.93041450|0.99573153|0.99953711,0.00012707|0.00637556|0.00125884|0.00069533|0.00070534|0.06722309|0.00344969|0.00030918
tr_external_uz_dvbt_f482_r05,258,7879,LTE,0.9638894200325012,0.034464266151189804,LTE,0.9924269393086433,0.00650931273594324,0,8,0,False,both_wrong,LTE|LTE|LTE|LTE|LTE|LTE|LTE|LTE,0.98973364|0.99975818|0.99485153|0.99848890|0.99916971|0.99843889|0.98712850|0.97184616,0.00887405|0.00015374|0.00437942|0.00110832|0.00061330|0.00113234|0.01190152|0.02391182
tr_external_uz_dvbt_f482_r05,259,7880,LTE,0.9965780377388,0.003018381306901574,LTE,0.9910856261849403,0.008111776473015198,0,8,0,False,both_wrong,LTE|LTE|LTE|LTE|LTE|LTE|LTE|LTE,0.99981314|0.99977022|0.94786507|0.99543470|0.99207884|0.99911505|0.99513137|0.99947661,0.00011753|0.00014486|0.04879118|0.00372030|0.00712320|0.00064982|0.00399273|0.00035461
tr_external_uz_dvbt_f482_r05,260,7881,LTE,0.9847394227981567,0.014254692010581493,LTE,0.984031192958355,0.01531734452873934,0,8,0,False,both_wrong,LTE|LTE|LTE|LTE|LTE|LTE|LTE|LTE,0.99812311|0.99914145|0.99900812|0.99845636|0.88261008|0.99840575|0.99945825|0.99704641,0.00141854|0.00060776|0.00077145|0.00118170|0.11452106|0.00123655|0.00037918|0.00242251
tr_external_uz_dvbt_f482_r05,261,7882,LTE,0.997859537601471,0.0018472226802259684,LTE,0.9836156219244003,0.015440404506080085,0,8,0,False,both_wrong,LTE|LTE|LTE|LTE|LTE|LTE|LTE|LTE,0.90168935|0.99960691|0.99083787|0.99952018|0.99007154|0.99797183|0.99905199|0.99017531,0.09590840|0.00026213|0.00800031|0.00033430|0.00861605|0.00158385|0.00068679|0.00813140
tr_external_uz_dvbt_f482_r05,262,7883,LTE,0.9943830966949463,0.005066545680165291,LTE,0.7464106150582666,0.25305283892339503,2,6,0,False,both_wrong,DVB-T|DVB-T|LTE|LTE|LTE|LTE|LTE|LTE,0.99841225|0.97527552|0.99729449|0.99903822|0.99641198|0.99881953|0.95384413|0.99968195,0.99841225|0.97527552|0.00223442|0.00069188|0.00280572|0.00090342|0.04388957|0.00020994
tr_external_uz_dvbt_f482_r05,263,7884,LTE,0.9883301258087158,0.010799605399370193,LTE,0.9970201775431633,0.0024676916473254096,0,8,0,False,both_wrong,LTE|LTE|LTE|LTE|LTE|LTE|LTE|LTE,0.99979824|0.99941039|0.99972099|0.99962318|0.99977273|0.99321401|0.98542017|0.99920171,0.00012501|0.00041481|0.00018041|0.00025374|0.00014331|0.00565921|0.01236890|0.00059614
tr_external_uz_dvbt_f482_r05,264,7885,LTE,0.990153968334198,0.009080814197659492,LTE,0.9974881857633591,0.002083784496790031,0,8,0,False,both_wrong,LTE|LTE|LTE|LTE|LTE|LTE|LTE|LTE,0.99812371|0.99947017|0.99851340|0.99377835|0.99976939|0.99481660|0.99909008|0.99634379,0.00147332|0.00036323|0.00115393|0.00541106|0.00014458|0.00441844|0.00068132|0.00302440
tr_external_uz_dvbt_f482_r05,265,7886,LTE,0.9891218543052673,0.010047710500657558,LTE,0.9982377514243126,0.0014056717809580732,0,8,0,False,both_wrong,LTE|LTE|LTE|LTE|LTE|LTE|LTE|LTE,0.99903917|0.99896801|0.99949014|0.99965990|0.99954873|0.99956101|0.98982275|0.99981230,0.00072465|0.00077336|0.00034083|0.00023113|0.00030419|0.00030415|0.00845275|0.00011431
tr_external_uz_dvbt_f482_r05,266,7887,LTE,0.9975905418395996,0.0020704912021756172,LTE,0.9985545128583908,0.0011556208764886833,0,8,0,False,both_wrong,LTE|LTE|LTE|LTE|LTE|LTE|LTE|LTE,0.99898809|0.99949908|0.99604875|0.99977988|0.99979204|0.99983954|0.99975222|0.99473649,0.00079377|0.00035581|0.00320055|0.00013441|0.00013010|0.00009937|0.00015506|0.00437590
tr_external_uz_dvbt_f482_r05,267,7888,LTE,0.9947152733802795,0.0047574108466506,LTE,0.9992121383547783,0.0005938974700256949,0,8,0,False,both_wrong,LTE|LTE|LTE|LTE|LTE|LTE|LTE|LTE,0.99969912|0.99950922|0.99975413|0.99978191|0.99822515|0.99858165|0.99836081|0.99978513,0.00019299|0.00035311|0.00015762|0.00013198|0.00133072|0.00112229|0.00133051|0.00013196
tr_external_uz_dvbt_f482_r06,0,7889,DVB-T,0.5394096374511719,0.5394096374511719,LTE,0.9998207315802574,0.00010741497226263164,0,8,0,False,only_4096_correct,LTE|LTE|LTE|LTE|LTE|LTE|LTE|LTE,0.99986207|0.99986076|0.99985099|0.99986351|0.99985254|0.99986970|0.99984372|0.99956256,0.00008002|0.00008441|0.00009045|0.00007568|0.00008873|0.00007610|0.00008872|0.00027521
tr_external_uz_dvbt_f482_r06,1,7890,DVB-T,0.9951683282852173,0.9951683282852173,LTE,0.9998350292444229,9.809629227675032e-05,0,8,0,False,only_4096_correct,LTE|LTE|LTE|LTE|LTE|LTE|LTE|LTE,0.99979109|0.99982399|0.99981123|0.99987841|0.99983668|0.99983275|0.99988234|0.99982375,0.00012264|0.00010262|0.00011509|0.00007169|0.00010066|0.00009878|0.00006980|0.00010349
tr_external_uz_dvbt_f482_r06,2,7891,DVB-T,0.9565039873123169,0.9565039873123169,LTE,0.9998061954975128,0.00011711212482623523,0,8,0,False,only_4096_correct,LTE|LTE|LTE|LTE|LTE|LTE|LTE|LTE,0.99986994|0.99973768|0.99982041|0.99983788|0.99973053|0.99982661|0.99981135|0.99981517,0.00007655|0.00016229|0.00010733|0.00009679|0.00017166|0.00009635|0.00011350|0.00011244
tr_external_uz_dvbt_f482_r06,3,7892,DVB-T,0.9976819753646851,0.9976819753646851,LTE,0.999684639275074,0.00020376751035655616,0,8,0,False,only_4096_correct,LTE|LTE|LTE|LTE|LTE|LTE|LTE|LTE,0.99963737|0.99972862|0.99983132|0.99979955|0.99986053|0.99892479|0.99982774|0.99986720,0.00022951|0.00016428|0.00009735|0.00012127|0.00008174|0.00075615|0.00010060|0.00007924
tr_external_uz_dvbt_f482_r06,4,7893,DVB-T,0.9985313415527344,0.9985313415527344,LTE,0.9998024925589561,0.00011696737055899575,0,8,0,False,only_4096_correct,LTE|LTE|LTE|LTE|LTE|LTE|LTE|LTE,0.99982882|0.99982786|0.99979895|0.99975151|0.99982041|0.99978656|0.99976796|0.99983788,0.00010455|0.00009962|0.00012155|0.00015321|0.00010254|0.00012427|0.00013704|0.00009295
tr_external_uz_dvbt_f482_r06,5,7894,DVB-T,0.9948030114173889,0.9948030114173889,LTE,0.9998202249407768,0.0001071655924533843,0,8,0,False,only_4096_correct,LTE|LTE|LTE|LTE|LTE|LTE|LTE|LTE,0.99979669|0.99986207|0.99980837|0.99977952|0.99985147|0.99981469|0.99980432|0.99984467,0.00011844|0.00008091|0.00011545|0.00013680|0.00008850|0.00010567|0.00012101|0.00009055
tr_external_uz_dvbt_f482_r06,6,7895,DVB-T,0.9985778331756592,0.9985778331756592,LTE,0.9997979700565338,0.00012067418992955936,0,8,0,False,only_4096_correct,LTE|LTE|LTE|LTE|LTE|LTE|LTE|LTE,0.99986136|0.99981707|0.99980003|0.99971467|0.99978727|0.99976510|0.99980384|0.99983442,0.00008006|0.00010711|0.00011995|0.00017222|0.00012787|0.00014266|0.00011817|0.00009735
tr_external_uz_dvbt_f482_r06,7,7896,DVB-T,0.9996680021286011,0.9996680021286011,LTE,0.9997553899884224,0.0001524209656054154,0,8,0,False,only_4096_correct,LTE|LTE|LTE|LTE|LTE|LTE|LTE|LTE,0.99963272|0.99979502|0.99976534|0.99973470|0.99982709|0.99984634|0.99960381|0.99983811,0.00023143|0.00012259|0.00014768|0.00016500|0.00010585|0.00008843|0.00026227|0.00009612
tr_external_uz_dvbt_f482_r06,8,7897,DVB-T,0.9884450435638428,0.9884450435638428,LTE,0.9998291060328484,0.00010234966975986026,0,8,0,False,only_4096_correct,LTE|LTE|LTE|LTE|LTE|LTE|LTE|LTE,0.99987519|0.99984479|0.99979478|0.99980408|0.99982363|0.99981934|0.99988246|0.99978858,0.00007485|0.00008987|0.00012211|0.00011793|0.00010473|0.00011234|0.00006923|0.00012773
tr_external_uz_dvbt_f482_r06,9,7898,DVB-T,0.9917194843292236,0.9917194843292236,LTE,0.9998147785663605,0.00011244060715398518,0,8,0,False,only_4096_correct,LTE|LTE|LTE|LTE|LTE|LTE|LTE|LTE,0.99971062|0.99987340|0.99978238|0.99980468|0.99985588|0.99983418|0.99984753|0.99980956,0.00017936|0.00007810|0.00013118|0.00012133|0.00008369|0.00009687|0.00009205|0.00011693
tr_external_uz_dvbt_f482_r06,10,7899,DVB-T,0.9478318095207214,0.9478318095207214,LTE,0.9998321011662483,0.00010154807114304276,0,8,0,False,only_4096_correct,LTE|LTE|LTE|LTE|LTE|LTE|LTE|LTE,0.99983835|0.99987245|0.99979693|0.99986124|0.99988842|0.99975854|0.99984479|0.99979609,0.00009777|0.00007826|0.00012405|0.00008131|0.00006703|0.00014717|0.00009018|0.00012661
tr_external_uz_dvbt_f482_r06,11,7900,DVB-T,0.9991751313209534,0.9991751313209534,LTE,0.9998389333486557,9.488709474680945e-05,0,8,0,False,only_4096_correct,LTE|LTE|LTE|LTE|LTE|LTE|LTE|LTE,0.99981982|0.99980980|0.99982929|0.99985349|0.99984694|0.99987066|0.99983072|0.99985075,0.00010415|0.00011873|0.00009949|0.00008444|0.00009358|0.00007619|0.00009797|0.00008455
tr_external_uz_dvbt_f482_r06,12,7901,DVB-T,0.996935248374939,0.996935248374939,LTE,0.999820202589035,0.00010907886735367356,0,8,0,False,only_4096_correct,LTE|LTE|LTE|LTE|LTE|LTE|LTE|LTE,0.99975914|0.99985564|0.99971384|0.99983191|0.99984038|0.99985325|0.99985695|0.99985051,0.00014189|0.00008414|0.00018194|0.00010429|0.00009388|0.00008876|0.00008629|0.00009145
tr_external_uz_dvbt_f482_r06,13,7902,LTE,0.6418280601501465,0.3525410592556,LTE,0.9998338297009468,9.968708218366373e-05,0,8,0,False,both_wrong,LTE|LTE|LTE|LTE|LTE|LTE|LTE|LTE,0.99985898|0.99983025|0.99970239|0.99986982|0.99985468|0.99987817|0.99983668|0.99983966,0.00008418|0.00010123|0.00018735|0.00007601|0.00008603|0.00007202|0.00009314|0.00009752
tr_external_uz_dvbt_f482_r06,14,7903,DVB-T,0.9687685966491699,0.9687685966491699,LTE,0.9998383596539497,9.59413628152106e-05,0,8,0,False,only_4096_correct,LTE|LTE|LTE|LTE|LTE|LTE|LTE|LTE,0.99987674|0.99988616|0.99982893|0.99986684|0.99979538|0.99986696|0.99980015|0.99978572,0.00007299|0.00006804|0.00009703|0.00007769|0.00012571|0.00007861|0.00012546|0.00012201
tr_external_uz_dvbt_f482_r06,15,7904,DVB-T,0.9771373867988586,0.9771373867988586,LTE,0.9998364076018333,9.704292278911453e-05,0,8,0,False,only_4096_correct,LTE|LTE|LTE|LTE|LTE|LTE|LTE|LTE,0.99985206|0.99982566|0.99978966|0.99986172|0.99983978|0.99985898|0.99986053|0.99980289,0.00008815|0.00009940|0.00012890|0.00008153|0.00009493|0.00008582|0.00008369|0.00011393
tr_external_uz_dvbt_f482_r06,16,7905,DVB-T,0.9953324198722839,0.9953324198722839,LTE,0.9998497366905212,8.853669032760081e-05,0,8,0,False,only_4096_correct,LTE|LTE|LTE|LTE|LTE|LTE|LTE|LTE,0.99984729|0.99986076|0.99986100|0.99986410|0.99981540|0.99985683|0.99978191|0.99991059,0.00009204|0.00008160|0.00008083|0.00007823|0.00010706|0.00008192|0.00013249|0.00005413
tr_external_uz_dvbt_f482_r06,17,7906,DVB-T,0.9642432928085327,0.9642432928085327,LTE,0.9998252987861633,0.00010530523468332831,0,8,0,False,only_4096_correct,LTE|LTE|LTE|LTE|LTE|LTE|LTE|LTE,0.99969578|0.99979895|0.99988174|0.99984288|0.99987519|0.99982160|0.99985874|0.99982750,0.00019506|0.00011661|0.00007014|0.00009391|0.00007311|0.00010763|0.00008467|0.00010132
tr_external_uz_dvbt_f482_r06,18,7907,DVB-T,0.9630063772201538,0.9630063772201538,LTE,0.9998182356357574,0.0001097274616768118,0,8,0,False,only_4096_correct,LTE|LTE|LTE|LTE|LTE|LTE|LTE|LTE,0.99985504|0.99967575|0.99981445|0.99985015|0.99985504|0.99976295|0.99986887|0.99986362,0.00008746|0.00021194|0.00010704|0.00008867|0.00008394|0.00014201|0.00007582|0.00008094
tr_external_uz_dvbt_f482_r06,19,7908,DVB-T,0.9955495595932007,0.9955495595932007,LTE,0.9997767508029938,0.0001372846245430992,0,8,0,False,only_4096_correct,LTE|LTE|LTE|LTE|LTE|LTE|LTE|LTE,0.99975830|0.99986005|0.99984658|0.99984753|0.99949181|0.99983919|0.99982786|0.99974269,0.00014479|0.00007926|0.00009230|0.00008812|0.00034295|0.00009179|0.00010524|0.00015382
tr_external_uz_dvbt_f482_r06,20,7909,DVB-T,0.8921521902084351,0.8921521902084351,LTE,0.9998209401965141,0.00010758263852039818,0,8,0,False,only_4096_correct,LTE|LTE|LTE|LTE|LTE|LTE|LTE|LTE,0.99987590|0.99975699|0.99986577|0.99977368|0.99982232|0.99980921|0.99981827|0.99984539,0.00007226|0.00015176|0.00007968|0.00014099|0.00010323|0.00011312|0.00010688|0.00009274
tr_external_uz_dvbt_f482_r06,21,7910,DVB-T,0.9995912909507751,0.9995912909507751,LTE,0.9996164739131927,0.00025231155086657964,0,8,0,False,only_4096_correct,LTE|LTE|LTE|LTE|LTE|LTE|LTE|LTE,0.99942672|0.99983263|0.99946660|0.99983776|0.99919611|0.99976951|0.99967504|0.99972743,0.00039609|0.00009912|0.00034655|0.00009461|0.00056936|0.00013478|0.00020848|0.00016950
tr_external_uz_dvbt_f482_r06,22,7911,DVB-T,0.9984921216964722,0.9984921216964722,LTE,0.9997944012284279,0.00012390638494252926,0,8,0,False,only_4096_correct,LTE|LTE|LTE|LTE|LTE|LTE|LTE|LTE,0.99984169|0.99969113|0.99980241|0.99983323|0.99983120|0.99984241|0.99979633|0.99971682,0.00009099|0.00019689|0.00011559|0.00010069|0.00009624|0.00009333|0.00012725|0.00017028
tr_external_uz_dvbt_f482_r06,23,7912,DVB-T,0.9975568056106567,0.9975568056106567,LTE,0.9997655600309372,0.00014453983021667227,0,8,0,False,only_4096_correct,LTE|LTE|LTE|LTE|LTE|LTE|LTE|LTE,0.99986923|0.99950957|0.99986243|0.99971467|0.99979728|0.99986398|0.99978262|0.99972469,0.00007678|0.00031838|0.00008490|0.00017573|0.00011512|0.00008020|0.00013480|0.00017042
tr_external_uz_dvbt_f482_r06,24,7913,DVB-T,0.9993537068367004,0.9993537068367004,LTE,0.9998258054256439,0.00010401520648883888,0,8,0,False,only_4096_correct,LTE|LTE|LTE|LTE|LTE|LTE|LTE|LTE,0.99985778|0.99986434|0.99986339|0.99978083|0.99977225|0.99981695|0.99981600|0.99983490,0.00008218|0.00008156|0.00008050|0.00013313|0.00014147|0.00010959|0.00010555|0.00009815
tr_external_uz_dvbt_f482_r06,25,7914,DVB-T,0.9963216781616211,0.9963216781616211,LTE,0.9996365457773209,0.00024184197627619142,0,8,0,False,only_4096_correct,LTE|LTE|LTE|LTE|LTE|LTE|LTE|LTE,0.99985170|0.99980408|0.99918586|0.99979073|0.99978703|0.99916923|0.99978024|0.99972349,0.00008925|0.00012001|0.00056136|0.00012798|0.00012992|0.00060214|0.00013278|0.00017130
tr_external_uz_dvbt_f482_r06,26,7915,DVB-T,0.9983545541763306,0.9983545541763306,LTE,0.9998286962509155,0.00010376958471169928,0,8,0,False,only_4096_correct,LTE|LTE|LTE|LTE|LTE|LTE|LTE|LTE,0.99982256|0.99984348|0.99984872|0.99980491|0.99990094|0.99978012|0.99987066|0.99975818,0.00010860|0.00009110|0.00009268|0.00011530|0.00005945|0.00013500|0.00007600|0.00015204
tr_external_uz_dvbt_f482_r06,27,7916,DVB-T,0.9512357115745544,0.9512357115745544,LTE,0.9997930899262428,0.0001279456928386935,0,8,0,False,only_4096_correct,LTE|LTE|LTE|LTE|LTE|LTE|LTE|LTE,0.99981791|0.99981469|0.99986887|0.99983966|0.99985051|0.99984574|0.99981326|0.99949408,0.00010959|0.00010911|0.00008071|0.00009408|0.00008576|0.00008706|0.00011589|0.00034136
tr_external_uz_dvbt_f482_r06,28,7917,DVB-T,0.9865627884864807,0.9865627884864807,LTE,0.999740406870842,0.00016190539554372663,0,8,0,False,only_4096_correct,LTE|LTE|LTE|LTE|LTE|LTE|LTE|LTE,0.99987042|0.99973494|0.99986839|0.99978322|0.99962378|0.99976355|0.99979573|0.99948323,0.00007508|0.00016267|0.00007838|0.00013060|0.00024026|0.00014461|0.00012793|0.00033570
tr_external_uz_dvbt_f482_r06,29,7918,DVB-T,0.9986987113952637,0.9986987113952637,LTE,0.9998130202293396,0.00011062761677749222,0,8,0,False,only_4096_correct,LTE|LTE|LTE|LTE|LTE|LTE|LTE|LTE,0.99985015|0.99980420|0.99985445|0.99977010|0.99979740|0.99982053|0.99978381|0.99982351,0.00008482|0.00011595|0.00008917|0.00013974|0.00011880|0.00010448|0.00013008|0.00010200
tr_external_uz_dvbt_f482_r06,30,7919,DVB-T,0.9967383742332458,0.9967383742332458,LTE,0.9998328983783722,9.964404398488114e-05,0,8,0,False,only_4096_correct,LTE|LTE|LTE|LTE|LTE|LTE|LTE|LTE,0.99989128|0.99978489|0.99984944|0.99983382|0.99983525|0.99985766|0.99978119|0.99982965,0.00006459|0.00012913|0.00009046|0.00010158|0.00009477|0.00008545|0.00012599|0.00010519
tr_external_uz_dvbt_f482_r06,31,7920,DVB-T,0.9955313801765442,0.9955313801765442,LTE,0.9997976496815681,0.00012490651351981796,0,8,0,False,only_4096_correct,LTE|LTE|LTE|LTE|LTE|LTE|LTE|LTE,0.99983025|0.99961579|0.99978465|0.99977618|0.99977785|0.99988496|0.99985111|0.99986041,0.00010040|0.00025363|0.00013295|0.00013707|0.00013673|0.00006900|0.00008826|0.00008121
tr_external_uz_dvbt_f482_r06,32,7921,DVB-T,0.9979958534240723,0.9979958534240723,LTE,0.9998067319393158,0.00011789363088610116,0,8,0,False,only_4096_correct,LTE|LTE|LTE|LTE|LTE|LTE|LTE|LTE,0.99982291|0.99975890|0.99982327|0.99979526|0.99982327|0.99971789|0.99985182|0.99986053,0.00010949|0.00014618|0.00010331|0.00012513|0.00010837|0.00018051|0.00008749|0.00008266
tr_external_uz_dvbt_f482_r06,33,7922,DVB-T,0.9989823698997498,0.9989823698997498,LTE,0.999791294336319,0.00012678698840318248,0,8,0,False,only_4096_correct,LTE|LTE|LTE|LTE|LTE|LTE|LTE|LTE,0.99970835|0.99985552|0.99976546|0.99983335|0.99974030|0.99982160|0.99981254|0.99979323,0.00018436|0.00008540|0.00013361|0.00009565|0.00016311|0.00010917|0.00011473|0.00012826
tr_external_uz_dvbt_f482_r06,34,7923,DVB-T,0.9960092306137085,0.9960092306137085,LTE,0.9998273476958275,0.00010244681470794603,0,8,0,False,only_4096_correct,LTE|LTE|LTE|LTE|LTE|LTE|LTE|LTE,0.99987209|0.99982762|0.99987531|0.99982160|0.99978048|0.99975890|0.99982965|0.99985313,0.00007531|0.00010134|0.00007255|0.00010784|0.00012751|0.00014738|0.00010143|0.00008621
tr_external_uz_dvbt_f482_r06,35,7924,DVB-T,0.9731762409210205,0.9731762409210205,LTE,0.9998211115598679,0.00010855660457309568,0,8,0,False,only_4096_correct,LTE|LTE|LTE|LTE|LTE|LTE|LTE|LTE,0.99985600|0.99979240|0.99983656|0.99981040|0.99984503|0.99976677|0.99979860|0.99986315,0.00008517|0.00012494|0.00010145|0.00011717|0.00009438|0.00013800|0.00012430|0.00008304
tr_external_uz_dvbt_f482_r06,36,7925,DVB-T,0.9713779091835022,0.9713779091835022,LTE,0.9998378977179527,9.708485777082387e-05,0,8,0,False,only_4096_correct,LTE|LTE|LTE|LTE|LTE|LTE|LTE|LTE,0.99971455|0.99986219|0.99983752|0.99986255|0.99982810|0.99986923|0.99986315|0.99986589,0.00017596|0.00008230|0.00009788|0.00008184|0.00010259|0.00007745|0.00008094|0.00007772
tr_external_uz_dvbt_f482_r06,37,7926,DVB-T,0.8949914574623108,0.8949914574623108,LTE,0.9998453706502914,9.2088808742119e-05,0,8,0,False,only_4096_correct,LTE|LTE|LTE|LTE|LTE|LTE|LTE|LTE,0.99980062|0.99984908|0.99984479|0.99987018|0.99985528|0.99988437|0.99985456|0.99980408,0.00012387|0.00009215|0.00009038|0.00007734|0.00008374|0.00006817|0.00008953|0.00011152
tr_external_uz_dvbt_f482_r06,38,7927,DVB-T,0.9987146854400635,0.9987146854400635,LTE,0.9997674971818924,0.00014618754994444316,0,8,0,False,only_4096_correct,LTE|LTE|LTE|LTE|LTE|LTE|LTE|LTE,0.99980432|0.99974447|0.99990261|0.99937612|0.99981612|0.99986386|0.99981016|0.99982232,0.00011125|0.00015986|0.00005871|0.00042964|0.00010805|0.00007866|0.00011747|0.00010587
tr_external_uz_dvbt_f482_r06,39,7928,DVB-T,0.8936163187026978,0.8936163187026978,LTE,0.9997335150837898,0.00016857643095136154,0,8,0,False,only_4096_correct,LTE|LTE|LTE|LTE|LTE|LTE|LTE|LTE,0.99983704|0.99974126|0.99981254|0.99964941|0.99985766|0.99984992|0.99939978|0.99972051,0.00009995|0.00016308|0.00011440|0.00023001|0.00008166|0.00008827|0.00039716|0.00017408
tr_external_uz_dvbt_f482_r06,40,7929,DVB-T,0.6569545269012451,0.6569545269012451,LTE,0.9996657520532608,0.00022969766541791614,0,8,0,False,only_4096_correct,LTE|LTE|LTE|LTE|LTE|LTE|LTE|LTE,0.99983847|0.99984777|0.99848759|0.99984133|0.99985170|0.99981207|0.99978298|0.99986410,0.00009325|0.00009039|0.00114452|0.00009899|0.00008786|0.00011499|0.00012662|0.00008096
tr_external_uz_dvbt_f482_r06,41,7930,DVB-T,0.9938809871673584,0.9938809871673584,LTE,0.999331884086132,0.0004766341062349966,0,8,0,False,only_4096_correct,LTE|LTE|LTE|LTE|LTE|LTE|LTE|LTE,0.99964345|0.99965024|0.99639833|0.99984789|0.99982506|0.99972624|0.99972111|0.99984276,0.00024103|0.00021885|0.00271232|0.00008526|0.00010731|0.00017889|0.00017395|0.00009547
tr_external_uz_dvbt_f482_r06,42,7931,DVB-T,0.9975641965866089,0.9975641965866089,LTE,0.9996812716126442,0.00021110994930495508,0,8,0,False,only_4096_correct,LTE|LTE|LTE|LTE|LTE|LTE|LTE|LTE,0.99972743|0.99884003|0.99988532|0.99976999|0.99982965|0.99981397|0.99974567|0.99983811,0.00017393|0.00083627|0.00006812|0.00014532|0.00010160|0.00010483|0.00016032|0.00009849
tr_external_uz_dvbt_f482_r06,43,7932,DVB-T,0.9886675477027893,0.9886675477027893,LTE,0.999715194106102,0.0001804231951609836,0,8,0,False,only_4096_correct,LTE|LTE|LTE|LTE|LTE|LTE|LTE|LTE,0.99980384|0.99988449|0.99890184|0.99982291|0.99977750|0.99985778|0.99980181|0.99987137,0.00012059|0.00006804|0.00073621|0.00010284|0.00013665|0.00008508|0.00011838|0.00007559
tr_external_uz_dvbt_f482_r06,44,7933,DVB-T,0.9986447691917419,0.9986447691917419,LTE,0.9998200088739395,0.0001079659050446935,0,8,0,False,only_4096_correct,LTE|LTE|LTE|LTE|LTE|LTE|LTE|LTE,0.99983370|0.99982184|0.99976307|0.99986041|0.99978274|0.99986231|0.99983716|0.99979883,0.00009651|0.00010809|0.00014589|0.00008138|0.00013466|0.00007956|0.00009292|0.00012472
tr_external_uz_dvbt_f482_r06,45,7934,DVB-T,0.9983357787132263,0.9983357787132263,LTE,0.999829612672329,0.00010115912937180838,0,8,0,False,only_4096_correct,LTE|LTE|LTE|LTE|LTE|LTE|LTE|LTE,0.99985075|0.99984300|0.99978930|0.99984932|0.99979693|0.99987698|0.99977630|0.99985433,0.00008586|0.00009605|0.00012946|0.00009112|0.00012284|0.00007270|0.00012774|0.00008351
tr_external_uz_dvbt_f482_r06,46,7935,DVB-T,0.9984334111213684,0.9984334111213684,LTE,0.9997521191835403,0.00015059585803101072,0,8,0,False,only_4096_correct,LTE|LTE|LTE|LTE|LTE|LTE|LTE|LTE,0.99977976|0.99979049|0.99974841|0.99981254|0.99981707|0.99942809|0.99981445|0.99982613,0.00012534|0.00012215|0.00014622|0.00011000|0.00011132|0.00038087|0.00011142|0.00009744
tr_external_uz_dvbt_f482_r06,47,7936,DVB-T,0.9984626770019531,0.9984626770019531,LTE,0.9998417422175407,9.448129821976181e-05,0,8,0,False,only_4096_correct,LTE|LTE|LTE|LTE|LTE|LTE|LTE|LTE,0.99986196|0.99986279|0.99984562|0.99984789|0.99981397|0.99982411|0.99981540|0.99986219,0.00008215|0.00008073|0.00009253|0.00009187|0.00011377|0.00010501|0.00011012|0.00007967
tr_external_uz_dvbt_f482_r06,48,7937,DVB-T,0.958921492099762,0.958921492099762,LTE,0.9998356327414513,9.909442087518983e-05,0,8,0,False,only_4096_correct,LTE|LTE|LTE|LTE|LTE|LTE|LTE|LTE,0.99981302|0.99977428|0.99985564|0.99987137|0.99984312|0.99989402|0.99975747|0.99987614,0.00011189|0.00014096|0.00008706|0.00007722|0.00009448|0.00006314|0.00014550|0.00007251
tr_external_uz_dvbt_f482_r06,49,7938,DVB-T,0.9995367527008057,0.9995367527008057,LTE,0.9997895359992981,0.00012743641673296224,0,8,0,False,only_4096_correct,LTE|LTE|LTE|LTE|LTE|LTE|LTE|LTE,0.99978381|0.99980468|0.99984729|0.99972707|0.99984658|0.99967313|0.99979383|0.99983990,0.00013178|0.00010859|0.00008978|0.00016896|0.00008888|0.00021186|0.00012393|0.00009571
tr_external_uz_dvbt_f482_r06,50,7939,DVB-T,0.9900711178779602,0.9900711178779602,LTE,0.9997882395982742,0.00012938198415213265,0,8,0,False,only_4096_correct,LTE|LTE|LTE|LTE|LTE|LTE|LTE|LTE,0.99984539|0.99980241|0.99972600|0.99980730|0.99986005|0.99976450|0.99984336|0.99965692,0.00008998|0.00011917|0.00017121|0.00011799|0.00008055|0.00014294|0.00009067|0.00022256
tr_external_uz_dvbt_f482_r06,51,7940,DVB-T,0.9976902008056641,0.9976902008056641,LTE,0.9998207613825798,0.0001077004317266983,0,8,0,False,only_4096_correct,LTE|LTE|LTE|LTE|LTE|LTE|LTE|LTE,0.99985349|0.99978894|0.99985552|0.99982256|0.99985540|0.99979097|0.99979144|0.99980778,0.00008563|0.00012834|0.00008236|0.00010879|0.00008546|0.00012769|0.00012570|0.00011764
tr_external_uz_dvbt_f482_r06,52,7941,DVB-T,0.9987151622772217,0.9987151622772217,LTE,0.998727560043335,0.000991563076240709,0,8,0,False,only_4096_correct,LTE|LTE|LTE|LTE|LTE|LTE|LTE|LTE,0.99978238|0.99984682|0.99983287|0.99982929|0.99981719|0.99984336|0.99984503|0.99102354,0.00013658|0.00009403|0.00009677|0.00010451|0.00010833|0.00009101|0.00009458|0.00720670
tr_external_uz_dvbt_f482_r06,53,7942,DVB-T,0.9885755181312561,0.9885755181312561,LTE,0.9996830374002457,0.00020704562211903976,0,8,0,False,only_4096_correct,LTE|LTE|LTE|LTE|LTE|LTE|LTE|LTE,0.99969745|0.99982411|0.99889284|0.99975425|0.99985790|0.99980456|0.99981409|0.99981910,0.00018776|0.00010378|0.00078253|0.00015389|0.00008354|0.00012019|0.00011349|0.00011117
tr_external_uz_dvbt_f482_r06,54,7943,DVB-T,0.9982313513755798,0.9982313513755798,LTE,0.9997890740633011,0.000130338122289686,0,8,0,False,only_4096_correct,LTE|LTE|LTE|LTE|LTE|LTE|LTE|LTE,0.99985003|0.99959511|0.99984717|0.99971622|0.99985015|0.99977356|0.99987018|0.99981016,0.00008879|0.00026140|0.00009091|0.00017705|0.00008984|0.00014168|0.00007525|0.00011778
tr_external_uz_dvbt_f482_r06,55,7944,DVB-T,0.996370792388916,0.996370792388916,LTE,0.9997171759605408,0.00017927824683283689,0,8,0,False,only_4096_correct,LTE|LTE|LTE|LTE|LTE|LTE|LTE|LTE,0.99977404|0.99984252|0.99975878|0.99982786|0.99957663|0.99979287|0.99981469|0.99935001,0.00013774|0.00009427|0.00015374|0.00010357|0.00027384|0.00012864|0.00011372|0.00042869
tr_external_uz_dvbt_f482_r06,56,7945,DVB-T,0.9925899505615234,0.9925899505615234,LTE,0.9997545257210732,0.00015211466779874172,0,8,0,False,only_4096_correct,LTE|LTE|LTE|LTE|LTE|LTE|LTE|LTE,0.99980289|0.99976224|0.99973971|0.99983311|0.99947542|0.99983454|0.99983180|0.99975652,0.00011744|0.00014586|0.00015924|0.00010257|0.00034080|0.00009560|0.00010259|0.00015282
tr_external_uz_dvbt_f482_r06,57,7946,DVB-T,0.9940605759620667,0.9940605759620667,LTE,0.9997444599866867,0.00016016881818359252,0,8,0,False,only_4096_correct,LTE|LTE|LTE|LTE|LTE|LTE|LTE|LTE,0.99979967|0.99985015|0.99980992|0.99979252|0.99983644|0.99942231|0.99978453|0.99966013,0.00011788|0.00008577|0.00011266|0.00012921|0.00009716|0.00039526|0.00012857|0.00021484
tr_external_uz_dvbt_f482_r06,58,7947,DVB-T,0.9688122272491455,0.9688122272491455,LTE,0.9998114109039307,0.000112377208097314,0,8,0,False,only_4096_correct,LTE|LTE|LTE|LTE|LTE|LTE|LTE|LTE,0.99981397|0.99980789|0.99977797|0.99982697|0.99983072|0.99984133|0.99982315|0.99976927,0.00010667|0.00011690|0.00013871|0.00009900|0.00010417|0.00009081|0.00011047|0.00013229
tr_external_uz_dvbt_f482_r06,59,7948,DVB-T,0.5374027490615845,0.5374027490615845,LTE,0.9997968599200249,0.00012334512393863406,0,8,0,False,only_4096_correct,LTE|LTE|LTE|LTE|LTE|LTE|LTE|LTE,0.99985254|0.99968815|0.99986589|0.99988067|0.99970931|0.99969494|0.99984765|0.99983573,0.00008888|0.00019198|0.00007756|0.00007006|0.00018600|0.00018510|0.00008727|0.00009990
tr_external_uz_dvbt_f482_r06,60,7949,DVB-T,0.989418089389801,0.989418089389801,LTE,0.9997711703181267,0.0001472310441386071,0,8,0,False,only_4096_correct,LTE|LTE|LTE|LTE|LTE|LTE|LTE|LTE,0.99982977|0.99982530|0.99985421|0.99983728|0.99986351|0.99986935|0.99922097|0.99986899,0.00010475|0.00010241|0.00008828|0.00009803|0.00007811|0.00007743|0.00055170|0.00007713
tr_external_uz_dvbt_f482_r06,61,7950,DVB-T,0.9992098808288574,0.9992098808288574,LTE,0.9998201727867126,0.00010774926431622589,0,8,0,False,only_4096_correct,LTE|LTE|LTE|LTE|LTE|LTE|LTE|LTE,0.99976987|0.99983895|0.99982494|0.99987137|0.99981731|0.99980468|0.99982733|0.99980694,0.00013624|0.00009831|0.00010178|0.00007557|0.00011314|0.00011250|0.00010726|0.00011719
tr_external_uz_dvbt_f482_r06,62,7951,DVB-T,0.9744082093238831,0.9744082093238831,LTE,0.9997813850641251,0.0001360000960630714,0,8,0,False,only_4096_correct,LTE|LTE|LTE|LTE|LTE|LTE|LTE|LTE,0.99983048|0.99974781|0.99980623|0.99974197|0.99984455|0.99957234|0.99986458|0.99984312,0.00009903|0.00016310|0.00012016|0.00015926|0.00009580|0.00028243|0.00007759|0.00009063
tr_external_uz_dvbt_f482_r06,63,7952,DVB-T,0.997331976890564,0.997331976890564,LTE,0.9997441470623016,0.00015892628198344028,0,8,0,False,only_4096_correct,LTE|LTE|LTE|LTE|LTE|LTE|LTE|LTE,0.99976760|0.99977452|0.99983764|0.99945611|0.99972755|0.99980539|0.99986184|0.99972254,0.00014210|0.00013732|0.00009752|0.00035812|0.00016821|0.00011526|0.00008077|0.00017211
tr_external_uz_dvbt_f482_r06,64,7953,DVB-T,0.9995638728141785,0.9995638728141785,LTE,0.9976104348897934,0.0018086315385517082,0,8,0,False,only_4096_correct,LTE|LTE|LTE|LTE|LTE|LTE|LTE|LTE,0.99972755|0.99974412|0.99985862|0.99980944|0.99961334|0.99986136|0.98248130|0.99978775,0.00016817|0.00015640|0.00008277|0.00011875|0.00024905|0.00008356|0.01348005|0.00013031
tr_external_uz_dvbt_f482_r06,65,7954,DVB-T,0.999426007270813,0.999426007270813,LTE,0.9997753798961639,0.00013956545171822654,0,8,0,False,only_4096_correct,LTE|LTE|LTE|LTE|LTE|LTE|LTE|LTE,0.99983764|0.99973232|0.99981171|0.99969435|0.99982470|0.99985981|0.99977523|0.99966729,0.00010033|0.00016736|0.00011186|0.00019638|0.00010708|0.00008276|0.00013738|0.00021339
tr_external_uz_dvbt_f482_r06,66,7955,DVB-T,0.9983188509941101,0.9983188509941101,LTE,0.9997999221086502,0.00011999055459455121,0,8,0,False,only_4096_correct,LTE|LTE|LTE|LTE|LTE|LTE|LTE|LTE,0.99979395|0.99984717|0.99982637|0.99983072|0.99984479|0.99980682|0.99975246|0.99969709,0.00012408|0.00009325|0.00010020|0.00009828|0.00008871|0.00010951|0.00015599|0.00018991
tr_external_uz_dvbt_f482_r06,67,7956,DVB-T,0.9747938513755798,0.9747938513755798,LTE,0.9997841492295265,0.0001320754645348643,0,8,0,False,only_4096_correct,LTE|LTE|LTE|LTE|LTE|LTE|LTE|LTE,0.99983978|0.99979860|0.99960107|0.99978083|0.99974221|0.99984312|0.99980813|0.99985945,0.00009154|0.00012541|0.00025936|0.00012451|0.00016533|0.00009389|0.00011462|0.00008195
tr_external_uz_dvbt_f482_r06,68,7957,DVB-T,0.8904669880867004,0.8904669880867004,LTE,0.9998260140419006,0.00010448950706631877,0,8,0,False,only_4096_correct,LTE|LTE|LTE|LTE|LTE|LTE|LTE|LTE,0.99982399|0.99983501|0.99986446|0.99985313|0.99979454|0.99983346|0.99978322|0.99982029,0.00010798|0.00009841|0.00008041|0.00008247|0.00013030|0.00010326|0.00012487|0.00010823
tr_external_uz_dvbt_f482_r06,69,7958,DVB-T,0.9959160685539246,0.9959160685539246,LTE,0.9997708722949028,0.00014054717121325666,0,8,0,False,only_4096_correct,LTE|LTE|LTE|LTE|LTE|LTE|LTE|LTE,0.99966705|0.99986410|0.99973220|0.99973994|0.99977976|0.99977523|0.99976188|0.99984682,0.00020620|0.00008145|0.00016737|0.00016325|0.00013456|0.00013803|0.00014518|0.00008834
tr_external_uz_dvbt_f482_r06,70,7959,DVB-T,0.9767440557479858,0.9767440557479858,LTE,0.999836340546608,9.555811539030401e-05,0,8,0,False,only_4096_correct,LTE|LTE|LTE|LTE|LTE|LTE|LTE|LTE,0.99983668|0.99984300|0.99983191|0.99982709|0.99984789|0.99985015|0.99981183|0.99984217,0.00009480|0.00009302|0.00009823|0.00010421|0.00008791|0.00008700|0.00010630|0.00009300
tr_external_uz_dvbt_f482_r06,71,7960,DVB-T,0.9807155132293701,0.9807155132293701,LTE,0.9997681602835655,0.00014522231958835619,0,8,0,False,only_4096_correct,LTE|LTE|LTE|LTE|LTE|LTE|LTE|LTE,0.99947828|0.99980181|0.99983180|0.99971014|0.99988282|0.99988627|0.99975437|0.99979979,0.00035062|0.00011957|0.00010397|0.00018111|0.00006969|0.00006790|0.00014771|0.00012120
tr_external_uz_dvbt_f482_r06,72,7961,DVB-T,0.998217761516571,0.998217761516571,LTE,0.9998463019728661,9.24707060221408e-05,0,8,0,False,only_4096_correct,LTE|LTE|LTE|LTE|LTE|LTE|LTE|LTE,0.99986041|0.99982738|0.99980885|0.99988270|0.99990237|0.99981004|0.99982542|0.99985325,0.00008386|0.00010565|0.00011733|0.00006880|0.00005904|0.00011358|0.00010306|0.00008844
tr_external_uz_dvbt_f482_r06,73,7962,DVB-T,0.998965859413147,0.998965859413147,LTE,0.9998147487640381,0.0001101395482692169,0,8,0,False,only_4096_correct,LTE|LTE|LTE|LTE|LTE|LTE|LTE|LTE,0.99983215|0.99985707|0.99980694|0.99969506|0.99982709|0.99981457|0.99985814|0.99982697,0.00009989|0.00008492|0.00011363|0.00019185|0.00009822|0.00010636|0.00008065|0.00010560
tr_external_uz_dvbt_f482_r06,74,7963,DVB-T,0.9677637219429016,0.9677637219429016,LTE,0.9998317584395409,0.00010171404846914811,0,8,0,False,only_4096_correct,LTE|LTE|LTE|LTE|LTE|LTE|LTE|LTE,0.99986827|0.99981803|0.99984789|0.99987400|0.99982017|0.99980956|0.99982578|0.99979037,0.00008009|0.00011021|0.00009156|0.00007331|0.00010898|0.00011681|0.00010532|0.00012742
tr_external_uz_dvbt_f482_r06,75,7964,DVB-T,0.9886431097984314,0.9886431097984314,LTE,0.999801978468895,0.00011971761705353856,0,8,0,False,only_4096_correct,LTE|LTE|LTE|LTE|LTE|LTE|LTE|LTE,0.99973971|0.99987161|0.99978095|0.99981958|0.99977344|0.99976653|0.99985135|0.99981266,0.00016011|0.00007605|0.00013526|0.00010441|0.00014186|0.00014469|0.00008763|0.00010773
tr_external_uz_dvbt_f482_r06,76,7965,DVB-T,0.8557088375091553,0.8557088375091553,LTE,0.9988494887948036,0.0008683870755703538,0,8,0,False,only_4096_correct,LTE|LTE|LTE|LTE|LTE|LTE|LTE|LTE,0.99983072|0.99251878|0.99977916|0.99975044|0.99978989|0.99964488|0.99984133|0.99964070,0.00009952|0.00586079|0.00013385|0.00015698|0.00012943|0.00023322|0.00009492|0.00023837
tr_external_uz_dvbt_f482_r06,77,7966,DVB-T,0.998627781867981,0.998627781867981,LTE,0.9997973665595055,0.0001225445739692077,0,8,0,False,only_4096_correct,LTE|LTE|LTE|LTE|LTE|LTE|LTE|LTE,0.99980527|0.99979562|0.99973482|0.99980944|0.99976200|0.99982846|0.99982423|0.99981910,0.00011435|0.00012595|0.00015934|0.00011847|0.00014939|0.00009890|0.00010925|0.00010470
tr_external_uz_dvbt_f482_r06,78,7967,DVB-T,0.9992262125015259,0.9992262125015259,LTE,0.9997604563832283,0.00014679070409329142,0,8,0,False,only_4096_correct,LTE|LTE|LTE|LTE|LTE|LTE|LTE|LTE,0.99980575|0.99985731|0.99964750|0.99981850|0.99976403|0.99969018|0.99977332|0.99972707,0.00011983|0.00008375|0.00022738|0.00010160|0.00014160|0.00019481|0.00013622|0.00016914
tr_external_uz_dvbt_f482_r06,79,7968,LTE,0.8165678977966309,0.17982925474643707,LTE,0.999732069671154,0.00016815431172290118,0,8,0,False,both_wrong,LTE|LTE|LTE|LTE|LTE|LTE|LTE|LTE,0.99980658|0.99975151|0.99982005|0.99980575|0.99978739|0.99978894|0.99984252|0.99925381,0.00011671|0.00015474|0.00010499|0.00011253|0.00012672|0.00012468|0.00009209|0.00051277
tr_external_uz_dvbt_f482_r06,80,7969,DVB-T,0.9995176792144775,0.9995176792144775,LTE,0.999722920358181,0.00017811974885262316,0,8,0,False,only_4096_correct,LTE|LTE|LTE|LTE|LTE|LTE|LTE|LTE,0.99982029|0.99980789|0.99982989|0.99983454|0.99986088|0.99973232|0.99938345|0.99951410,0.00011062|0.00011930|0.00010001|0.00009710|0.00008580|0.00016748|0.00042174|0.00032292
tr_external_uz_dvbt_f482_r06,81,7970,DVB-T,0.9963669776916504,0.9963669776916504,LTE,0.9998206198215485,0.00010695491346268682,0,8,0,False,only_4096_correct,LTE|LTE|LTE|LTE|LTE|LTE|LTE|LTE,0.99975425|0.99983311|0.99983644|0.99982220|0.99986398|0.99981862|0.99980015|0.99983621,0.00015345|0.00009772|0.00009699|0.00010436|0.00007913|0.00010446|0.00012076|0.00009877
tr_external_uz_dvbt_f482_r06,82,7971,DVB-T,0.9989120960235596,0.9989120960235596,LTE,0.999796025454998,0.00012671731747104786,0,8,0,False,only_4096_correct,LTE|LTE|LTE|LTE|LTE|LTE|LTE|LTE,0.99984682|0.99985385|0.99960321|0.99987233|0.99963582|0.99984252|0.99984837|0.99986529,0.00009098|0.00008647|0.00026230|0.00007404|0.00023848|0.00009134|0.00009139|0.00007874
tr_external_uz_dvbt_f482_r06,83,7972,DVB-T,0.9878972768783569,0.9878972768783569,LTE,0.9997444152832031,0.00015934049133647932,0,8,0,False,only_4096_correct,LTE|LTE|LTE|LTE|LTE|LTE|LTE|LTE,0.99975246|0.99978322|0.99937660|0.99985147|0.99984121|0.99980587|0.99975377|0.99979073,0.00015599|0.00013717|0.00040946|0.00008717|0.00009701|0.00011590|0.00015352|0.00011851
tr_external_uz_dvbt_f482_r06,84,7973,DVB-T,0.9992244243621826,0.9992244243621826,LTE,0.999808669090271,0.00011580606678762706,0,8,0,False,only_4096_correct,LTE|LTE|LTE|LTE|LTE|LTE|LTE|LTE,0.99982375|0.99981278|0.99980062|0.99980193|0.99975413|0.99985778|0.99977678|0.99984157,0.00010325|0.00011392|0.00012215|0.00012377|0.00014274|0.00008405|0.00014140|0.00009516
tr_external_uz_dvbt_f482_r06,85,7974,DVB-T,0.9991637468338013,0.9991637468338013,LTE,0.9997887164354324,0.0001283482824874227,0,8,0,False,only_4096_correct,LTE|LTE|LTE|LTE|LTE|LTE|LTE|LTE,0.99979001|0.99983132|0.99970549|0.99982029|0.99972862|0.99984717|0.99980873|0.99977809,0.00012924|0.00010430|0.00019184|0.00010829|0.00016581|0.00009368|0.00010985|0.00012378
tr_external_uz_dvbt_f482_r06,86,7975,DVB-T,0.9936079978942871,0.9936079978942871,LTE,0.9997739419341087,0.000137979114697373,0,8,0,False,only_4096_correct,LTE|LTE|LTE|LTE|LTE|LTE|LTE|LTE,0.99981135|0.99980861|0.99974042|0.99973732|0.99985671|0.99965620|0.99983418|0.99974674,0.00011723|0.00011577|0.00015250|0.00016225|0.00008636|0.00021486|0.00009870|0.00015617
tr_external_uz_dvbt_f482_r06,87,7976,DVB-T,0.9949400424957275,0.9949400424957275,LTE,0.9997400790452957,0.0001643066407268634,0,8,0,False,only_4096_correct,LTE|LTE|LTE|LTE|LTE|LTE|LTE|LTE,0.99985206|0.99978346|0.99949026|0.99986565|0.99955732|0.99974757|0.99985623|0.99976808,0.00008858|0.00012864|0.00033634|0.00007925|0.00029355|0.00015920|0.00008510|0.00014380
tr_external_uz_dvbt_f482_r06,88,7977,DVB-T,0.9990785121917725,0.9990785121917725,LTE,0.9997401461005211,0.00015948774762364337,0,8,0,False,only_4096_correct,LTE|LTE|LTE|LTE|LTE|LTE|LTE|LTE,0.99973017|0.99981052|0.99962378|0.99982625|0.99978811|0.99969876|0.99968112|0.99976248,0.00016445|0.00011703|0.00024027|0.00010378|0.00012004|0.00018379|0.00019907|0.00014748
tr_external_uz_dvbt_f482_r06,89,7978,DVB-T,0.9986321330070496,0.9986321330070496,LTE,0.9998158887028694,0.00011107331283710664,0,8,0,False,only_4096_correct,LTE|LTE|LTE|LTE|LTE|LTE|LTE|LTE,0.99983907|0.99984574|0.99985647|0.99978834|0.99979562|0.99978107|0.99981254|0.99980825,0.00009317|0.00009371|0.00008313|0.00012951|0.00012664|0.00012934|0.00011517|0.00011791
tr_external_uz_dvbt_f482_r06,90,7979,DVB-T,0.9986720085144043,0.9986720085144043,LTE,0.9997967034578323,0.00012494361089920858,0,8,0,False,only_4096_correct,LTE|LTE|LTE|LTE|LTE|LTE|LTE|LTE,0.99984837|0.99976796|0.99982256|0.99975854|0.99981576|0.99975771|0.99984407|0.99975866,0.00009000|0.00014236|0.00011090|0.00014976|0.00011359|0.00015293|0.00009059|0.00014940
tr_external_uz_dvbt_f482_r06,91,7980,DVB-T,0.9985641837120056,0.9985641837120056,LTE,0.9996477589011192,0.00023357237569143763,0,8,0,False,only_4096_correct,LTE|LTE|LTE|LTE|LTE|LTE|LTE|LTE,0.99971575|0.99982762|0.99978012|0.99974865|0.99979931|0.99979311|0.99985456|0.99866295,0.00017543|0.00010118|0.00013499|0.00015491|0.00012505|0.00012782|0.00008776|0.00096145
tr_external_uz_dvbt_f482_r06,92,7981,DVB-T,0.940585732460022,0.940585732460022,LTE,0.9998188763856888,0.00011057167102990206,0,8,0,False,only_4096_correct,LTE|LTE|LTE|LTE|LTE|LTE|LTE|LTE,0.99980491|0.99980825|0.99984789|0.99983001|0.99976474|0.99987853|0.99977511|0.99984157,0.00012137|0.00011793|0.00008846|0.00010271|0.00014722|0.00007238|0.00014003|0.00009448
tr_external_uz_dvbt_f482_r06,93,7982,DVB-T,0.9993361830711365,0.9993361830711365,LTE,0.9997989535331726,0.00012343257549218833,0,8,0,False,only_4096_correct,LTE|LTE|LTE|LTE|LTE|LTE|LTE|LTE,0.99980730|0.99983597|0.99983096|0.99966419|0.99980778|0.99978691|0.99977106|0.99988747,0.00011223|0.00009980|0.00010259|0.00021891|0.00011373|0.00012985|0.00014202|0.00006832
tr_external_uz_dvbt_f482_r06,94,7983,DVB-T,0.9981537461280823,0.9981537461280823,LTE,0.9997305944561958,0.00017286171078012558,0,8,0,False,only_4096_correct,LTE|LTE|LTE|LTE|LTE|LTE|LTE|LTE,0.99984312|0.99980348|0.99980325|0.99951875|0.99979943|0.99981803|0.99976259|0.99949610,0.00009686|0.00011826|0.00011905|0.00032802|0.00012387|0.00010405|0.00015075|0.00034204
tr_external_uz_dvbt_f482_r06,95,7984,DVB-T,0.9927207231521606,0.9927207231521606,LTE,0.9996563643217087,0.00022337999143928755,0,8,0,False,only_4096_correct,LTE|LTE|LTE|LTE|LTE|LTE|LTE|LTE,0.99951482|0.99966431|0.99983454|0.99986219|0.99971813|0.99961960|0.99921834|0.99981898,0.00032414|0.00021766|0.00009523|0.00008086|0.00017563|0.00025294|0.00053026|0.00011031
tr_external_uz_dvbt_f482_r06,96,7985,DVB-T,0.9985213875770569,0.9985213875770569,LTE,0.9996713176369667,0.00020865900478383992,0,8,0,False,only_4096_correct,LTE|LTE|LTE|LTE|LTE|LTE|LTE|LTE,0.99978060|0.99979669|0.99956697|0.99979812|0.99979001|0.99977022|0.99972099|0.99914694,0.00013428|0.00012413|0.00028238|0.00011468|0.00012835|0.00014474|0.00017484|0.00056588
tr_external_uz_dvbt_f482_r06,97,7986,DVB-T,0.930195152759552,0.930195152759552,LTE,0.9989077523350716,0.0008119459307636134,0,8,0,False,only_4096_correct,LTE|LTE|LTE|LTE|LTE|LTE|LTE|LTE,0.99257869|0.99974436|0.99984336|0.99982721|0.99984455|0.99977297|0.99982256|0.99982834,0.00569673|0.00015372|0.00009541|0.00010090|0.00009677|0.00013711|0.00010882|0.00010611
tr_external_uz_dvbt_f482_r06,98,7987,DVB-T,0.9887463450431824,0.9887463450431824,LTE,0.9998190104961395,0.00011007785360561684,0,8,0,False,only_4096_correct,LTE|LTE|LTE|LTE|LTE|LTE|LTE|LTE,0.99985790|0.99982363|0.99976438|0.99975759|0.99987996|0.99985433|0.99974900|0.99986529,0.00008810|0.00010376|0.00014834|0.00014653|0.00007120|0.00008977|0.00015589|0.00007704
tr_external_uz_dvbt_f482_r06,99,7988,DVB-T,0.973775327205658,0.973775327205658,LTE,0.9997629746794701,0.00014654208007414127,0,8,0,False,only_4096_correct,LTE|LTE|LTE|LTE|LTE|LTE|LTE|LTE,0.99978238|0.99980897|0.99975830|0.99984992|0.99982649|0.99969471|0.99966598|0.99971706,0.00013480|0.00011795|0.00014854|0.00009038|0.00010110|0.00018153|0.00021892|0.00017912
tr_external_uz_dvbt_f482_r06,100,7989,DVB-T,0.9992995262145996,0.9992995262145996,LTE,0.9997469037771225,0.00015746303142805118,0,8,0,False,only_4096_correct,LTE|LTE|LTE|LTE|LTE|LTE|LTE|LTE,0.99949074|0.99978775|0.99964261|0.99981266|0.99983168|0.99978489|0.99978966|0.99983525,0.00033916|0.00012593|0.00022915|0.00011460|0.00010204|0.00012219|0.00012475|0.00010189
tr_external_uz_dvbt_f482_r06,101,7990,DVB-T,0.9987442493438721,0.9987442493438721,LTE,0.9996719658374786,0.000214286756090587,0,8,0,False,only_4096_correct,LTE|LTE|LTE|LTE|LTE|LTE|LTE|LTE,0.99972194|0.99987817|0.99969733|0.99968636|0.99964595|0.99972767|0.99984765|0.99917066,0.00017045|0.00007327|0.00019589|0.00019807|0.00022980|0.00017138|0.00009288|0.00058256
tr_external_uz_dvbt_f482_r06,102,7991,DVB-T,0.9980015158653259,0.9980015158653259,LTE,0.999649778008461,0.00023221474202728132,0,8,0,False,only_4096_correct,LTE|LTE|LTE|LTE|LTE|LTE|LTE|LTE,0.99982208|0.99985385|0.99983811|0.99890649|0.99981183|0.99981409|0.99938798|0.99976379,0.00010497|0.00008744|0.00009833|0.00077203|0.00011227|0.00011368|0.00042178|0.00014723
tr_external_uz_dvbt_f482_r06,103,7992,DVB-T,0.9996731281280518,0.9996731281280518,LTE,0.9996569231152534,0.00021861329969397048,0,8,0,False,only_4096_correct,LTE|LTE|LTE|LTE|LTE|LTE|LTE|LTE,0.99965751|0.99982649|0.99958485|0.99913520|0.99981171|0.99975604|0.99973124|0.99975234,0.00021778|0.00010531|0.00026306|0.00057313|0.00011433|0.00015418|0.00016508|0.00015602
tr_external_uz_dvbt_f482_r06,104,7993,DVB-T,0.9987909197807312,0.9987909197807312,LTE,0.9998252987861633,0.00010406690307718236,0,8,0,False,only_4096_correct,LTE|LTE|LTE|LTE|LTE|LTE|LTE|LTE,0.99983978|0.99986708|0.99981302|0.99985921|0.99973518|0.99987841|0.99979562|0.99981409,0.00009823|0.00007941|0.00010630|0.00008385|0.00015984|0.00007288|0.00012031|0.00011171
tr_external_uz_dvbt_f482_r06,105,7994,DVB-T,0.9986623525619507,0.9986623525619507,LTE,0.9995919391512871,0.00027310751556797186,0,8,0,False,only_4096_correct,LTE|LTE|LTE|LTE|LTE|LTE|LTE|LTE,0.99976641|0.99902499|0.99976033|0.99981326|0.99971718|0.99978107|0.99984670|0.99902558,0.00014628|0.00071021|0.00014200|0.00011407|0.00017731|0.00012984|0.00009115|0.00067400
tr_external_uz_dvbt_f482_r06,106,7995,DVB-T,0.9990897178649902,0.9990897178649902,LTE,0.9997877329587936,0.00012970636817044578,0,8,0,False,only_4096_correct,LTE|LTE|LTE|LTE|LTE|LTE|LTE|LTE,0.99984229|0.99984276|0.99982750|0.99983931|0.99978119|0.99965978|0.99981421|0.99969482,0.00009150|0.00009474|0.00010022|0.00009715|0.00013569|0.00021546|0.00011247|0.00019042
tr_external_uz_dvbt_f482_r06,107,7996,DVB-T,0.9835407137870789,0.9835407137870789,LTE,0.9997178912162781,0.00018014256693277275,0,8,0,False,only_4096_correct,LTE|LTE|LTE|LTE|LTE|LTE|LTE|LTE,0.99966967|0.99964643|0.99938285|0.99982077|0.99986434|0.99981564|0.99977452|0.99976891,0.00021378|0.00023281|0.00040817|0.00010891|0.00007977|0.00011088|0.00013957|0.00014725
tr_external_uz_dvbt_f482_r06,108,7997,DVB-T,0.9996108412742615,0.9996108412742615,LTE,0.9995717629790306,0.00030028348101041047,0,8,0,False,only_4096_correct,LTE|LTE|LTE|LTE|LTE|LTE|LTE|LTE,0.99959666|0.99978858|0.99968052|0.99983919|0.99964941|0.99975854|0.99844140|0.99981982,0.00025928|0.00013171|0.00020767|0.00009911|0.00022497|0.00014844|0.00122465|0.00010643
tr_external_uz_dvbt_f482_r06,109,7998,DVB-T,0.9972066283226013,0.9972066283226013,LTE,0.9997568577528,0.0001505999052824336,0,8,0,False,only_4096_correct,LTE|LTE|LTE|LTE|LTE|LTE|LTE|LTE,0.99978238|0.99984431|0.99971730|0.99983561|0.99970537|0.99983013|0.99962950|0.99971026,0.00013378|0.00009175|0.00017840|0.00009676|0.00018969|0.00009946|0.00023677|0.00017819
tr_external_uz_dvbt_f482_r06,110,7999,DVB-T,0.9991629123687744,0.9991629123687744,LTE,0.9996950924396515,0.00019656901167763863,0,8,0,False,only_4096_correct,LTE|LTE|LTE|LTE|LTE|LTE|LTE|LTE,0.99980265|0.99945289|0.99987161|0.99937588|0.99979204|0.99969077|0.99978763|0.99978727,0.00011745|0.00036648|0.00007753|0.00043248|0.00012529|0.00019689|0.00012980|0.00012663
tr_external_uz_dvbt_f482_r06,111,8000,DVB-T,0.9997450709342957,0.9997450709342957,LTE,0.9989372789859772,0.0007773685356369242,0,8,0,False,only_4096_correct,LTE|LTE|LTE|LTE|LTE|LTE|LTE|LTE,0.99950016|0.99980372|0.99969029|0.99979800|0.99368393|0.99973112|0.99952209|0.99976891,0.00032382|0.00011310|0.00019823|0.00012496|0.00482877|0.00016536|0.00031846|0.00014625
tr_external_uz_dvbt_f482_r06,112,8001,DVB-T,0.9869207143783569,0.9869207143783569,LTE,0.9996908977627754,0.0001971995670828619,0,8,0,False,only_4096_correct,LTE|LTE|LTE|LTE|LTE|LTE|LTE|LTE,0.99964869|0.99950075|0.99982232|0.99977726|0.99983656|0.99976927|0.99936658|0.99980575,0.00022072|0.00033035|0.00010390|0.00013914|0.00009716|0.00014107|0.00043814|0.00010712
tr_external_uz_dvbt_f482_r06,113,8002,DVB-T,0.9981908202171326,0.9981908202171326,LTE,0.9998031556606293,0.00011804334553744411,0,8,0,False,only_4096_correct,LTE|LTE|LTE|LTE|LTE|LTE|LTE|LTE,0.99981493|0.99985230|0.99979120|0.99983108|0.99981409|0.99972230|0.99977809|0.99982125,0.00010821|0.00008415|0.00012846|0.00010017|0.00010830|0.00017071|0.00013667|0.00010767
tr_external_uz_dvbt_f482_r06,114,8003,DVB-T,0.9982555508613586,0.9982555508613586,LTE,0.9997393116354942,0.00016413783669122495,0,8,0,False,only_4096_correct,LTE|LTE|LTE|LTE|LTE|LTE|LTE|LTE,0.99981040|0.99982196|0.99973160|0.99968016|0.99980217|0.99962735|0.99975449|0.99968636,0.00011648|0.00011045|0.00017163|0.00020145|0.00011462|0.00024377|0.00015364|0.00020106
tr_external_uz_dvbt_f482_r06,115,8004,DVB-T,0.9993364214897156,0.9993364214897156,LTE,0.9996751099824905,0.00020877817223663442,0,8,0,False,only_4096_correct,LTE|LTE|LTE|LTE|LTE|LTE|LTE|LTE,0.99972945|0.99982065|0.99942809|0.99977940|0.99977916|0.99983120|0.99948382|0.99954909,0.00016962|0.00011082|0.00037448|0.00013280|0.00013276|0.00010436|0.00034678|0.00029862
tr_external_uz_dvbt_f482_r06,116,8005,DVB-T,0.9853320717811584,0.9853320717811584,LTE,0.9997330754995346,0.0001710287542664446,0,8,0,False,only_4096_correct,LTE|LTE|LTE|LTE|LTE|LTE|LTE|LTE,0.99985433|0.99984360|0.99981636|0.99948114|0.99979442|0.99956208|0.99978572|0.99972695,0.00009020|0.00009568|0.00011002|0.00035385|0.00012373|0.00029212|0.00013324|0.00016938
tr_external_uz_dvbt_f482_r06,117,8006,DVB-T,0.9996604919433594,0.9996604919433594,LTE,0.9997209161520004,0.00017712239787215367,0,8,0,False,only_4096_correct,LTE|LTE|LTE|LTE|LTE|LTE|LTE|LTE,0.99968231|0.99982685|0.99985099|0.99975532|0.99973267|0.99973100|0.99953473|0.99965346,0.00020019|0.00009908|0.00009185|0.00014421|0.00017195|0.00017100|0.00031474|0.00022396
tr_external_uz_dvbt_f482_r06,118,8007,DVB-T,0.99798583984375,0.99798583984375,LTE,0.9997537806630135,0.00015253811670845607,0,8,0,False,only_4096_correct,LTE|LTE|LTE|LTE|LTE|LTE|LTE|LTE,0.99970752|0.99980396|0.99981672|0.99985552|0.99963319|0.99975950|0.99967265|0.99978119,0.00018704|0.00011329|0.00011141|0.00008762|0.00023453|0.00014822|0.00020370|0.00013447
tr_external_uz_dvbt_f482_r06,119,8008,DVB-T,0.9992006421089172,0.9992006421089172,LTE,0.9994092062115669,0.0004146725641476223,0,8,0,False,only_4096_correct,LTE|LTE|LTE|LTE|LTE|LTE|LTE|LTE,0.99941492|0.99972731|0.99953759|0.99983788|0.99897182|0.99975711|0.99823427|0.99979275,0.00040930|0.00017346|0.00030272|0.00009796|0.00073091|0.00014720|0.00133421|0.00012161
tr_external_uz_dvbt_f482_r06,120,8009,DVB-T,0.9986687898635864,0.9986687898635864,LTE,0.9997139126062393,0.00018242106216348475,0,8,0,False,only_4096_correct,LTE|LTE|LTE|LTE|LTE|LTE|LTE|LTE,0.99977237|0.99957806|0.99986875|0.99964488|0.99984419|0.99955422|0.99987173|0.99957711,0.00013362|0.00027890|0.00008104|0.00022704|0.00009209|0.00028807|0.00007612|0.00028249
tr_external_uz_dvbt_f482_r06,121,8010,DVB-T,0.9990837574005127,0.9990837574005127,LTE,0.9996969699859619,0.00019237989818066126,0,8,0,False,only_4096_correct,LTE|LTE|LTE|LTE|LTE|LTE|LTE|LTE,0.99981540|0.99979562|0.99970007|0.99953914|0.99952364|0.99981230|0.99964273|0.99974686,0.00011008|0.00011666|0.00018760|0.00031054|0.00031856|0.00011767|0.00022460|0.00015332
tr_external_uz_dvbt_f482_r06,122,8011,DVB-T,0.9986482262611389,0.9986482262611389,LTE,0.9993531778454781,0.00046056010069150943,0,8,0,False,only_4096_correct,LTE|LTE|LTE|LTE|LTE|LTE|LTE|LTE,0.99971086|0.99978238|0.99862874|0.99977690|0.99978381|0.99786466|0.99972576|0.99955231,0.00017794|0.00013476|0.00102761|0.00013292|0.00013548|0.00161259|0.00016383|0.00029935
tr_external_uz_dvbt_f482_r06,123,8012,DVB-T,0.999747097492218,0.999747097492218,LTE,0.9928758591413498,0.0065509962259966414,0,8,0,False,only_4096_correct,LTE|LTE|LTE|LTE|LTE|LTE|LTE|LTE,0.99977773|0.99964368|0.99978417|0.99948788|0.99982738|0.99977988|0.94490027|0.99980587,0.00013248|0.00022750|0.00013078|0.00034520|0.00010034|0.00013757|0.05121467|0.00011944
tr_external_uz_dvbt_f482_r06,124,8013,DVB-T,0.9991704225540161,0.9991704225540161,LTE,0.9995406046509743,0.00030729204809176736,0,8,0,False,only_4096_correct,LTE|LTE|LTE|LTE|LTE|LTE|LTE|LTE,0.99933261|0.99956876|0.99943060|0.99961084|0.99974245|0.99957961|0.99928892|0.99977106,0.00046909|0.00028386|0.00037527|0.00025402|0.00016102|0.00028271|0.00049232|0.00014005
tr_external_uz_dvbt_f482_r06,125,8014,DVB-T,0.9993740916252136,0.9993740916252136,LTE,0.9973867535591125,0.0022150409222376766,0,8,0,False,only_4096_correct,LTE|LTE|LTE|LTE|LTE|LTE|LTE|LTE,0.99977082|0.99974686|0.99357361|0.99863905|0.99976903|0.99965942|0.99984074|0.98809451,0.00014238|0.00015823|0.00531817|0.00101128|0.00013969|0.00022203|0.00009582|0.01063274
tr_external_uz_dvbt_f482_r06,126,8015,DVB-T,0.998440682888031,0.998440682888031,LTE,0.9972407072782516,0.0023250103013197077,0,8,0,False,only_4096_correct,LTE|LTE|LTE|LTE|LTE|LTE|LTE|LTE,0.99957007|0.99975961|0.99937552|0.98147213|0.99980360|0.99863416|0.99954188|0.99976867,0.00028725|0.00014859|0.00041821|0.01616853|0.00011934|0.00101867|0.00029769|0.00014179
tr_external_uz_dvbt_f482_r06,127,8016,DVB-T,0.9994862079620361,0.9994862079620361,LTE,0.9988872185349464,0.0008253634305219748,0,8,0,False,only_4096_correct,LTE|LTE|LTE|LTE|LTE|LTE|LTE|LTE,0.99982232|0.99512970|0.99857759|0.99949968|0.99934644|0.99976987|0.99913019|0.99982196,0.00010850|0.00388171|0.00097901|0.00033633|0.00044714|0.00014360|0.00060310|0.00010351
tr_external_uz_dvbt_f482_r06,128,8017,DVB-T,0.9877043962478638,0.9877043962478638,LTE,0.9993893057107925,0.00045026255884295097,0,8,0,False,only_4096_correct,LTE|LTE|LTE|LTE|LTE|LTE|LTE|LTE,0.99983490|0.99977499|0.99984443|0.99903935|0.99975318|0.99976438|0.99725997|0.99984324,0.00010197|0.00013938|0.00009541|0.00071332|0.00015204|0.00014049|0.00217031|0.00008919
tr_external_uz_dvbt_f482_r06,129,8018,DVB-T,0.99828040599823,0.99828040599823,LTE,0.9649261310696602,0.034518316134381166,0,8,0,False,only_4096_correct,LTE|LTE|LTE|LTE|LTE|LTE|LTE|LTE,0.99823028|0.99977010|0.99912900|0.99980253|0.99950683|0.99972469|0.72345728|0.99978834,0.00135469|0.00014351|0.00060116|0.00012109|0.00032710|0.00017195|0.27330047|0.00012657
tr_external_uz_dvbt_f482_r06,130,8019,DVB-T,0.9995131492614746,0.9995131492614746,LTE,0.9993996471166611,0.00043757420735346386,0,8,0,False,only_4096_correct,LTE|LTE|LTE|LTE|LTE|LTE|LTE|LTE,0.99970537|0.99982148|0.99980587|0.99951720|0.99913210|0.99774361|0.99976784|0.99970371,0.00018429|0.00010380|0.00012114|0.00032091|0.00061951|0.00181419|0.00014358|0.00019318
tr_external_uz_dvbt_f482_r06,131,8020,DVB-T,0.9997453093528748,0.9997453093528748,LTE,0.999367780983448,0.0004387138933452661,0,8,0,False,only_4096_correct,LTE|LTE|LTE|LTE|LTE|LTE|LTE|LTE,0.99978894|0.99948311|0.99973804|0.99948490|0.99969327|0.99866343|0.99984086|0.99824971,0.00013118|0.00035449|0.00016548|0.00034373|0.00019438|0.00099665|0.00009128|0.00123252
tr_external_uz_dvbt_f482_r06,132,8021,DVB-T,0.9995442032814026,0.9995442032814026,LTE,0.9996731355786324,0.00020928428966726642,0,8,0,False,only_4096_correct,LTE|LTE|LTE|LTE|LTE|LTE|LTE|LTE,0.99980217|0.99978334|0.99965012|0.99966621|0.99968445|0.99974865|0.99928063|0.99976951,0.00011916|0.00013073|0.00022733|0.00021089|0.00019666|0.00016155|0.00048884|0.00013911
tr_external_uz_dvbt_f482_r06,133,8022,DVB-T,0.8898943662643433,0.8898943662643433,LTE,0.9923819303512573,0.006962116233808047,0,8,0,False,only_4096_correct,LTE|LTE|LTE|LTE|LTE|LTE|LTE|LTE,0.99969876|0.99961972|0.99983680|0.99792224|0.99474841|0.94805396|0.99931562|0.99985993,0.00019135|0.00024371|0.00009714|0.00168256|0.00410903|0.04882079|0.00047151|0.00008084
tr_external_uz_dvbt_f482_r06,134,8023,DVB-T,0.9993112087249756,0.9993112087249756,LTE,0.998527854681015,0.001090296467737062,0,8,0,False,only_4096_correct,LTE|LTE|LTE|LTE|LTE|LTE|LTE|LTE,0.99969912|0.98997152|0.99980241|0.99979860|0.99973375|0.99971610|0.99976331|0.99973804,0.00019219|0.00763733|0.00012146|0.00011978|0.00016334|0.00018202|0.00014593|0.00016033
tr_external_uz_dvbt_f482_r06,135,8024,DVB-T,0.9997789263725281,0.9997789263725281,LTE,0.9994576796889305,0.0003791128428929369,0,8,0,False,only_4096_correct,LTE|LTE|LTE|LTE|LTE|LTE|LTE|LTE,0.99982351|0.99979252|0.99982709|0.99897790|0.99967265|0.99951863|0.99972242|0.99832672,0.00010670|0.00012924|0.00009786|0.00072346|0.00021072|0.00032300|0.00017131|0.00127061
tr_external_uz_dvbt_f482_r06,136,8025,DVB-T,0.9992178678512573,0.9992178678512573,LTE,0.9965373650193214,0.003030031075468287,0,8,0,False,only_4096_correct,LTE|LTE|LTE|LTE|LTE|LTE|LTE|LTE,0.99982470|0.99978107|0.99955517|0.99982184|0.99476224|0.99976510|0.97902071|0.99976808,0.00010342|0.00013186|0.00029658|0.00010570|0.00428605|0.00014176|0.01902960|0.00014527
tr_external_uz_dvbt_f482_r06,137,8026,DVB-T,0.9998279809951782,0.9998279809951782,LTE,0.9994959458708763,0.00034495418913138565,0,8,0,False,only_4096_correct,LTE|LTE|LTE|LTE|LTE|LTE|LTE|LTE,0.99946982|0.99976975|0.99931979|0.99883062|0.99977702|0.99981278|0.99920195|0.99978584,0.00035851|0.00013990|0.00046871|0.00084306|0.00013895|0.00011427|0.00056158|0.00013465
tr_external_uz_dvbt_f482_r06,138,8027,DVB-T,0.9964680671691895,0.9964680671691895,LTE,0.999422661960125,0.0003984450368079706,0,8,0,False,only_4096_correct,LTE|LTE|LTE|LTE|LTE|LTE|LTE|LTE,0.99875462|0.99945766|0.99979514|0.99982661|0.99975818|0.99855751|0.99984491|0.99938667,0.00090194|0.00035551|0.00012727|0.00010691|0.00014967|0.00103709|0.00009076|0.00041842
tr_external_uz_dvbt_f482_r06,139,8028,DVB-T,0.9995039701461792,0.9995039701461792,LTE,0.9962723329663277,0.003119013223113143,0,8,0,False,only_4096_correct,LTE|LTE|LTE|LTE|LTE|LTE|LTE|LTE,0.99958950|0.99941218|0.99978071|0.99975544|0.97346640|0.99944490|0.99956065|0.99916887,0.00027610|0.00039379|0.00013205|0.00015338|0.02277320|0.00038012|0.00028374|0.00055973
tr_external_uz_dvbt_f482_r06,140,8029,DVB-T,0.99856036901474,0.99856036901474,LTE,0.9995699897408485,0.0002891992025979562,0,8,0,False,only_4096_correct,LTE|LTE|LTE|LTE|LTE|LTE|LTE|LTE,0.99883050|0.99978000|0.99976939|0.99968064|0.99978727|0.99966061|0.99971992|0.99933159,0.00084800|0.00013749|0.00013638|0.00021000|0.00012771|0.00020641|0.00017656|0.00047104
tr_external_uz_dvbt_f482_r06,141,8030,DVB-T,0.9895749688148499,0.9895749688148499,LTE,0.998213417828083,0.0015580783347104443,0,8,0,False,only_4096_correct,LTE|LTE|LTE|LTE|LTE|LTE|LTE|LTE,0.99979299|0.99987245|0.99955970|0.99974638|0.99975544|0.99985886|0.98788446|0.99923706,0.00012993|0.00007425|0.00029698|0.00015960|0.00014921|0.00008404|0.01102791|0.00054270
tr_external_uz_dvbt_f482_r06,142,8031,DVB-T,0.999369204044342,0.999369204044342,LTE,0.9996774196624756,0.00021198672402533703,0,8,0,False,only_4096_correct,LTE|LTE|LTE|LTE|LTE|LTE|LTE|LTE,0.99980825|0.99973136|0.99980944|0.99908769|0.99975652|0.99967360|0.99985158|0.99970090,0.00011464|0.00016923|0.00011028|0.00066118|0.00015246|0.00021002|0.00008852|0.00018955
tr_external_uz_dvbt_f482_r06,143,8032,DVB-T,0.9921467900276184,0.9921467900276184,LTE,0.9997674822807312,0.00014361515786731616,0,8,0,False,only_4096_correct,LTE|LTE|LTE|LTE|LTE|LTE|LTE|LTE,0.99981767|0.99975806|0.99980718|0.99978954|0.99980479|0.99967432|0.99980789|0.99968040,0.00010380|0.00014593|0.00011976|0.00012710|0.00011919|0.00020648|0.00011887|0.00020780
tr_external_uz_dvbt_f482_r06,144,8033,DVB-T,0.9994171857833862,0.9994171857833862,LTE,0.9996752440929413,0.00020873176617897116,0,8,0,False,only_4096_correct,LTE|LTE|LTE|LTE|LTE|LTE|LTE|LTE,0.99982089|0.99931681|0.99974698|0.99978846|0.99963558|0.99959749|0.99971777|0.99977797,0.00010927|0.00048206|0.00015481|0.00012777|0.00022860|0.00025926|0.00017481|0.00013328
tr_external_uz_dvbt_f482_r06,145,8034,DVB-T,0.9997950196266174,0.9997950196266174,LTE,0.9980331063270569,0.0015628637165718828,0,8,0,False,only_4096_correct,LTE|LTE|LTE|LTE|LTE|LTE|LTE|LTE,0.99050331|0.99980062|0.99971956|0.99816269|0.99927622|0.99808490|0.99922037|0.99949718,0.00795713|0.00012173|0.00017524|0.00135510|0.00051297|0.00148395|0.00055840|0.00033840
tr_external_uz_dvbt_f482_r06,146,8035,DVB-T,0.9997431635856628,0.9997431635856628,LTE,0.9094185009598732,0.08857793797869817,1,7,0,False,only_4096_correct,LTE|LTE|LTE|LTE|LTE|DVB-T|LTE|LTE,0.99974555|0.99971193|0.99957293|0.99921846|0.99975699|0.66993350|0.99930370|0.95165777,0.00016058|0.00018102|0.00029431|0.00055497|0.00014977|0.66993350|0.00048550|0.03686384
tr_external_uz_dvbt_f482_r06,147,8036,DVB-T,0.9996050000190735,0.9996050000190735,LTE,0.9990363046526909,0.0007134054467314854,0,8,0,False,only_4096_correct,LTE|LTE|LTE|LTE|LTE|LTE|LTE|LTE,0.99945897|0.99981278|0.99751711|0.99947280|0.99958521|0.99915743|0.99777311|0.99951303,0.00033967|0.00011485|0.00200667|0.00036019|0.00027197|0.00059993|0.00168556|0.00032842
tr_external_uz_dvbt_f482_r06,148,8037,DVB-T,0.9996389150619507,0.9996389150619507,LTE,0.9995543658733368,0.0003038555059902137,0,8,0,False,only_4096_correct,LTE|LTE|LTE|LTE|LTE|LTE|LTE|LTE,0.99964738|0.99978930|0.99930382|0.99983442|0.99955934|0.99887294|0.99977762|0.99965012,0.00023333|0.00013001|0.00049248|0.00009792|0.00029045|0.00081704|0.00014077|0.00022884
tr_external_uz_dvbt_f482_r06,149,8038,DVB-T,0.9982557892799377,0.9982557892799377,LTE,0.9982088655233383,0.0013852295824108296,0,8,0,False,only_4096_correct,LTE|LTE|LTE|LTE|LTE|LTE|LTE|LTE,0.99950075|0.99970919|0.99967706|0.99978858|0.99478132|0.99970347|0.99981004|0.99270052,0.00031910|0.00017648|0.00020729|0.00013119|0.00434000|0.00018478|0.00011815|0.00560484
tr_external_uz_dvbt_f482_r06,150,8039,DVB-T,0.9964932799339294,0.9964932799339294,LTE,0.9990474805235863,0.0007107804594852496,0,8,0,False,only_4096_correct,LTE|LTE|LTE|LTE|LTE|LTE|LTE|LTE,0.99983335|0.99958986|0.99976832|0.99531519|0.99846715|0.99982625|0.99972397|0.99985576,0.00009620|0.00026141|0.00014252|0.00374511|0.00108111|0.00010330|0.00017245|0.00008415
tr_external_uz_dvbt_f482_r06,151,8040,DVB-T,0.9987357258796692,0.9987357258796692,LTE,0.999794490635395,0.00012477694235712988,0,8,0,False,only_4096_correct,LTE|LTE|LTE|LTE|LTE|LTE|LTE|LTE,0.99971658|0.99987268|0.99976784|0.99982089|0.99976498|0.99982387|0.99981302|0.99977607,0.00017705|0.00007422|0.00014334|0.00010404|0.00014204|0.00010366|0.00011305|0.00014082
tr_external_uz_dvbt_f482_r06,152,8041,DVB-T,0.9963990449905396,0.9963990449905396,LTE,0.9997806921601295,0.00013220168875704985,0,8,0,False,only_4096_correct,LTE|LTE|LTE|LTE|LTE|LTE|LTE|LTE,0.99970227|0.99973530|0.99979812|0.99983299|0.99982315|0.99979037|0.99974293|0.99982041,0.00018265|0.00016410|0.00011830|0.00010237|0.00010688|0.00012536|0.00015634|0.00010161
tr_external_uz_dvbt_f482_r06,153,8042,DVB-T,0.9964390397071838,0.9964390397071838,LTE,0.9996934831142426,0.00019680274454003666,0,8,0,False,only_4096_correct,LTE|LTE|LTE|LTE|LTE|LTE|LTE|LTE,0.99977595|0.99980479|0.99976450|0.99982244|0.99972600|0.99966514|0.99910551|0.99988353,0.00013705|0.00012126|0.00014428|0.00010859|0.00016840|0.00020881|0.00061584|0.00007019
tr_external_uz_dvbt_f482_r06,154,8043,DVB-T,0.9996539354324341,0.9996539354324341,LTE,0.9982500597834587,0.0014033932029633434,0,8,0,False,only_4096_correct,LTE|LTE|LTE|LTE|LTE|LTE|LTE|LTE,0.99896085|0.99977928|0.99878305|0.99963355|0.98997098|0.99983215|0.99960119|0.99943942,0.00075602|0.00013500|0.00088562|0.00023459|0.00848546|0.00009401|0.00025720|0.00037926
tr_external_uz_dvbt_f482_r06,155,8044,DVB-T,0.9980961680412292,0.9980961680412292,LTE,0.9992864355444908,0.0004965595626345021,0,8,0,False,only_4096_correct,LTE|LTE|LTE|LTE|LTE|LTE|LTE|LTE,0.99989200|0.99973410|0.99980897|0.99857306|0.99876702|0.99976975|0.99944884|0.99829775,0.00006463|0.00016788|0.00010760|0.00103197|0.00087742|0.00014125|0.00037621|0.00120552
tr_external_uz_dvbt_f482_r06,156,8045,DVB-T,0.9997085928916931,0.9997085928916931,LTE,0.9995111227035522,0.00034374475490039913,0,8,0,False,only_4096_correct,LTE|LTE|LTE|LTE|LTE|LTE|LTE|LTE,0.99923253|0.99964643|0.99976069|0.99981457|0.99839848|0.99975389|0.99977249|0.99970990,0.00053643|0.00022606|0.00014861|0.00011168|0.00126161|0.00014879|0.00014282|0.00017395
tr_external_uz_dvbt_f482_r06,157,8046,DVB-T,0.9995348453521729,0.9995348453521729,LTE,0.9976479709148407,0.0019777665638684994,0,8,0,False,only_4096_correct,LTE|LTE|LTE|LTE|LTE|LTE|LTE|LTE,0.99969196|0.99976927|0.99976999|0.99977893|0.99975079|0.99976665|0.98279828|0.99985790,0.00019874|0.00014728|0.00013980|0.00013694|0.00015719|0.00014404|0.01480985|0.00008829
tr_external_uz_dvbt_f482_r06,158,8047,DVB-T,0.9983859062194824,0.9983859062194824,LTE,0.9996544495224953,0.0002280230419273721,0,8,0,False,only_4096_correct,LTE|LTE|LTE|LTE|LTE|LTE|LTE|LTE,0.99975151|0.99973613|0.99942648|0.99981743|0.99977654|0.99972767|0.99967659|0.99932325,0.00015684|0.00016603|0.00039985|0.00011037|0.00013701|0.00017352|0.00021133|0.00046923
tr_external_uz_dvbt_f482_r06,159,8048,DVB-T,0.9993289709091187,0.9993289709091187,LTE,0.9995828494429588,0.0002957727165266988,0,8,0,False,only_4096_correct,LTE|LTE|LTE|LTE|LTE|LTE|LTE|LTE,0.99973243|0.99979872|0.99970132|0.99981028|0.99962831|0.99839646|0.99981207|0.99978322,0.00016417|0.00012579|0.00018811|0.00011472|0.00023996|0.00128346|0.00011664|0.00013333
tr_external_uz_dvbt_f482_r06,160,8049,DVB-T,0.999334990978241,0.999334990978241,LTE,0.9997122660279274,0.00018418415493215434,0,8,0,False,only_4096_correct,LTE|LTE|LTE|LTE|LTE|LTE|LTE|LTE,0.99965572|0.99981910|0.99971312|0.99967647|0.99982089|0.99985731|0.99980587|0.99934965,0.00022186|0.00010963|0.00017598|0.00020821|0.00010561|0.00008771|0.00011551|0.00044896
tr_external_uz_dvbt_f482_r06,161,8050,DVB-T,0.999576985836029,0.999576985836029,LTE,0.9996861591935158,0.00019991429871879518,0,8,0,False,only_4096_correct,LTE|LTE|LTE|LTE|LTE|LTE|LTE|LTE,0.99981147|0.99974006|0.99965191|0.99952507|0.99975830|0.99939585|0.99978656|0.99982005,0.00011560|0.00016386|0.00022951|0.00031005|0.00014849|0.00039702|0.00012649|0.00010829
tr_external_uz_dvbt_f482_r06,162,8051,DVB-T,0.9976361989974976,0.9976361989974976,LTE,0.9993678629398346,0.0004373086967461859,0,8,0,False,only_4096_correct,LTE|LTE|LTE|LTE|LTE|LTE|LTE|LTE,0.99962771|0.99985921|0.99973410|0.99642354|0.99983394|0.99981874|0.99984562|0.99980003,0.00024213|0.00008171|0.00016224|0.00259193|0.00010147|0.00010677|0.00008826|0.00012397
tr_external_uz_dvbt_f482_r06,163,8052,DVB-T,0.997717022895813,0.997717022895813,LTE,0.9996940493583679,0.00019555123253667261,0,8,0,False,only_4096_correct,LTE|LTE|LTE|LTE|LTE|LTE|LTE|LTE,0.99959987|0.99969399|0.99973756|0.99984717|0.99981040|0.99980229|0.99979895|0.99926215,0.00026424|0.00018980|0.00016036|0.00009036|0.00011693|0.00011564|0.00012477|0.00050230
tr_external_uz_dvbt_f482_r06,164,8053,DVB-T,0.999665379524231,0.999665379524231,LTE,0.99959397315979,0.0002684730916371336,0,8,0,False,only_4096_correct,LTE|LTE|LTE|LTE|LTE|LTE|LTE|LTE,0.99931145|0.99972433|0.99966979|0.99975818|0.99975961|0.99943274|0.99941671|0.99967897,0.00047184|0.00017642|0.00021162|0.00014616|0.00014794|0.00038837|0.00040553|0.00019991
tr_external_uz_dvbt_f482_r06,165,8054,DVB-T,0.9994706511497498,0.9994706511497498,LTE,0.9996035769581795,0.0002674427287274739,0,8,0,False,only_4096_correct,LTE|LTE|LTE|LTE|LTE|LTE|LTE|LTE,0.99984300|0.99939692|0.99976963|0.99876571|0.99986637|0.99965799|0.99976534|0.99976367,0.00009206|0.00040932|0.00014042|0.00090029|0.00007898|0.00022103|0.00014557|0.00015188
tr_external_uz_dvbt_f482_r06,166,8055,DVB-T,0.9996263980865479,0.9996263980865479,LTE,0.9996500462293625,0.0002257358773931628,0,8,0,False,only_4096_correct,LTE|LTE|LTE|LTE|LTE|LTE|LTE|LTE,0.99969196|0.99970311|0.99974674|0.99959964|0.99977344|0.99944419|0.99951434|0.99972695,0.00019266|0.00018154|0.00015801|0.00026458|0.00013979|0.00038138|0.00032231|0.00016560
tr_external_uz_dvbt_f482_r06,167,8056,DVB-T,0.9997653365135193,0.9997653365135193,LTE,0.9997427463531494,0.00016149638940987643,0,8,0,False,only_4096_correct,LTE|LTE|LTE|LTE|LTE|LTE|LTE|LTE,0.99978369|0.99973673|0.99968791|0.99977154|0.99969578|0.99980563|0.99974805|0.99971265,0.00013460|0.00016866|0.00019658|0.00014476|0.00019143|0.00011829|0.00015765|0.00018000
tr_external_uz_dvbt_f482_r06,168,8057,DVB-T,0.9993634819984436,0.9993634819984436,LTE,0.997550755739212,0.0020245564037395525,0,8,0,False,only_4096_correct,LTE|LTE|LTE|LTE|LTE|LTE|LTE|LTE,0.99952805|0.99965250|0.99983418|0.99971777|0.99783725|0.99959439|0.99981743|0.98442447,0.00032185|0.00021532|0.00010010|0.00017869|0.00166335|0.00026287|0.00010625|0.01334801
tr_external_uz_dvbt_f482_r06,169,8058,DVB-T,0.9996322393417358,0.9996322393417358,LTE,0.9990317821502686,0.0007003509290370857,0,8,0,False,only_4096_correct,LTE|LTE|LTE|LTE|LTE|LTE|LTE|LTE,0.99972552|0.99982375|0.99948007|0.99466950|0.99916983|0.99980456|0.99984252|0.99973851,0.00016711|0.00010530|0.00035119|0.00401102|0.00059615|0.00011965|0.00009059|0.00016180
tr_external_uz_dvbt_f482_r06,170,8059,DVB-T,0.9945560693740845,0.9945560693740845,LTE,0.9994414746761322,0.0003915652832802152,0,8,0,False,only_4096_correct,LTE|LTE|LTE|LTE|LTE|LTE|LTE|LTE,0.99987531|0.99962687|0.99715865|0.99974447|0.99975103|0.99978155|0.99975055|0.99984336,0.00007226|0.00023139|0.00213689|0.00015537|0.00015454|0.00013490|0.00015456|0.00009261
tr_external_uz_dvbt_f482_r06,171,8060,DVB-T,0.9994074106216431,0.9994074106216431,LTE,0.9995041415095329,0.00033964993053814396,0,8,0,False,only_4096_correct,LTE|LTE|LTE|LTE|LTE|LTE|LTE|LTE,0.99961108|0.99976844|0.99961925|0.99954778|0.99977237|0.99970955|0.99982172|0.99818295,0.00025316|0.00013765|0.00025428|0.00029947|0.00014228|0.00018052|0.00011145|0.00133840
tr_external_uz_dvbt_f482_r06,172,8061,DVB-T,0.9997292160987854,0.9997292160987854,LTE,0.9996471479535103,0.00023108663845050614,0,8,0,False,only_4096_correct,LTE|LTE|LTE|LTE|LTE|LTE|LTE|LTE,0.99978036|0.99968469|0.99962699|0.99976271|0.99959844|0.99975342|0.99961960|0.99935097,0.00013054|0.00020275|0.00024061|0.00014756|0.00026440|0.00015243|0.00024712|0.00046328
tr_external_uz_dvbt_f482_r06,173,8062,DVB-T,0.9994404911994934,0.9994404911994934,LTE,0.999211274087429,0.0005909249366595759,0,8,0,False,only_4096_correct,LTE|LTE|LTE|LTE|LTE|LTE|LTE|LTE,0.99969256|0.99643481|0.99982077|0.99932563|0.99980384|0.99904352|0.99976951|0.99979955,0.00018810|0.00288648|0.00010608|0.00047832|0.00011978|0.00069390|0.00013426|0.00012048
tr_external_uz_dvbt_f482_r06,174,8063,DVB-T,0.993813157081604,0.993813157081604,LTE,0.999772734940052,0.00013888187913835282,0,8,0,False,only_4096_correct,LTE|LTE|LTE|LTE|LTE|LTE|LTE|LTE,0.99983764|0.99976605|0.99982470|0.99980241|0.99965322|0.99968159|0.99981815|0.99979812,0.00009724|0.00013755|0.00010464|0.00011924|0.00021620|0.00020198|0.00010839|0.00012582
tr_external_uz_dvbt_f482_r06,175,8064,DVB-T,0.9993390440940857,0.9993390440940857,LTE,0.9995259419083595,0.0003196442585249315,0,8,0,False,only_4096_correct,LTE|LTE|LTE|LTE|LTE|LTE|LTE|LTE,0.99976450|0.99965477|0.99885237|0.99969780|0.99983275|0.99911767|0.99944383|0.99984384,0.00014660|0.00022260|0.00079835|0.00019222|0.00009396|0.00064377|0.00036928|0.00009038
tr_external_uz_dvbt_f482_r06,176,8065,DVB-T,0.9993367791175842,0.9993367791175842,LTE,0.9994003847241402,0.0004171680429863045,0,8,0,False,only_4096_correct,LTE|LTE|LTE|LTE|LTE|LTE|LTE|LTE,0.99981266|0.99967098|0.99976403|0.99939287|0.99869376|0.99840289|0.99980801|0.99965787,0.00011654|0.00021358|0.00014212|0.00041213|0.00088966|0.00122892|0.00011858|0.00021581
tr_external_uz_dvbt_f482_r06,177,8066,DVB-T,0.9997120499610901,0.9997120499610901,LTE,0.9994978755712509,0.0003371620041434653,0,8,0,False,only_4096_correct,LTE|LTE|LTE|LTE|LTE|LTE|LTE|LTE,0.99985468|0.99948597|0.99971730|0.99869460|0.99931550|0.99926525|0.99979407|0.99985564,0.00008467|0.00033462|0.00017695|0.00090334|0.00046942|0.00051427|0.00012695|0.00008709
tr_external_uz_dvbt_f482_r06,178,8067,DVB-T,0.9995642304420471,0.9995642304420471,LTE,0.9988577961921692,0.0008279082394437864,0,8,0,False,only_4096_correct,LTE|LTE|LTE|LTE|LTE|LTE|LTE|LTE,0.99752730|0.99976701|0.99921536|0.99980170|0.99978560|0.99575174|0.99937844|0.99963522,0.00178598|0.00014028|0.00053597|0.00012326|0.00013272|0.00324525|0.00042443|0.00023536
tr_external_uz_dvbt_f482_r06,179,8068,DVB-T,0.9990283250808716,0.9990283250808716,LTE,0.9991414397954941,0.0006326775919660577,0,8,0,False,only_4096_correct,LTE|LTE|LTE|LTE|LTE|LTE|LTE|LTE,0.99901736|0.99980956|0.99960667|0.99967360|0.99961472|0.99583805|0.99981958|0.99975199,0.00066762|0.00011551|0.00026022|0.00021324|0.00024671|0.00329370|0.00011109|0.00015334
tr_external_uz_dvbt_f482_r06,180,8069,DVB-T,0.9994083642959595,0.9994083642959595,LTE,0.9992095828056335,0.0005506932975549717,0,8,0,False,only_4096_correct,LTE|LTE|LTE|LTE|LTE|LTE|LTE|LTE,0.99562991|0.99961734|0.99977046|0.99963069|0.99983013|0.99958819|0.99981970|0.99979025,0.00317248|0.00024822|0.00014067|0.00023799|0.00009895|0.00027332|0.00010362|0.00013030
tr_external_uz_dvbt_f482_r06,181,8070,DVB-T,0.9995850920677185,0.9995850920677185,LTE,0.9997353181242943,0.00016612705985608045,0,8,0,False,only_4096_correct,LTE|LTE|LTE|LTE|LTE|LTE|LTE|LTE,0.99984503|0.99966395|0.99978608|0.99984348|0.99967813|0.99950337|0.99982244|0.99974006,0.00008958|0.00022104|0.00012802|0.00009043|0.00020458|0.00032767|0.00010575|0.00016194
tr_external_uz_dvbt_f482_r06,182,8071,DVB-T,0.9995601773262024,0.9995601773262024,LTE,0.9996030479669571,0.0002628455349622527,0,8,0,False,only_4096_correct,LTE|LTE|LTE|LTE|LTE|LTE|LTE|LTE,0.99966681|0.99929392|0.99981207|0.99978882|0.99927682|0.99972838|0.99946803|0.99978954,0.00021212|0.00049406|0.00011607|0.00012605|0.00050309|0.00017220|0.00035457|0.00012461
tr_external_uz_dvbt_f482_r06,183,8072,DVB-T,0.9998160004615784,0.9998160004615784,LTE,0.9995728954672813,0.00028113611551816575,0,8,0,False,only_4096_correct,LTE|LTE|LTE|LTE|LTE|LTE|LTE|LTE,0.99967051|0.99976605|0.99974698|0.99978358|0.99960274|0.99912876|0.99910885|0.99977571,0.00021641|0.00014561|0.00015957|0.00013598|0.00025763|0.00059767|0.00059611|0.00014011
tr_external_uz_dvbt_f482_r06,184,8073,DVB-T,0.9974217414855957,0.9974217414855957,LTE,0.998612217605114,0.001074175826033752,0,8,0,False,only_4096_correct,LTE|LTE|LTE|LTE|LTE|LTE|LTE|LTE,0.99981958|0.99980527|0.99974078|0.99937600|0.99872142|0.99981481|0.99263847|0.99898142,0.00010362|0.00012002|0.00016339|0.00043410|0.00095794|0.00010598|0.00599670|0.00071164
tr_external_uz_dvbt_f482_r06,185,8074,DVB-T,0.9991652965545654,0.9991652965545654,LTE,0.9995459392666817,0.0003041686723008752,0,8,0,False,only_4096_correct,LTE|LTE|LTE|LTE|LTE|LTE|LTE|LTE,0.99967611|0.99984884|0.99962330|0.99972719|0.99977785|0.99930441|0.99911064|0.99929917,0.00021173|0.00009149|0.00025338|0.00016784|0.00013929|0.00046253|0.00061270|0.00049439
tr_external_uz_dvbt_f482_r06,186,8075,DVB-T,0.9991909861564636,0.9991909861564636,LTE,0.9997329264879227,0.00016649296412651893,0,8,0,False,only_4096_correct,LTE|LTE|LTE|LTE|LTE|LTE|LTE|LTE,0.99985981|0.99964035|0.99980861|0.99968076|0.99971992|0.99976915|0.99962842|0.99975640,0.00008024|0.00023179|0.00011254|0.00020312|0.00017978|0.00014066|0.00023465|0.00014916
tr_external_uz_dvbt_f482_r06,187,8076,DVB-T,0.9980740547180176,0.9980740547180176,LTE,0.9997802525758743,0.0001351520195385092,0,8,0,False,only_4096_correct,LTE|LTE|LTE|LTE|LTE|LTE|LTE|LTE,0.99977666|0.99977022|0.99964082|0.99982446|0.99978679|0.99985492|0.99979085|0.99979728,0.00013560|0.00014132|0.00022613|0.00010711|0.00013363|0.00008297|0.00012736|0.00012712
tr_external_uz_dvbt_f482_r06,188,8077,DVB-T,0.9979064464569092,0.9979064464569092,LTE,0.9998316317796707,0.00010172783095185878,0,8,0,False,only_4096_correct,LTE|LTE|LTE|LTE|LTE|LTE|LTE|LTE,0.99986708|0.99986863|0.99981958|0.99985445|0.99982685|0.99985254|0.99979538|0.99976856,0.00007948|0.00007725|0.00010849|0.00008710|0.00010329|0.00009010|0.00012550|0.00014261
tr_external_uz_dvbt_f482_r06,189,8078,DVB-T,0.9991231560707092,0.9991231560707092,LTE,0.9995926916599274,0.0002828729675456998,0,8,0,False,only_4096_correct,LTE|LTE|LTE|LTE|LTE|LTE|LTE|LTE,0.99984646|0.99980968|0.99980682|0.99856710|0.99977535|0.99983728|0.99952209|0.99957675,0.00008970|0.00011730|0.00011308|0.00110848|0.00013648|0.00010070|0.00032343|0.00027381
tr_external_uz_dvbt_f482_r06,190,8079,DVB-T,0.9990678429603577,0.9990678429603577,LTE,0.9996737241744995,0.00020806943030038383,0,8,0,False,only_4096_correct,LTE|LTE|LTE|LTE|LTE|LTE|LTE|LTE,0.99953198|0.99973351|0.99974340|0.99970394|0.99981469|0.99972874|0.99947208|0.99966145,0.00031015|0.00016840|0.00015988|0.00019237|0.00010712|0.00016919|0.00033594|0.00022150
tr_external_uz_dvbt_f482_r06,191,8080,DVB-T,0.9988827109336853,0.9988827109336853,LTE,0.9993699118494987,0.0004442701929292525,0,8,0,False,only_4096_correct,LTE|LTE|LTE|LTE|LTE|LTE|LTE|LTE,0.99962652|0.99981326|0.99943072|0.99726260|0.99972421|0.99952054|0.99979562|0.99978584,0.00024962|0.00011369|0.00038958|0.00205918|0.00016946|0.00031379|0.00012599|0.00013286
tr_external_uz_dvbt_f482_r06,192,8081,DVB-T,0.9995772242546082,0.9995772242546082,LTE,0.9995902478694916,0.00027673430577124236,0,8,0,False,only_4096_correct,LTE|LTE|LTE|LTE|LTE|LTE|LTE|LTE,0.99980170|0.99867010|0.99953580|0.99972850|0.99970883|0.99975568|0.99980170|0.99971968,0.00012030|0.00097353|0.00031277|0.00017432|0.00018582|0.00014598|0.00012220|0.00017895
tr_external_uz_dvbt_f482_r06,193,8082,DVB-T,0.999761164188385,0.999761164188385,LTE,0.9932133108377457,0.0062377095127885696,0,8,0,False,only_4096_correct,LTE|LTE|LTE|LTE|LTE|LTE|LTE|LTE,0.99906784|0.99976963|0.99909484|0.99953139|0.95271546|0.99983084|0.99591172|0.99978477,0.00067590|0.00014201|0.00064402|0.00031521|0.04465303|0.00010362|0.00323618|0.00013171
tr_external_uz_dvbt_f482_r06,194,8083,DVB-T,0.9998028874397278,0.9998028874397278,LTE,0.999541386961937,0.00031616548403690103,0,8,0,False,only_4096_correct,LTE|LTE|LTE|LTE|LTE|LTE|LTE|LTE,0.99927217|0.99886262|0.99967432|0.99983466|0.99932325|0.99979681|0.99981445|0.99975282,0.00050623|0.00086698|0.00020212|0.00009617|0.00046730|0.00012547|0.00011319|0.00015187
tr_external_uz_dvbt_f482_r06,195,8084,DVB-T,0.9996193647384644,0.9996193647384644,LTE,0.999584324657917,0.0002823265831466415,0,8,0,False,only_4096_correct,LTE|LTE|LTE|LTE|LTE|LTE|LTE|LTE,0.99976844|0.99978858|0.99871790|0.99978548|0.99938691|0.99979395|0.99980503|0.99962831,0.00014446|0.00013059|0.00094176|0.00013632|0.00043126|0.00012310|0.00011900|0.00023213
tr_external_uz_dvbt_f482_r06,196,8085,DVB-T,0.9995785355567932,0.9995785355567932,LTE,0.9996329843997955,0.00024145371025952045,0,8,0,False,only_4096_correct,LTE|LTE|LTE|LTE|LTE|LTE|LTE|LTE,0.99970871|0.99959868|0.99962437|0.99944109|0.99979621|0.99979526|0.99963546|0.99946409,0.00017779|0.00026380|0.00024586|0.00039057|0.00012716|0.00011887|0.00024179|0.00036579
tr_external_uz_dvbt_f482_r06,197,8086,DVB-T,0.9993797540664673,0.9993797540664673,LTE,0.9997545480728149,0.0001518025565019343,0,8,0,False,only_4096_correct,LTE|LTE|LTE|LTE|LTE|LTE|LTE|LTE,0.99986005|0.99980587|0.99981362|0.99967229|0.99985182|0.99950016|0.99979526|0.99973732,0.00008136|0.00011830|0.00011341|0.00021684|0.00008697|0.00034288|0.00011911|0.00013556
tr_external_uz_dvbt_f482_r06,198,8087,DVB-T,0.9972314238548279,0.9972314238548279,LTE,0.9997686818242073,0.00014357821146404603,0,8,0,False,only_4096_correct,LTE|LTE|LTE|LTE|LTE|LTE|LTE|LTE,0.99974233|0.99985003|0.99972969|0.99963307|0.99973875|0.99984467|0.99978703|0.99982387,0.00016084|0.00008630|0.00017088|0.00024352|0.00016206|0.00008917|0.00012757|0.00010829
tr_external_uz_dvbt_f482_r06,199,8088,DVB-T,0.97756028175354,0.97756028175354,LTE,0.9997962862253189,0.0001237015212609549,0,8,0,False,only_4096_correct,LTE|LTE|LTE|LTE|LTE|LTE|LTE|LTE,0.99983728|0.99981767|0.99971658|0.99981016|0.99978346|0.99976069|0.99983311|0.99981135,0.00009516|0.00010843|0.00018252|0.00011064|0.00013190|0.00014540|0.00010312|0.00011244
tr_external_uz_dvbt_f482_r06,200,8089,DVB-T,0.9997287392616272,0.9997287392616272,LTE,0.9989141002297401,0.0008527839918315294,0,8,0,False,only_4096_correct,LTE|LTE|LTE|LTE|LTE|LTE|LTE|LTE,0.99972850|0.99979419|0.99984610|0.99287790|0.99978369|0.99966466|0.99983811|0.99977964,0.00017049|0.00012020|0.00008981|0.00585704|0.00013132|0.00021986|0.00009637|0.00013718
tr_external_uz_dvbt_f482_r06,201,8090,DVB-T,0.9995385408401489,0.9995385408401489,LTE,0.9994995668530464,0.0003311474893052946,0,8,0,False,only_4096_correct,LTE|LTE|LTE|LTE|LTE|LTE|LTE|LTE,0.99985564|0.99972445|0.99947721|0.99977475|0.99975711|0.99971467|0.99792069|0.99977201,0.00008194|0.00017002|0.00034839|0.00013210|0.00015555|0.00018375|0.00143379|0.00014362
tr_external_uz_dvbt_f482_r06,202,8091,DVB-T,0.9994571805000305,0.9994571805000305,LTE,0.9995600879192352,0.00029244974848552374,0,8,0,False,only_4096_correct,LTE|LTE|LTE|LTE|LTE|LTE|LTE|LTE,0.99905902|0.99982721|0.99976009|0.99982423|0.99901605|0.99958640|0.99956554|0.99984217,0.00063904|0.00010651|0.00014880|0.00010525|0.00070843|0.00026004|0.00027555|0.00009599
tr_external_uz_dvbt_f482_r06,203,8092,DVB-T,0.9988961219787598,0.9988961219787598,LTE,0.9977298974990845,0.0018073450801239233,0,8,0,False,only_4096_correct,LTE|LTE|LTE|LTE|LTE|LTE|LTE|LTE,0.99039537|0.99981743|0.99975759|0.99379635|0.99914432|0.99955684|0.99959105|0.99978024,0.00801598|0.00011021|0.00014904|0.00484793|0.00063631|0.00029749|0.00027110|0.00013070
tr_external_uz_dvbt_f482_r06,204,8093,DVB-T,0.9995419979095459,0.9995419979095459,LTE,0.9995106384158134,0.00033420033196307486,0,8,0,False,only_4096_correct,LTE|LTE|LTE|LTE|LTE|LTE|LTE|LTE,0.99929225|0.99983084|0.99972349|0.99835855|0.99954385|0.99982977|0.99976617|0.99974018,0.00049468|0.00010016|0.00017525|0.00120732|0.00029841|0.00009792|0.00014412|0.00015575
tr_external_uz_dvbt_f482_r06,205,8094,DVB-T,0.9992819428443909,0.9992819428443909,LTE,0.9995523616671562,0.00031156878230831353,0,8,0,False,only_4096_correct,LTE|LTE|LTE|LTE|LTE|LTE|LTE|LTE,0.99977881|0.99978179|0.99772245|0.99976081|0.99984717|0.99983430|0.99981898|0.99987459,0.00013151|0.00013655|0.00170252|0.00014851|0.00009193|0.00010018|0.00010703|0.00007431
tr_external_uz_dvbt_f482_r06,206,8095,DVB-T,0.9991437196731567,0.9991437196731567,LTE,0.9997118934988976,0.0001858709438238293,0,8,0,False,only_4096_correct,LTE|LTE|LTE|LTE|LTE|LTE|LTE|LTE,0.99945301|0.99981409|0.99979097|0.99981719|0.99986398|0.99929547|0.99980313|0.99985731,0.00037228|0.00010877|0.00012309|0.00010468|0.00008224|0.00048861|0.00012226|0.00008504
tr_external_uz_dvbt_f482_r06,207,8096,DVB-T,0.9941670894622803,0.9941670894622803,LTE,0.9996681958436966,0.00021439563079184154,0,8,0,False,only_4096_correct,LTE|LTE|LTE|LTE|LTE|LTE|LTE|LTE,0.99975234|0.99986410|0.99981099|0.99889249|0.99980658|0.99965119|0.99979454|0.99977332,0.00015464|0.00008168|0.00011363|0.00077099|0.00011227|0.00022042|0.00012279|0.00013875
tr_external_uz_dvbt_f482_r06,208,8097,DVB-T,0.9966719150543213,0.9966719150543213,LTE,0.9997861385345459,0.0001313723050770932,0,8,0,False,only_4096_correct,LTE|LTE|LTE|LTE|LTE|LTE|LTE|LTE,0.99966443|0.99976474|0.99984539|0.99979931|0.99980921|0.99980992|0.99982446|0.99977165,0.00021984|0.00013803|0.00009567|0.00012257|0.00011040|0.00011447|0.00010708|0.00014293
tr_external_uz_dvbt_f482_r06,209,8098,DVB-T,0.9981174468994141,0.9981174468994141,LTE,0.9995429143309593,0.00031007177403807873,0,8,0,False,only_4096_correct,LTE|LTE|LTE|LTE|LTE|LTE|LTE|LTE,0.99980801|0.99979466|0.99986207|0.99939382|0.99978131|0.99938059|0.99961495|0.99870789,0.00011496|0.00012883|0.00008164|0.00040553|0.00012933|0.00042052|0.00024679|0.00095297
tr_external_uz_dvbt_f482_r06,210,8099,DVB-T,0.9991983771324158,0.9991983771324158,LTE,0.9998023957014084,0.00011807660030171974,0,8,0,False,only_4096_correct,LTE|LTE|LTE|LTE|LTE|LTE|LTE|LTE,0.99977344|0.99982709|0.99977905|0.99986351|0.99976152|0.99983430|0.99979728|0.99978298,0.00013319|0.00010581|0.00013399|0.00007842|0.00014817|0.00009213|0.00011890|0.00013400
tr_external_uz_dvbt_f482_r06,211,8100,DVB-T,0.9901620149612427,0.9901620149612427,LTE,0.9997359067201614,0.000166795351105975,0,8,0,False,only_4096_correct,LTE|LTE|LTE|LTE|LTE|LTE|LTE|LTE,0.99979645|0.99983692|0.99983299|0.99978334|0.99981683|0.99971300|0.99977130|0.99933642,0.00011906|0.00009910|0.00009608|0.00012457|0.00010720|0.00018060|0.00014180|0.00046596
tr_external_uz_dvbt_f482_r06,212,8101,DVB-T,0.9970561265945435,0.9970561265945435,LTE,0.999723806977272,0.00017518460026622051,0,8,0,False,only_4096_correct,LTE|LTE|LTE|LTE|LTE|LTE|LTE|LTE,0.99973935|0.99973339|0.99922156|0.99985182|0.99981838|0.99982530|0.99982625|0.99977440,0.00015568|0.00016260|0.00053617|0.00008890|0.00011251|0.00010453|0.00010269|0.00013840
tr_external_uz_dvbt_f482_r06,213,8102,DVB-T,0.9988780617713928,0.9988780617713928,LTE,0.9996527656912804,0.000225721772039833,0,8,0,False,only_4096_correct,LTE|LTE|LTE|LTE|LTE|LTE|LTE|LTE,0.99917334|0.99984074|0.99954599|0.99979490|0.99985051|0.99945396|0.99986136|0.99970132,0.00057804|0.00008806|0.00029528|0.00012488|0.00009230|0.00035725|0.00008193|0.00018804
tr_external_uz_dvbt_f482_r06,214,8103,DVB-T,0.9993308782577515,0.9993308782577515,LTE,0.9997855424880981,0.0001299030536756618,0,8,0,False,only_4096_correct,LTE|LTE|LTE|LTE|LTE|LTE|LTE|LTE,0.99984837|0.99980921|0.99978346|0.99980587|0.99971133|0.99976546|0.99972349|0.99983716,0.00008583|0.00011551|0.00013073|0.00011657|0.00017979|0.00014724|0.00017029|0.00009326
tr_external_uz_dvbt_f482_r06,215,8104,DVB-T,0.9975801706314087,0.9975801706314087,LTE,0.9997010231018066,0.00019562369016057346,0,8,0,False,only_4096_correct,LTE|LTE|LTE|LTE|LTE|LTE|LTE|LTE,0.99980110|0.99984384|0.99929559|0.99978322|0.99985540|0.99939311|0.99981612|0.99981982,0.00012302|0.00009272|0.00050120|0.00012483|0.00008493|0.00041490|0.00011178|0.00011161
tr_external_uz_dvbt_f482_r06,216,8105,DVB-T,0.9989198446273804,0.9989198446273804,LTE,0.9997970014810562,0.0001212180313814315,0,8,0,False,only_4096_correct,LTE|LTE|LTE|LTE|LTE|LTE|LTE|LTE,0.99986362|0.99977916|0.99977142|0.99973315|0.99976939|0.99981433|0.99984145|0.99980348,0.00007978|0.00013744|0.00013534|0.00016596|0.00013307|0.00010683|0.00009280|0.00011853
tr_external_uz_dvbt_f482_r06,217,8106,DVB-T,0.998127281665802,0.998127281665802,LTE,0.9997934401035309,0.00012451954444259172,0,8,0,False,only_4096_correct,LTE|LTE|LTE|LTE|LTE|LTE|LTE|LTE,0.99979001|0.99984944|0.99978250|0.99985218|0.99972337|0.99979204|0.99978834|0.99976963,0.00011873|0.00008884|0.00012927|0.00009050|0.00017476|0.00012711|0.00012564|0.00014133
tr_external_uz_dvbt_f482_r06,218,8107,DVB-T,0.99860018491745,0.99860018491745,LTE,0.999831922352314,0.00010032590580522083,0,8,0,False,only_4096_correct,LTE|LTE|LTE|LTE|LTE|LTE|LTE|LTE,0.99984562|0.99983537|0.99980587|0.99984193|0.99981576|0.99986219|0.99983871|0.99980992,0.00008937|0.00009879|0.00011979|0.00009154|0.00010705|0.00008219|0.00009883|0.00011505
tr_external_uz_dvbt_f482_r06,219,8108,DVB-T,0.9994396567344666,0.9994396567344666,LTE,0.9998125731945038,0.00011335379713273142,0,8,0,False,only_4096_correct,LTE|LTE|LTE|LTE|LTE|LTE|LTE|LTE,0.99982721|0.99981505|0.99972636|0.99973530|0.99985528|0.99982905|0.99985838|0.99985397,0.00010525|0.00010833|0.00017150|0.00016446|0.00008517|0.00010058|0.00008591|0.00008564
tr_external_uz_dvbt_f482_r06,220,8109,DVB-T,0.9992637038230896,0.9992637038230896,LTE,0.9997718706727028,0.0001410356044289074,0,8,0,False,only_4096_correct,LTE|LTE|LTE|LTE|LTE|LTE|LTE|LTE,0.99976212|0.99978310|0.99984586|0.99968004|0.99976867|0.99986517|0.99962842|0.99984157,0.00014444|0.00013527|0.00009407|0.00020374|0.00013731|0.00008246|0.00023446|0.00009654
tr_external_uz_dvbt_f482_r06,221,8110,DVB-T,0.9990668892860413,0.9990668892860413,LTE,0.999764159321785,0.00014508354797726497,0,8,0,False,only_4096_correct,LTE|LTE|LTE|LTE|LTE|LTE|LTE|LTE,0.99972278|0.99984276|0.99952435|0.99980575|0.99985349|0.99983621|0.99977452|0.99975342,0.00017169|0.00009203|0.00030748|0.00011575|0.00008461|0.00010134|0.00013418|0.00015358
tr_external_uz_dvbt_f482_r06,222,8111,LTE,0.5194642543792725,0.47360479831695557,LTE,0.9997910335659981,0.00012759684341290267,0,8,0,False,both_wrong,LTE|LTE|LTE|LTE|LTE|LTE|LTE|LTE,0.99982601|0.99978060|0.99982482|0.99983752|0.99986577|0.99968934|0.99979144|0.99971277,0.00010583|0.00013251|0.00010890|0.00009735|0.00007755|0.00018888|0.00012995|0.00017980
tr_external_uz_dvbt_f482_r06,223,8112,DVB-T,0.9997060894966125,0.9997060894966125,LTE,0.9998052567243576,0.00011743880349968094,0,8,0,False,only_4096_correct,LTE|LTE|LTE|LTE|LTE|LTE|LTE|LTE,0.99985158|0.99979490|0.99977404|0.99980897|0.99985600|0.99979192|0.99975568|0.99980897,0.00008671|0.00012830|0.00014007|0.00011478|0.00008470|0.00012149|0.00014899|0.00011448
tr_external_uz_dvbt_f482_r06,224,8113,DVB-T,0.9984898567199707,0.9984898567199707,LTE,0.999501071870327,0.0003443488776611048,0,8,0,False,only_4096_correct,LTE|LTE|LTE|LTE|LTE|LTE|LTE|LTE,0.99979156|0.99977845|0.99978238|0.99791104|0.99983132|0.99951875|0.99976081|0.99963427,0.00012754|0.00013030|0.00013603|0.00156103|0.00009835|0.00031351|0.00014762|0.00024042
tr_external_uz_dvbt_f482_r06,225,8114,DVB-T,0.9976765513420105,0.9976765513420105,LTE,0.9998413622379303,9.502758257440291e-05,0,8,0,False,only_4096_correct,LTE|LTE|LTE|LTE|LTE|LTE|LTE|LTE,0.99987113|0.99978822|0.99987805|0.99981159|0.99983847|0.99985003|0.99986124|0.99983215,0.00007763|0.00012659|0.00007213|0.00011644|0.00009801|0.00008477|0.00008628|0.00009837
tr_external_uz_dvbt_f482_r06,226,8115,DVB-T,0.9993517994880676,0.9993517994880676,LTE,0.9997550323605537,0.00015502508449571906,0,8,0,False,only_4096_correct,LTE|LTE|LTE|LTE|LTE|LTE|LTE|LTE,0.99939454|0.99976772|0.99975783|0.99989796|0.99974316|0.99984050|0.99981219|0.99982637,0.00042057|0.00014396|0.00014755|0.00006101|0.00016245|0.00009029|0.00011634|0.00009803
tr_external_uz_dvbt_f482_r06,227,8116,DVB-T,0.9987850785255432,0.9987850785255432,LTE,0.9996359944343567,0.00025000305777211906,0,8,0,False,only_4096_correct,LTE|LTE|LTE|LTE|LTE|LTE|LTE|LTE,0.99968648|0.99985754|0.99982303|0.99975711|0.99975687|0.99858487|0.99975449|0.99986756,0.00019942|0.00008322|0.00010012|0.00015496|0.00015069|0.00108057|0.00015395|0.00007708
tr_external_uz_dvbt_f482_r06,228,8117,DVB-T,0.9985519051551819,0.9985519051551819,LTE,0.9997555688023567,0.00015168824666034197,0,8,0,False,only_4096_correct,LTE|LTE|LTE|LTE|LTE|LTE|LTE|LTE,0.99982053|0.99976772|0.99986231|0.99983978|0.99957401|0.99984813|0.99968910|0.99964297,0.00010960|0.00014388|0.00007834|0.00009229|0.00027539|0.00009084|0.00019276|0.00023040
tr_external_uz_dvbt_f482_r06,229,8118,DVB-T,0.9995563626289368,0.9995563626289368,LTE,0.9997800886631012,0.00013659649084729608,0,8,0,False,only_4096_correct,LTE|LTE|LTE|LTE|LTE|LTE|LTE|LTE,0.99984777|0.99980313|0.99979347|0.99984968|0.99988282|0.99979979|0.99982941|0.99943465,0.00008532|0.00012235|0.00012201|0.00009226|0.00006916|0.00011745|0.00010028|0.00038395
tr_external_uz_dvbt_f482_r06,230,8119,DVB-T,0.997961163520813,0.997961163520813,LTE,0.9998311847448349,0.00010015614680014551,0,8,0,False,only_4096_correct,LTE|LTE|LTE|LTE|LTE|LTE|LTE|LTE,0.99981230|0.99985421|0.99981970|0.99984431|0.99976426|0.99982506|0.99988723|0.99984241,0.00010767|0.00008867|0.00010717|0.00009646|0.00014282|0.00009972|0.00006651|0.00009222
tr_external_uz_dvbt_f482_r06,231,8120,DVB-T,0.9989646673202515,0.9989646673202515,LTE,0.9994173943996429,0.00040422239726467524,0,8,0,False,only_4096_correct,LTE|LTE|LTE|LTE|LTE|LTE|LTE|LTE,0.99982220|0.99967635|0.99758875|0.99973339|0.99982578|0.99979383|0.99918097|0.99971789,0.00010591|0.00020669|0.00175925|0.00017234|0.00010501|0.00012613|0.00058712|0.00017133
tr_external_uz_dvbt_f482_r06,232,8121,DVB-T,0.9975965619087219,0.9975965619087219,LTE,0.9997231662273407,0.00017521431436762214,0,8,0,False,only_4096_correct,LTE|LTE|LTE|LTE|LTE|LTE|LTE|LTE,0.99983335|0.99985766|0.99964046|0.99986827|0.99978715|0.99969351|0.99952281|0.99958211,0.00010417|0.00008630|0.00023410|0.00007636|0.00012435|0.00018801|0.00031487|0.00027356
tr_external_uz_dvbt_f482_r06,233,8122,DVB-T,0.9932026863098145,0.9932026863098145,LTE,0.9994832426309586,0.00038440775733761257,0,8,0,False,only_4096_correct,LTE|LTE|LTE|LTE|LTE|LTE|LTE|LTE,0.99978322|0.99719608|0.99981540|0.99976426|0.99985778|0.99983490|0.99976796|0.99984634,0.00012757|0.00227417|0.00010591|0.00014827|0.00008673|0.00009616|0.00014258|0.00009388
tr_external_uz_dvbt_f482_r06,234,8123,DVB-T,0.9995787739753723,0.9995787739753723,LTE,0.9997299760580063,0.0001718336943667964,0,8,0,False,only_4096_correct,LTE|LTE|LTE|LTE|LTE|LTE|LTE|LTE,0.99978572|0.99973625|0.99983704|0.99981815|0.99987006|0.99943739|0.99959570|0.99975950,0.00013103|0.00016414|0.00009432|0.00010347|0.00007546|0.00039568|0.00026120|0.00014937
tr_external_uz_dvbt_f482_r06,235,8124,DVB-T,0.999164342880249,0.999164342880249,LTE,0.9997566118836403,0.00014712585107190534,0,8,0,False,only_4096_correct,LTE|LTE|LTE|LTE|LTE|LTE|LTE|LTE,0.99981469|0.99985778|0.99975866|0.99974877|0.99978036|0.99983132|0.99948239|0.99977893,0.00010751|0.00008507|0.00014547|0.00014663|0.00013447|0.00009467|0.00033130|0.00013190
tr_external_uz_dvbt_f482_r06,236,8125,DVB-T,0.9970555305480957,0.9970555305480957,LTE,0.999747559428215,0.00015957175855874084,0,8,0,False,only_4096_correct,LTE|LTE|LTE|LTE|LTE|LTE|LTE|LTE,0.99972981|0.99978727|0.99971765|0.99983680|0.99986160|0.99976188|0.99942386|0.99986160,0.00017120|0.00012950|0.00017608|0.00009541|0.00008062|0.00015200|0.00038959|0.00008218
tr_external_uz_dvbt_f482_r06,237,8126,DVB-T,0.999160885810852,0.999160885810852,LTE,0.9997445121407509,0.00015987878305168124,0,8,0,False,only_4096_correct,LTE|LTE|LTE|LTE|LTE|LTE|LTE|LTE,0.99980408|0.99981409|0.99982834|0.99968386|0.99948370|0.99979240|0.99980623|0.99974340,0.00012167|0.00010637|0.00010272|0.00020451|0.00034038|0.00012875|0.00011672|0.00015791
tr_external_uz_dvbt_f482_r06,238,8127,DVB-T,0.9967100620269775,0.9967100620269775,LTE,0.9997325092554092,0.0001764037615430425,0,8,0,False,only_4096_correct,LTE|LTE|LTE|LTE|LTE|LTE|LTE|LTE,0.99978334|0.99986148|0.99981457|0.99980968|0.99908245|0.99980789|0.99984992|0.99985075,0.00013651|0.00008183|0.00011449|0.00011349|0.00066548|0.00011611|0.00009252|0.00009080
tr_external_uz_dvbt_f482_r06,239,8128,DVB-T,0.9679707884788513,0.9679707884788513,LTE,0.9997470825910568,0.00016125276943057543,0,8,0,False,only_4096_correct,LTE|LTE|LTE|LTE|LTE|LTE|LTE|LTE,0.99955064|0.99981552|0.99984622|0.99946755|0.99984622|0.99975449|0.99982941|0.99986660,0.00030704|0.00011005|0.00009388|0.00035109|0.00008981|0.00015722|0.00010331|0.00007764
tr_external_uz_dvbt_f482_r06,240,8129,DVB-T,0.9501371383666992,0.9501371383666992,LTE,0.999774806201458,0.00014163107152853627,0,8,0,False,only_4096_correct,LTE|LTE|LTE|LTE|LTE|LTE|LTE|LTE,0.99959832|0.99978465|0.99985659|0.99979526|0.99978977|0.99976605|0.99979848|0.99980932,0.00026840|0.00013450|0.00008807|0.00012675|0.00013013|0.00014482|0.00012132|0.00011904
tr_external_uz_dvbt_f482_r06,241,8130,DVB-T,0.9996665716171265,0.9996665716171265,LTE,0.9997303858399391,0.00016941821286309278,0,8,0,False,only_4096_correct,LTE|LTE|LTE|LTE|LTE|LTE|LTE|LTE,0.99980646|0.99975377|0.99978691|0.99975389|0.99976701|0.99987876|0.99923480|0.99986148,0.00012050|0.00015168|0.00013485|0.00015383|0.00013922|0.00007116|0.00050135|0.00008275
tr_external_uz_dvbt_f482_r06,242,8131,DVB-T,0.9973725080490112,0.9973725080490112,LTE,0.9997988268733025,0.00012177747430541785,0,8,0,False,only_4096_correct,LTE|LTE|LTE|LTE|LTE|LTE|LTE|LTE,0.99982017|0.99985981|0.99975926|0.99984205|0.99984741|0.99977070|0.99970239|0.99978882,0.00010389|0.00008099|0.00015017|0.00009606|0.00008942|0.00014137|0.00018475|0.00012756
tr_external_uz_dvbt_f482_r06,243,8132,DVB-T,0.9984593391418457,0.9984593391418457,LTE,0.9997856616973877,0.00013242223485576687,0,8,0,False,only_4096_correct,LTE|LTE|LTE|LTE|LTE|LTE|LTE|LTE,0.99979359|0.99968290|0.99982280|0.99983191|0.99982339|0.99962866|0.99987710|0.99982494,0.00012596|0.00020411|0.00010287|0.00010360|0.00010741|0.00023596|0.00007266|0.00010681
tr_external_uz_dvbt_f482_r06,244,8133,DVB-T,0.9885510802268982,0.9885510802268982,LTE,0.9994461387395859,0.00041261277146986686,0,8,0,False,only_4096_correct,LTE|LTE|LTE|LTE|LTE|LTE|LTE|LTE,0.99981445|0.99980754|0.99942636|0.99982280|0.99743408|0.99982649|0.99964905|0.99978834,0.00011479|0.00011933|0.00038381|0.00010521|0.00212081|0.00009943|0.00022771|0.00012982
tr_external_uz_dvbt_f482_r06,245,8134,DVB-T,0.9996359348297119,0.9996359348297119,LTE,0.9997683167457581,0.00014521262437483529,0,8,0,False,only_4096_correct,LTE|LTE|LTE|LTE|LTE|LTE|LTE|LTE,0.99978715|0.99985194|0.99976796|0.99982893|0.99970919|0.99963748|0.99970943|0.99985445,0.00013372|0.00008499|0.00014528|0.00010439|0.00018934|0.00023081|0.00018775|0.00008542
tr_external_uz_dvbt_f482_r06,246,8135,DVB-T,0.9968787431716919,0.9968787431716919,LTE,0.9997805580496788,0.00013407900951278862,0,8,0,False,only_4096_correct,LTE|LTE|LTE|LTE|LTE|LTE|LTE|LTE,0.99971884|0.99975449|0.99980932|0.99975878|0.99983144|0.99982184|0.99972314|0.99982661,0.00017578|0.00015084|0.00011960|0.00015274|0.00010392|0.00010801|0.00016257|0.00009917
tr_external_uz_dvbt_f482_r06,247,8136,DVB-T,0.9995895028114319,0.9995895028114319,LTE,0.9997898861765862,0.00012931800847582053,0,8,0,False,only_4096_correct,LTE|LTE|LTE|LTE|LTE|LTE|LTE|LTE,0.99978560|0.99982858|0.99982375|0.99967098|0.99984050|0.99980515|0.99975485|0.99980968,0.00013132|0.00010065|0.00010916|0.00021588|0.00009423|0.00011556|0.00015041|0.00011733
tr_external_uz_dvbt_f482_r06,248,8137,DVB-T,0.9959976673126221,0.9959976673126221,LTE,0.999780684709549,0.0001344086967947078,0,8,0,False,only_4096_correct,LTE|LTE|LTE|LTE|LTE|LTE|LTE|LTE,0.99967098|0.99986231|0.99964547|0.99986660|0.99983525|0.99975723|0.99985123|0.99975640,0.00020403|0.00008073|0.00021843|0.00008082|0.00010234|0.00015394|0.00008835|0.00014664
tr_external_uz_dvbt_f482_r06,249,8138,DVB-T,0.9909977912902832,0.9909977912902832,LTE,0.9998273923993111,0.00010161394857277628,0,8,0,False,only_4096_correct,LTE|LTE|LTE|LTE|LTE|LTE|LTE|LTE,0.99982637|0.99976438|0.99985671|0.99983776|0.99983144|0.99987280|0.99979216|0.99983752,0.00009993|0.00014474|0.00008186|0.00009565|0.00009991|0.00007490|0.00012322|0.00009271
tr_external_uz_dvbt_f482_r06,250,8139,DVB-T,0.9748046398162842,0.9748046398162842,LTE,0.9998100847005844,0.00011268583602941362,0,8,0,False,only_4096_correct,LTE|LTE|LTE|LTE|LTE|LTE|LTE|LTE,0.99978763|0.99980122|0.99983382|0.99977332|0.99988115|0.99978286|0.99980360|0.99981707,0.00012147|0.00011261|0.00009374|0.00014274|0.00007158|0.00012926|0.00012080|0.00010929
tr_external_uz_dvbt_f482_r06,251,8140,DVB-T,0.9996150732040405,0.9996150732040405,LTE,0.9997308924794197,0.00017374246272083838,0,8,0,False,only_4096_correct,LTE|LTE|LTE|LTE|LTE|LTE|LTE|LTE,0.99974614|0.99984872|0.99913919|0.99984312|0.99984324|0.99985433|0.99979848|0.99977392,0.00015608|0.00009246|0.00060313|0.00009234|0.00009425|0.00008585|0.00012523|0.00014061
tr_external_uz_dvbt_f482_r06,252,8141,DVB-T,0.9862327575683594,0.9862327575683594,LTE,0.999792605638504,0.00012633847018150846,0,8,0,False,only_4096_correct,LTE|LTE|LTE|LTE|LTE|LTE|LTE|LTE,0.99971968|0.99984109|0.99979800|0.99982399|0.99982589|0.99970645|0.99979645|0.99982929,0.00017182|0.00009509|0.00011697|0.00010479|0.00010512|0.00018970|0.00012154|0.00010567
tr_external_uz_dvbt_f482_r06,253,8142,DVB-T,0.9948780536651611,0.9948780536651611,LTE,0.9996549189090729,0.00022439592521550367,0,8,0,False,only_4096_correct,LTE|LTE|LTE|LTE|LTE|LTE|LTE|LTE,0.99984932|0.99979323|0.99976617|0.99978882|0.99977738|0.99975353|0.99864000|0.99987090,0.00008719|0.00012577|0.00014303|0.00012510|0.00012697|0.00015237|0.00095759|0.00007714
tr_external_uz_dvbt_f482_r06,254,8143,DVB-T,0.9996540546417236,0.9996540546417236,LTE,0.9971919059753418,0.002309325996975531,0,8,0,False,only_4096_correct,LTE|LTE|LTE|LTE|LTE|LTE|LTE|LTE,0.99967122|0.99983692|0.99933952|0.99980181|0.97940677|0.99977046|0.99986470|0.99984384,0.00020776|0.00009769|0.00044410|0.00012231|0.01728734|0.00014407|0.00007947|0.00009186
tr_external_uz_dvbt_f482_r06,255,8144,DVB-T,0.9979975819587708,0.9979975819587708,LTE,0.999796561896801,0.00012620743927982403,0,8,0,False,only_4096_correct,LTE|LTE|LTE|LTE|LTE|LTE|LTE|LTE,0.99985743|0.99979430|0.99986386|0.99982411|0.99985278|0.99978226|0.99987400|0.99952376,0.00008508|0.00012475|0.00008446|0.00009957|0.00008658|0.00013531|0.00007541|0.00031850
tr_external_uz_dvbt_f482_r06,256,8145,DVB-T,0.9869185090065002,0.9869185090065002,LTE,0.9997611194849014,0.0001504684232713771,0,8,0,False,only_4096_correct,LTE|LTE|LTE|LTE|LTE|LTE|LTE|LTE,0.99984419|0.99975187|0.99984527|0.99985528|0.99962044|0.99981803|0.99959546|0.99975842,0.00009415|0.00015704|0.00009561|0.00008587|0.00024365|0.00011097|0.00026775|0.00014871
tr_external_uz_dvbt_f482_r06,257,8146,DVB-T,0.9916597008705139,0.9916597008705139,LTE,0.9997214376926422,0.0001746190746416687,0,8,0,False,only_4096_correct,LTE|LTE|LTE|LTE|LTE|LTE|LTE|LTE,0.99959868|0.99983752|0.99978584|0.99953580|0.99984145|0.99961394|0.99984515|0.99971312,0.00024261|0.00010017|0.00012725|0.00030637|0.00009455|0.00025116|0.00009408|0.00018075
tr_external_uz_dvbt_f482_r06,258,8147,DVB-T,0.9959844350814819,0.9959844350814819,LTE,0.999788872897625,0.00012694913857558277,0,8,0,False,only_4096_correct,LTE|LTE|LTE|LTE|LTE|LTE|LTE|LTE,0.99980813|0.99977261|0.99977702|0.99980384|0.99977511|0.99978465|0.99975222|0.99983740,0.00011523|0.00013909|0.00013518|0.00010649|0.00013822|0.00013263|0.00015505|0.00009371
tr_external_uz_dvbt_f482_r06,259,8148,DVB-T,0.9994834661483765,0.9994834661483765,LTE,0.9997390434145927,0.00016541983313800301,0,8,0,False,only_4096_correct,LTE|LTE|LTE|LTE|LTE|LTE|LTE|LTE,0.99983633|0.99981934|0.99979132|0.99971300|0.99980527|0.99981362|0.99983740|0.99929607,0.00009534|0.00010577|0.00012923|0.00018578|0.00011617|0.00011532|0.00009556|0.00048019
tr_external_uz_dvbt_f482_r06,260,8149,DVB-T,0.6736290454864502,0.6736290454864502,LTE,0.9997901096940041,0.00012781917848769808,0,8,0,False,only_4096_correct,LTE|LTE|LTE|LTE|LTE|LTE|LTE|LTE,0.99979883|0.99986553|0.99986660|0.99953032|0.99989498|0.99985564|0.99975258|0.99975640,0.00011594|0.00008010|0.00007775|0.00030190|0.00006236|0.00008659|0.00014929|0.00014862
tr_external_uz_dvbt_f482_r06,261,8150,DVB-T,0.9992528557777405,0.9992528557777405,LTE,0.9997833222150803,0.00013435379150905646,0,8,0,False,only_4096_correct,LTE|LTE|LTE|LTE|LTE|LTE|LTE|LTE,0.99983931|0.99970800|0.99972063|0.99983907|0.99977857|0.99987340|0.99968863|0.99981898,0.00009659|0.00018910|0.00017400|0.00009171|0.00014095|0.00007429|0.00019733|0.00011085
tr_external_uz_dvbt_f482_r06,262,8151,DVB-T,0.9993119239807129,0.9993119239807129,LTE,0.9997960031032562,0.0001225869973495719,0,8,0,False,only_4096_correct,LTE|LTE|LTE|LTE|LTE|LTE|LTE|LTE,0.99976391|0.99980098|0.99982220|0.99983621|0.99982977|0.99973243|0.99979097|0.99979156,0.00014414|0.00011875|0.00010501|0.00009477|0.00010353|0.00016151|0.00012248|0.00013050
tr_external_uz_dvbt_f482_r06,263,8152,DVB-T,0.999647855758667,0.999647855758667,LTE,0.9997949674725533,0.0001266604394913884,0,8,0,False,only_4096_correct,LTE|LTE|LTE|LTE|LTE|LTE|LTE|LTE,0.99981385|0.99978215|0.99974710|0.99979371|0.99983525|0.99978548|0.99981302|0.99978918,0.00011238|0.00013454|0.00015768|0.00012746|0.00010170|0.00013308|0.00011442|0.00013203
tr_external_uz_dvbt_f482_r06,264,8153,DVB-T,0.9995638728141785,0.9995638728141785,LTE,0.999786838889122,0.00012926698309456697,0,8,0,False,only_4096_correct,LTE|LTE|LTE|LTE|LTE|LTE|LTE|LTE,0.99973482|0.99970502|0.99983644|0.99981171|0.99982661|0.99979597|0.99973363|0.99985051,0.00016892|0.00018031|0.00009935|0.00011390|0.00009708|0.00012487|0.00016192|0.00008779
tr_external_uz_dvbt_f482_r06,265,8154,DVB-T,0.9994994401931763,0.9994994401931763,LTE,0.9997911229729652,0.00012631901881832164,0,8,0,False,only_4096_correct,LTE|LTE|LTE|LTE|LTE|LTE|LTE|LTE,0.99978095|0.99983823|0.99978322|0.99984539|0.99981278|0.99959952|0.99984896|0.99981993,0.00012619|0.00009437|0.00012835|0.00009152|0.00011335|0.00026339|0.00008896|0.00010441
tr_external_uz_dvbt_f482_r06,266,8155,DVB-T,0.9995692372322083,0.9995692372322083,LTE,0.9994609653949738,0.0003836434771073982,0,8,0,False,only_4096_correct,LTE|LTE|LTE|LTE|LTE|LTE|LTE|LTE,0.99947935|0.99964452|0.99971420|0.99969983|0.99944371|0.99968112|0.99982470|0.99820030,0.00035843|0.00022762|0.00018427|0.00019250|0.00038708|0.00019895|0.00010879|0.00141151
tr_external_uz_dvbt_f482_r06,267,8156,DVB-T,0.9977303147315979,0.9977303147315979,LTE,0.999773234128952,0.00013989931630931096,0,8,0,False,only_4096_correct,LTE|LTE|LTE|LTE|LTE|LTE|LTE|LTE,0.99965346|0.99976689|0.99977225|0.99981982|0.99974710|0.99973029|0.99987626|0.99981982,0.00021696|0.00014424|0.00013874|0.00010888|0.00015887|0.00016828|0.00007439|0.00010884
tr_external_uz_dvbt_f482_r07,0,8157,DVB-T,0.9004870057106018,0.9004870057106018,LTE,0.9997744336724281,0.00013655949442181736,0,8,0,False,only_4096_correct,LTE|LTE|LTE|LTE|LTE|LTE|LTE|LTE,0.99961913|0.99981374|0.99982399|0.99972814|0.99984205|0.99978453|0.99988210|0.99970180,0.00023003|0.00011182|0.00010571|0.00017364|0.00008947|0.00013102|0.00006929|0.00018149
tr_external_uz_dvbt_f482_r07,1,8158,LTE,0.5468240976333618,0.44707122445106506,LTE,0.9997895732522011,0.00012573646654345794,0,8,0,False,both_wrong,LTE|LTE|LTE|LTE|LTE|LTE|LTE|LTE,0.99979907|0.99972123|0.99968731|0.99986279|0.99982351|0.99985945|0.99986398|0.99969923,0.00012225|0.00016543|0.00018861|0.00008261|0.00010095|0.00008483|0.00008279|0.00017843
tr_external_uz_dvbt_f482_r07,2,8159,DVB-T,0.9853319525718689,0.9853319525718689,LTE,0.9997927993535995,0.00012456827516871272,0,8,0,False,only_4096_correct,LTE|LTE|LTE|LTE|LTE|LTE|LTE|LTE,0.99975735|0.99976546|0.99990857|0.99978405|0.99984074|0.99977642|0.99974340|0.99976641,0.00014571|0.00014344|0.00005522|0.00013298|0.00009103|0.00013208|0.00015646|0.00013963
tr_external_uz_dvbt_f482_r07,3,8160,DVB-T,0.9719441533088684,0.9719441533088684,LTE,0.9996485784649849,0.00022592191544390516,0,8,0,False,only_4096_correct,LTE|LTE|LTE|LTE|LTE|LTE|LTE|LTE,0.99974281|0.99985015|0.99981266|0.99983573|0.99979740|0.99969482|0.99864036|0.99981469,0.00015744|0.00008835|0.00010864|0.00009944|0.00012600|0.00018350|0.00093148|0.00011253
tr_external_uz_dvbt_f482_r07,4,8161,DVB-T,0.9155425429344177,0.9155425429344177,LTE,0.9984211921691895,0.0011949473009735812,0,8,0,False,only_4096_correct,LTE|LTE|LTE|LTE|LTE|LTE|LTE|LTE,0.99735367|0.99978155|0.99922383|0.99956006|0.99507529|0.99787581|0.99974436|0.99875498,0.00205082|0.00013272|0.00053051|0.00027658|0.00392955|0.00158944|0.00015588|0.00089408
tr_external_uz_dvbt_f482_r07,5,8162,DVB-T,0.9761806130409241,0.9761806130409241,LTE,0.9515033811330795,0.04140083920356119,0,8,0,False,only_4096_correct,LTE|LTE|LTE|LTE|LTE|LTE|LTE|LTE,0.99890113|0.93894345|0.98428661|0.99798155|0.89823550|0.99926907|0.87663388|0.91777587,0.00072619|0.05272089|0.01343303|0.00144815|0.08524849|0.00047189|0.10611733|0.07104076
tr_external_uz_dvbt_f482_r07,6,8163,DVB-T,0.9332723021507263,0.9332723021507263,LTE,0.996066503226757,0.003021496369910892,0,8,0,False,only_4096_correct,LTE|LTE|LTE|LTE|LTE|LTE|LTE|LTE,0.99183720|0.99928904|0.99380809|0.99786818|0.99573743|0.99262989|0.99865097|0.99871123,0.00596759|0.00048262|0.00503885|0.00164457|0.00342596|0.00570189|0.00098859|0.00092189
tr_external_uz_dvbt_f482_r07,7,8164,DVB-T,0.8743155002593994,0.8743155002593994,LTE,0.9961075410246849,0.003079208414419554,0,8,0,False,only_4096_correct,LTE|LTE|LTE|LTE|LTE|LTE|LTE|LTE,0.99813557|0.99955696|0.99960929|0.99767858|0.99835360|0.99891520|0.99951518|0.97709596,0.00145941|0.00028047|0.00025889|0.00179550|0.00122230|0.00080687|0.00032716|0.01848306
tr_external_uz_dvbt_f482_r07,8,8165,LTE,0.579542875289917,0.41528505086898804,LTE,0.9982580170035362,0.0013433366711979033,0,8,0,False,both_wrong,LTE|LTE|LTE|LTE|LTE|LTE|LTE|LTE,0.99976772|0.99978250|0.99298698|0.99909496|0.99681950|0.99973089|0.99822468|0.99965692,0.00014059|0.00013228|0.00566892|0.00064023|0.00235658|0.00016346|0.00142758|0.00021706
tr_external_uz_dvbt_f482_r07,9,8166,LTE,0.8453606963157654,0.151056170463562,LTE,0.9997683688998222,0.00014471166196017293,0,8,0,False,both_wrong,LTE|LTE|LTE|LTE|LTE|LTE|LTE|LTE,0.99979633|0.99983370|0.99958080|0.99981397|0.99967241|0.99981683|0.99978906|0.99984384,0.00012439|0.00010403|0.00027488|0.00011146|0.00021262|0.00010574|0.00012920|0.00009538
tr_external_uz_dvbt_f482_r07,10,8167,DVB-T,0.6280508637428284,0.6280508637428284,LTE,0.9997831284999847,0.00013368125473789405,0,8,0,False,only_4096_correct,LTE|LTE|LTE|LTE|LTE|LTE|LTE|LTE,0.99982566|0.99985528|0.99981576|0.99984181|0.99954575|0.99981874|0.99973959|0.99982244,0.00010714|0.00008452|0.00011221|0.00009531|0.00029757|0.00010683|0.00015867|0.00010720
tr_external_uz_dvbt_f482_r07,11,8168,LTE,0.9883825182914734,0.010923252440989017,LTE,0.999843142926693,9.275571846956154e-05,0,8,0,False,both_wrong,LTE|LTE|LTE|LTE|LTE|LTE|LTE|LTE,0.99987912|0.99984467|0.99983239|0.99984753|0.99979550|0.99983525|0.99987817|0.99983251,0.00007079|0.00009057|0.00009881|0.00009162|0.00012747|0.00009497|0.00007185|0.00009596
tr_external_uz_dvbt_f482_r07,12,8169,LTE,0.7896665334701538,0.20525062084197998,LTE,0.9998283833265305,0.0001004015093712951,0,8,0,False,both_wrong,LTE|LTE|LTE|LTE|LTE|LTE|LTE|LTE,0.99982750|0.99978238|0.99981576|0.99979204|0.99984801|0.99985349|0.99980468|0.99990320,0.00010462|0.00012643|0.00011004|0.00011660|0.00008613|0.00008800|0.00011335|0.00005805
tr_external_uz_dvbt_f482_r07,13,8170,DVB-T,0.7171908020973206,0.7171908020973206,LTE,0.9998190551996231,0.00010649810155882733,0,8,0,False,only_4096_correct,LTE|LTE|LTE|LTE|LTE|LTE|LTE|LTE,0.99984396|0.99985993|0.99966049|0.99981934|0.99983406|0.99984515|0.99986899|0.99982053,0.00008835|0.00008084|0.00020639|0.00010345|0.00009720|0.00009163|0.00007735|0.00010677
tr_external_uz_dvbt_f482_r07,14,8171,LTE,0.601510226726532,0.3918440639972687,LTE,0.9997865185141563,0.0001287452887481777,0,8,0,False,both_wrong,LTE|LTE|LTE|LTE|LTE|LTE|LTE|LTE,0.99984860|0.99986088|0.99983692|0.99953270|0.99976641|0.99979419|0.99981588|0.99983656,0.00009138|0.00008182|0.00009722|0.00029436|0.00013780|0.00012177|0.00011037|0.00009526
tr_external_uz_dvbt_f482_r07,15,8172,LTE,0.9938297867774963,0.005538822151720524,LTE,0.999646931886673,0.0002186907277064165,0,8,0,False,both_wrong,LTE|LTE|LTE|LTE|LTE|LTE|LTE|LTE,0.99914265|0.99974340|0.99975950|0.99980503|0.99969530|0.99978393|0.99979633|0.99944931,0.00053962|0.00015063|0.00014313|0.00011360|0.00018807|0.00012280|0.00012231|0.00036938
tr_external_uz_dvbt_f482_r07,16,8173,DVB-T,0.9016616940498352,0.9016616940498352,LTE,0.9996242970228195,0.00023466547190764686,0,8,0,False,only_4096_correct,LTE|LTE|LTE|LTE|LTE|LTE|LTE|LTE,0.99981123|0.99982041|0.99982458|0.99919587|0.99976736|0.99927086|0.99975163|0.99955243,0.00011097|0.00010611|0.00010415|0.00054019|0.00013532|0.00043853|0.00015410|0.00028796
tr_external_uz_dvbt_f482_r07,17,8174,DVB-T,0.9831541180610657,0.9831541180610657,LTE,0.9993716701865196,0.00043325984552211594,0,8,0,False,only_4096_correct,LTE|LTE|LTE|LTE|LTE|LTE|LTE|LTE,0.99978143|0.99966812|0.99953949|0.99972588|0.99943739|0.99787486|0.99918324|0.99976295,0.00013325|0.00020714|0.00030164|0.00017091|0.00036527|0.00159495|0.00055219|0.00014074
tr_external_uz_dvbt_f482_r07,18,8175,LTE,0.8870633840560913,0.10951994359493256,LTE,0.9994843974709511,0.0003399345077923499,0,8,0,False,both_wrong,LTE|LTE|LTE|LTE|LTE|LTE|LTE|LTE,0.99925035|0.99940228|0.99978012|0.99968290|0.99983621|0.99958688|0.99906904|0.99926740,0.00050297|0.00039979|0.00013275|0.00019715|0.00009491|0.00027065|0.00063306|0.00048820
tr_external_uz_dvbt_f482_r07,19,8176,LTE,0.9840128421783447,0.01503129955381155,LTE,0.9988325834274292,0.0008347876828338485,0,8,0,False,both_wrong,LTE|LTE|LTE|LTE|LTE|LTE|LTE|LTE,0.99923611|0.99952388|0.99896586|0.99733633|0.99949610|0.99973351|0.99870193|0.99766695,0.00047740|0.00031036|0.00072980|0.00201064|0.00032185|0.00015621|0.00094895|0.00172310
tr_external_uz_dvbt_f482_r07,20,8177,DVB-T,0.8566163182258606,0.8566163182258606,LTE,0.9967643544077873,0.0025287394691986265,0,8,0,False,only_4096_correct,LTE|LTE|LTE|LTE|LTE|LTE|LTE|LTE,0.97856653|0.99867553|0.99877816|0.99936849|0.99972397|0.99945980|0.99975985|0.99978250,0.01714368|0.00099082|0.00087361|0.00042864|0.00016805|0.00034709|0.00014825|0.00012978
tr_external_uz_dvbt_f482_r07,21,8178,LTE,0.9551206827163696,0.042844612151384354,LTE,0.9974144026637077,0.0020229493693477707,0,8,0,False,both_wrong,LTE|LTE|LTE|LTE|LTE|LTE|LTE|LTE,0.98429132|0.99967408|0.99915886|0.99753547|0.99964833|0.99976176|0.99980551|0.99943990,0.01265645|0.00020701|0.00058500|0.00187651|0.00022226|0.00013951|0.00011879|0.00037806
tr_external_uz_dvbt_f482_r07,22,8179,DVB-T,0.6703088283538818,0.6703088283538818,LTE,0.9996581822633743,0.00022214604632608825,0,8,0,False,only_4096_correct,LTE|LTE|LTE|LTE|LTE|LTE|LTE|LTE,0.99973840|0.99923575|0.99960119|0.99974507|0.99982005|0.99968255|0.99970978|0.99973267,0.00016161|0.00054051|0.00025910|0.00015622|0.00010755|0.00020266|0.00018207|0.00016743
tr_external_uz_dvbt_f482_r07,23,8180,LTE,0.7318015098571777,0.26376771926879883,LTE,0.9995671957731247,0.0002754073766482179,0,8,0,False,both_wrong,LTE|LTE|LTE|LTE|LTE|LTE|LTE|LTE,0.99981171|0.99938059|0.99980372|0.99821597|0.99984169|0.99983251|0.99980026|0.99985111,0.00010778|0.00041291|0.00011707|0.00117672|0.00009248|0.00009483|0.00011816|0.00008330
tr_external_uz_dvbt_f482_r07,24,8181,DVB-T,0.9494196772575378,0.9494196772575378,LTE,0.999799981713295,0.000118821137220948,0,8,0,False,only_4096_correct,LTE|LTE|LTE|LTE|LTE|LTE|LTE|LTE,0.99977154|0.99983048|0.99982446|0.99974114|0.99982470|0.99974471|0.99984753|0.99981529,0.00012877|0.00009855|0.00010115|0.00015991|0.00010294|0.00015565|0.00009067|0.00011293
tr_external_uz_dvbt_f482_r07,25,8182,DVB-T,0.9688504934310913,0.9688504934310913,LTE,0.9997334033250809,0.00015945220093271928,0,8,0,False,only_4096_correct,LTE|LTE|LTE|LTE|LTE|LTE|LTE|LTE,0.99977869|0.99980325|0.99963629|0.99970311|0.99984920|0.99966943|0.99988127|0.99954599,0.00013032|0.00011507|0.00023135|0.00018254|0.00009189|0.00020108|0.00006966|0.00025372
tr_external_uz_dvbt_f482_r07,26,8183,DVB-T,0.7999597191810608,0.7999597191810608,LTE,0.9997617229819298,0.00014391444801731268,0,8,0,False,only_4096_correct,LTE|LTE|LTE|LTE|LTE|LTE|LTE|LTE,0.99979955|0.99973017|0.99983788|0.99983490|0.99969113|0.99985588|0.99953663|0.99980766,0.00011492|0.00015783|0.00009190|0.00009218|0.00019626|0.00008674|0.00029472|0.00011677
tr_external_uz_dvbt_f482_r07,27,8184,DVB-T,0.9691159725189209,0.9691159725189209,LTE,0.9997494518756866,0.00015362370777438628,0,8,0,False,only_4096_correct,LTE|LTE|LTE|LTE|LTE|LTE|LTE|LTE,0.99930859|0.99981087|0.99985850|0.99978274|0.99982184|0.99984133|0.99971575|0.99985600,0.00046381|0.00011056|0.00008022|0.00012740|0.00009724|0.00009601|0.00016967|0.00008409
tr_external_uz_dvbt_f482_r07,28,8185,LTE,0.6695194244384766,0.32478755712509155,LTE,0.9997407868504524,0.00015843687833694275,0,8,0,False,both_wrong,LTE|LTE|LTE|LTE|LTE|LTE|LTE|LTE,0.99984264|0.99964988|0.99984360|0.99972457|0.99986494|0.99979919|0.99978691|0.99941456,0.00009343|0.00021403|0.00009492|0.00016968|0.00007925|0.00011515|0.00012550|0.00037554
tr_external_uz_dvbt_f482_r07,29,8186,LTE,0.5989195704460144,0.39463531970977783,LTE,0.9997157528996468,0.00017265445330849616,0,8,0,False,both_wrong,LTE|LTE|LTE|LTE|LTE|LTE|LTE|LTE,0.99981183|0.99976784|0.99974781|0.99963021|0.99954188|0.99968481|0.99981850|0.99972314,0.00011315|0.00013639|0.00015054|0.00023403|0.00027643|0.00020232|0.00010052|0.00016786
tr_external_uz_dvbt_f482_r07,30,8187,DVB-T,0.9488320350646973,0.9488320350646973,LTE,0.9997182711958885,0.00017572402975929435,0,8,0,False,only_4096_correct,LTE|LTE|LTE|LTE|LTE|LTE|LTE|LTE,0.99973625|0.99985826|0.99972624|0.99979156|0.99981731|0.99966264|0.99972826|0.99942565,0.00015526|0.00008336|0.00016746|0.00012595|0.00010502|0.00021497|0.00016770|0.00038609
tr_external_uz_dvbt_f482_r07,31,8188,DVB-T,0.9465809464454651,0.9465809464454651,LTE,0.9995881468057632,0.000264528861407598,0,8,0,False,only_4096_correct,LTE|LTE|LTE|LTE|LTE|LTE|LTE|LTE,0.99981159|0.99964261|0.99896812|0.99950838|0.99958652|0.99977773|0.99973077|0.99967945,0.00010648|0.00022887|0.00071116|0.00031192|0.00026475|0.00012841|0.00016374|0.00020090
tr_external_uz_dvbt_f482_r07,32,8189,DVB-T,0.8318670392036438,0.8318670392036438,LTE,0.9995608180761337,0.00029450268993969075,0,8,0,False,only_4096_correct,LTE|LTE|LTE|LTE|LTE|LTE|LTE|LTE,0.99889046|0.99970168|0.99970931|0.99918789|0.99978691|0.99974567|0.99971849|0.99974614,0.00081180|0.00019128|0.00017377|0.00056697|0.00012816|0.00015007|0.00017709|0.00015689
tr_external_uz_dvbt_f482_r07,33,8190,LTE,0.8247494101524353,0.1702882945537567,LTE,0.9996752589941025,0.00020368706827866845,0,8,0,False,both_wrong,LTE|LTE|LTE|LTE|LTE|LTE|LTE|LTE,0.99972028|0.99964893|0.99977571|0.99961817|0.99965942|0.99964178|0.99978143|0.99955636,0.00017134|0.00022112|0.00012886|0.00024842|0.00020913|0.00022853|0.00013170|0.00029039
tr_external_uz_dvbt_f482_r07,34,8191,LTE,0.9628427028656006,0.03541002422571182,LTE,0.9994946047663689,0.00033685745620459784,0,8,0,False,both_wrong,LTE|LTE|LTE|LTE|LTE|LTE|LTE|LTE,0.99975938|0.99902797|0.99923611|0.99952793|0.99971265|0.99935716|0.99959630|0.99973935,0.00013946|0.00069871|0.00052084|0.00031259|0.00017948|0.00043069|0.00026173|0.00015136
tr_external_uz_dvbt_f482_r07,35,8192,LTE,0.6098403334617615,0.38448795676231384,LTE,0.9994625076651573,0.00036972744965169113,0,8,0,False,both_wrong,LTE|LTE|LTE|LTE|LTE|LTE|LTE|LTE,0.99784791|0.99977797|0.99966252|0.99971372|0.99971372|0.99974567|0.99957377|0.99966478,0.00160970|0.00013111|0.00020948|0.00017614|0.00017769|0.00015502|0.00028442|0.00021426
tr_external_uz_dvbt_f482_r07,36,8193,DVB-T,0.6384684443473816,0.6384684443473816,LTE,0.9996881112456322,0.00019518333283485845,0,8,0,False,only_4096_correct,LTE|LTE|LTE|LTE|LTE|LTE|LTE|LTE,0.99937892|0.99982601|0.99978393|0.99975580|0.99972099|0.99978226|0.99946684|0.99979013,0.00041558|0.00009773|0.00013212|0.00015041|0.00016565|0.00013476|0.00033855|0.00012667
tr_external_uz_dvbt_f482_r07,37,8194,DVB-T,0.8555548787117004,0.8555548787117004,LTE,0.9997201636433601,0.0001776795716068591,0,8,0,False,only_4096_correct,LTE|LTE|LTE|LTE|LTE|LTE|LTE|LTE,0.99983275|0.99978584|0.99982136|0.99982762|0.99939072|0.99982291|0.99939966|0.99988043,0.00010131|0.00013204|0.00010805|0.00010458|0.00041195|0.00010374|0.00038900|0.00007076
tr_external_uz_dvbt_f482_r07,38,8195,LTE,0.8242487907409668,0.17156830430030823,LTE,0.9997887834906578,0.00012597111435752595,0,8,0,False,both_wrong,LTE|LTE|LTE|LTE|LTE|LTE|LTE|LTE,0.99970323|0.99983513|0.99978501|0.99977916|0.99982291|0.99980181|0.99980706|0.99977595,0.00018637|0.00010036|0.00012504|0.00013361|0.00010343|0.00010993|0.00011160|0.00013744
tr_external_uz_dvbt_f482_r07,39,8196,DVB-T,0.5973016619682312,0.5973016619682312,LTE,0.9998318403959274,0.00010058840598503593,0,8,0,False,only_4096_correct,LTE|LTE|LTE|LTE|LTE|LTE|LTE|LTE,0.99980277|0.99987757|0.99985647|0.99983621|0.99981767|0.99986100|0.99979860|0.99980444,0.00011720|0.00007237|0.00008657|0.00009491|0.00011089|0.00008257|0.00012114|0.00011906
tr_external_uz_dvbt_f482_r07,40,8197,DVB-T,0.9966926574707031,0.9966926574707031,LTE,0.9997808933258057,0.0001293551767957979,0,8,0,False,only_4096_correct,LTE|LTE|LTE|LTE|LTE|LTE|LTE|LTE,0.99970990|0.99984097|0.99977881|0.99977964|0.99978393|0.99980623|0.99970478|0.99984288,0.00017845|0.00009183|0.00013036|0.00012556|0.00012745|0.00011250|0.00018023|0.00008845
tr_external_uz_dvbt_f482_r07,41,8198,LTE,0.9985141158103943,0.0012370708864182234,LTE,0.9997972398996353,0.00012114485070924275,0,8,0,False,both_wrong,LTE|LTE|LTE|LTE|LTE|LTE|LTE|LTE,0.99982065|0.99968541|0.99980181|0.99985504|0.99987233|0.99986029|0.99965119|0.99983120,0.00010248|0.00018544|0.00012046|0.00008446|0.00007749|0.00008180|0.00021754|0.00009948
tr_external_uz_dvbt_f482_r07,42,8199,LTE,0.9838619828224182,0.015044662170112133,LTE,0.999818705022335,0.00011053126036131289,0,8,0,False,both_wrong,LTE|LTE|LTE|LTE|LTE|LTE|LTE|LTE,0.99983943|0.99982989|0.99980360|0.99985218|0.99986684|0.99985099|0.99987841|0.99962831,0.00009582|0.00010012|0.00011753|0.00008661|0.00007994|0.00009184|0.00007228|0.00024012
tr_external_uz_dvbt_f482_r07,43,8200,LTE,0.9310061931610107,0.06625667214393616,LTE,0.9997842907905579,0.0001288619396291324,0,8,0,False,both_wrong,LTE|LTE|LTE|LTE|LTE|LTE|LTE|LTE,0.99976438|0.99979705|0.99980253|0.99975079|0.99979395|0.99981111|0.99973458|0.99981993,0.00014688|0.00011894|0.00011820|0.00014836|0.00012004|0.00011087|0.00016285|0.00010477
tr_external_uz_dvbt_f482_r07,44,8201,LTE,0.9571259617805481,0.040802452713251114,LTE,0.9997770935297012,0.00013584361022367375,0,8,0,False,both_wrong,LTE|LTE|LTE|LTE|LTE|LTE|LTE|LTE,0.99980360|0.99985313|0.99980766|0.99975306|0.99975687|0.99982375|0.99976403|0.99965465,0.00011261|0.00008713|0.00011731|0.00015067|0.00015161|0.00010456|0.00014337|0.00021949
tr_external_uz_dvbt_f482_r07,45,8202,LTE,0.6152061223983765,0.3789058327674866,LTE,0.999610535800457,0.00025717738026287407,0,8,0,False,both_wrong,LTE|LTE|LTE|LTE|LTE|LTE|LTE|LTE,0.99975604|0.99973792|0.99970442|0.99972659|0.99967325|0.99974507|0.99870288|0.99983811,0.00015101|0.00015455|0.00018171|0.00016888|0.00020477|0.00015662|0.00093999|0.00009989
tr_external_uz_dvbt_f482_r07,46,8203,DVB-T,0.5584996938705444,0.5584996938705444,LTE,0.9994614496827126,0.00037429393341881223,0,8,0,False,only_4096_correct,LTE|LTE|LTE|LTE|LTE|LTE|LTE|LTE,0.99971145|0.99979264|0.99910492|0.99962604|0.99820256|0.99977082|0.99968493|0.99979824,0.00017918|0.00012126|0.00062527|0.00024481|0.00136026|0.00013970|0.00019835|0.00012552
tr_external_uz_dvbt_f482_r07,47,8204,DVB-T,0.9738369584083557,0.9738369584083557,LTE,0.9989948570728302,0.0007601524848723784,0,8,0,False,only_4096_correct,LTE|LTE|LTE|LTE|LTE|LTE|LTE|LTE,0.99974698|0.99971491|0.99964917|0.99893254|0.99594045|0.99960572|0.99870956|0.99965954,0.00015337|0.00017169|0.00021702|0.00077900|0.00335607|0.00025584|0.00093792|0.00021031
tr_external_uz_dvbt_f482_r07,48,8205,DVB-T,0.906233549118042,0.906233549118042,LTE,0.9995662868022919,0.00029426312175928615,0,8,0,False,only_4096_correct,LTE|LTE|LTE|LTE|LTE|LTE|LTE|LTE,0.99980623|0.99866998|0.99978906|0.99916983|0.99980384|0.99965179|0.99984241|0.99979717,0.00011854|0.00095470|0.00013099|0.00057902|0.00012169|0.00023002|0.00009495|0.00012420
tr_external_uz_dvbt_f482_r07,49,8206,LTE,0.9329536557197571,0.06440489739179611,LTE,0.9997773095965385,0.0001319154180237092,0,8,0,False,both_wrong,LTE|LTE|LTE|LTE|LTE|LTE|LTE|LTE,0.99986672|0.99974781|0.99982989|0.99977762|0.99979526|0.99968326|0.99972397|0.99979395,0.00007670|0.00015129|0.00010121|0.00012997|0.00012076|0.00019927|0.00014935|0.00012676
tr_external_uz_dvbt_f482_r07,50,8207,DVB-T,0.9747025370597839,0.9747025370597839,LTE,0.9996175616979599,0.00024168238360289251,0,8,0,False,only_4096_correct,LTE|LTE|LTE|LTE|LTE|LTE|LTE|LTE,0.99982029|0.99983144|0.99979693|0.99980122|0.99976879|0.99859494|0.99981195|0.99951494,0.00010594|0.00010147|0.00012022|0.00012110|0.00014007|0.00091944|0.00010827|0.00031694
tr_external_uz_dvbt_f482_r07,51,8208,DVB-T,0.9977746605873108,0.9977746605873108,LTE,0.9994880333542824,0.0003490161816444015,0,8,0,False,only_4096_correct,LTE|LTE|LTE|LTE|LTE|LTE|LTE|LTE,0.99981171|0.99984598|0.99982566|0.99974972|0.99972504|0.99966514|0.99982005|0.99746096,0.00010761|0.00009064|0.00010456|0.00015465|0.00017153|0.00021412|0.00010920|0.00183980
tr_external_uz_dvbt_f482_r07,52,8209,DVB-T,0.9986355900764465,0.9986355900764465,LTE,0.9995416030287743,0.0003045834737349651,0,8,0,False,only_4096_correct,LTE|LTE|LTE|LTE|LTE|LTE|LTE|LTE,0.99969888|0.99975246|0.99973565|0.99883848|0.99971265|0.99985421|0.99901891|0.99972159,0.00018416|0.00015236|0.00016528|0.00080885|0.00017582|0.00008535|0.00069132|0.00017352
tr_external_uz_dvbt_f482_r07,53,8210,DVB-T,0.9992475509643555,0.9992475509643555,LTE,0.9995081871747971,0.00033155806977447355,0,8,0,False,only_4096_correct,LTE|LTE|LTE|LTE|LTE|LTE|LTE|LTE,0.99979621|0.99968326|0.99979776|0.99986815|0.99776673|0.99983418|0.99977475|0.99954444,0.00012573|0.00019826|0.00011968|0.00008087|0.00159630|0.00009830|0.00013129|0.00030204
tr_external_uz_dvbt_f482_r07,54,8211,DVB-T,0.999305009841919,0.999305009841919,LTE,0.9995867311954498,0.00026966472250933293,0,8,0,False,only_4096_correct,LTE|LTE|LTE|LTE|LTE|LTE|LTE|LTE,0.99965942|0.99976951|0.99968588|0.99977499|0.99982244|0.99902093|0.99973899|0.99922168,0.00019881|0.00013939|0.00019884|0.00013553|0.00010186|0.00069448|0.00015778|0.00053062
tr_external_uz_dvbt_f482_r07,55,8212,DVB-T,0.9978442192077637,0.9978442192077637,LTE,0.9994609355926514,0.0003514995605655713,0,8,0,False,only_4096_correct,LTE|LTE|LTE|LTE|LTE|LTE|LTE|LTE,0.99937278|0.99967349|0.99962306|0.99979645|0.99862289|0.99942207|0.99963987|0.99953687,0.00043847|0.00019895|0.00024105|0.00012384|0.00089866|0.00039017|0.00021676|0.00030411
tr_external_uz_dvbt_f482_r07,56,8213,DVB-T,0.9983470439910889,0.9983470439910889,LTE,0.9992325305938721,0.0005317212508089142,0,8,0,False,only_4096_correct,LTE|LTE|LTE|LTE|LTE|LTE|LTE|LTE,0.99969923|0.99952126|0.99971861|0.99883431|0.99940181|0.99971765|0.99745411|0.99951327,0.00019144|0.00030931|0.00017405|0.00085784|0.00040732|0.00017406|0.00183401|0.00030573
tr_external_uz_dvbt_f482_r07,57,8214,DVB-T,0.9983128309249878,0.9983128309249878,LTE,0.9988320544362068,0.0008348194769496331,0,8,0,False,only_4096_correct,LTE|LTE|LTE|LTE|LTE|LTE|LTE|LTE,0.99897110|0.99766892|0.99975950|0.99867958|0.99942172|0.99671632|0.99966598|0.99977332,0.00068552|0.00174346|0.00015129|0.00094132|0.00037722|0.00243682|0.00021070|0.00013222
tr_external_uz_dvbt_f482_r07,58,8215,DVB-T,0.9996151924133301,0.9996151924133301,LTE,0.9528670534491539,0.04087099655953352,0,8,0,False,only_4096_correct,LTE|LTE|LTE|LTE|LTE|LTE|LTE|LTE,0.99951220|0.63183147|0.99978083|0.99427962|0.99971110|0.99859029|0.99948442|0.99974650,0.00031335|0.32087114|0.00013216|0.00404985|0.00018136|0.00092820|0.00034168|0.00015023
tr_external_uz_dvbt_f482_r07,59,8216,DVB-T,0.9792714715003967,0.9792714715003967,LTE,0.9969254806637764,0.0023339881445281208,0,8,0,False,only_4096_correct,LTE|LTE|LTE|LTE|LTE|LTE|LTE|LTE,0.99757463|0.99505377|0.99884415|0.98978567|0.99728966|0.99940169|0.99865401|0.99880028,0.00176585|0.00390860|0.00082159|0.00812760|0.00194878|0.00040871|0.00088114|0.00080963
tr_external_uz_dvbt_f482_r07,60,8217,DVB-T,0.9970921277999878,0.9970921277999878,LTE,0.9979583695530891,0.001404983991960762,0,8,0,False,only_4096_correct,LTE|LTE|LTE|LTE|LTE|LTE|LTE|LTE,0.99947339|0.99855667|0.99927980|0.99845290|0.99636948|0.99956387|0.99940026|0.99257058,0.00034175|0.00101805|0.00049206|0.00102563|0.00238456|0.00026887|0.00038412|0.00532483
tr_external_uz_dvbt_f482_r07,61,8218,DVB-T,0.9989506006240845,0.9989506006240845,LTE,0.9972611293196678,0.002055145294434624,0,8,0,False,only_4096_correct,LTE|LTE|LTE|LTE|LTE|LTE|LTE|LTE,0.99560368|0.99845755|0.99826872|0.99895561|0.98923677|0.99966061|0.99843878|0.99946731,0.00337744|0.00112645|0.00128542|0.00074365|0.00823777|0.00020954|0.00111886|0.00034202
tr_external_uz_dvbt_f482_r07,62,8219,DVB-T,0.996992826461792,0.996992826461792,LTE,0.9433897584676743,0.045404107549984474,0,8,0,False,only_4096_correct,LTE|LTE|LTE|LTE|LTE|LTE|LTE|LTE,0.74927932|0.99731261|0.99913615|0.99943215|0.99961179|0.80323714|0.99948788|0.99962103,0.19631447|0.00200586|0.00050126|0.00038183|0.00023723|0.16322650|0.00033151|0.00023420
tr_external_uz_dvbt_f482_r07,63,8220,DVB-T,0.9991655349731445,0.9991655349731445,LTE,0.9304855391383171,0.05519576126243919,0,8,0,False,only_4096_correct,LTE|LTE|LTE|LTE|LTE|LTE|LTE|LTE,0.99324167|0.97797865|0.99962342|0.85723829|0.68655843|0.99945766|0.99808985|0.93169636,0.00497549|0.01661305|0.00023425|0.11976747|0.25097564|0.00033779|0.00128261|0.04737979
tr_external_uz_dvbt_f482_r07,64,8221,DVB-T,0.9991573095321655,0.9991573095321655,LTE,0.7028075149282813,0.22707942822671612,2,6,0,False,only_4096_correct,LTE|LTE|LTE|DVB-T|LTE|DVB-T|LTE|LTE,0.46217248|0.99671692|0.99496365|0.82966584|0.99973446|0.58009994|0.98822904|0.99414515,0.38860032|0.00209569|0.00359680|0.82966584|0.00015051|0.58009994|0.00828455|0.00414178
tr_external_uz_dvbt_f482_r07,65,8222,DVB-T,0.9997981190681458,0.9997981190681458,LTE,0.9119294881820679,0.06741759115539026,0,8,0,False,only_4096_correct,LTE|LTE|LTE|LTE|LTE|LTE|LTE|LTE,0.65345454|0.99903762|0.99279022|0.99495786|0.96580452|0.99170977|0.99808240|0.69959897,0.22734253|0.00068456|0.00457669|0.00385535|0.02216010|0.00580295|0.00137026|0.27354828
tr_external_uz_dvbt_f482_r07,66,8223,DVB-T,0.9993553757667542,0.9993553757667542,LTE,0.6464488760248059,0.1587843430461362,1,6,1,False,only_4096_correct,LTE|LTE|DVB-T|LTE|WiFi|LTE|LTE|LTE,0.92380899|0.99953258|0.60559642|0.76329350|0.98965889|0.99943227|0.43372485|0.93879956,0.05565381|0.00029301|0.60559642|0.15805666|0.00843364|0.00037840|0.39328173|0.04858107
tr_external_uz_dvbt_f482_r07,67,8224,DVB-T,0.9994686245918274,0.9994686245918274,LTE,0.7312916480004787,0.1805502174902358,2,6,0,False,only_4096_correct,LTE|DVB-T|LTE|LTE|DVB-T|LTE|LTE|LTE,0.96458876|0.52440834|0.99803537|0.99336511|0.62118399|0.90944374|0.99888664|0.72840124,0.02320188|0.52440834|0.00139980|0.00267916|0.62118399|0.07407665|0.00076324|0.19668868
tr_external_uz_dvbt_f482_r07,68,8225,DVB-T,0.9994088411331177,0.9994088411331177,LTE,0.9425009563565254,0.0458631389456059,0,8,0,False,only_4096_correct,LTE|LTE|LTE|LTE|LTE|LTE|LTE|LTE,0.99941432|0.99485886|0.98259652|0.99981171|0.98997074|0.99682593|0.64205593|0.93447363,0.00038939|0.00385816|0.01310049|0.00011472|0.00775639|0.00207140|0.28275144|0.05686311
tr_external_uz_dvbt_f482_r07,69,8226,DVB-T,0.9996167421340942,0.9996167421340942,LTE,0.7653592638671398,0.18415305754751898,2,6,0,False,only_4096_correct,LTE|DVB-T|DVB-T|LTE|LTE|LTE|LTE|LTE,0.99679214|0.46348262|0.58011281|0.64651269|0.99545056|0.82118511|0.99652231|0.98576921,0.00239017|0.46348262|0.58011281|0.26986977|0.00323562|0.14065483|0.00266840|0.01081023
tr_external_uz_dvbt_f482_r07,70,8227,DVB-T,0.9991455078125,0.9991455078125,LTE,0.7591446824371815,0.19256207939179149,2,6,0,False,only_4096_correct,LTE|LTE|LTE|LTE|LTE|DVB-T|LTE|DVB-T,0.99765283|0.99206370|0.99804151|0.87265015|0.92720383|0.83543998|0.97110218|0.49462801,0.00175376|0.00567910|0.00149906|0.11665976|0.06164116|0.83543998|0.02319580|0.49462801
tr_external_uz_dvbt_f482_r07,71,8228,DVB-T,0.9988064765930176,0.9988064765930176,LTE,0.8424592218361795,0.14994286718138028,1,7,0,False,only_4096_correct,LTE|LTE|DVB-T|LTE|LTE|LTE|LTE|LTE,0.93850696|0.96821636|0.95870167|0.99715084|0.97659951|0.87267631|0.95493114|0.99916661,0.05415846|0.02291239|0.95870167|0.00203880|0.01780640|0.10629302|0.03707892|0.00055327
tr_external_uz_dvbt_f482_r07,72,8229,DVB-T,0.9996590614318848,0.9996590614318848,LTE,0.8722873069345951,0.11367533241718775,1,7,0,False,only_4096_correct,LTE|LTE|LTE|LTE|LTE|DVB-T|LTE|LTE,0.99966323|0.71227241|0.98545295|0.99882799|0.91875553|0.56772816|0.99605870|0.99727660,0.00021057|0.26687849|0.01162296|0.00077261|0.05746081|0.56772816|0.00275326|0.00197580
tr_external_uz_dvbt_f482_r07,73,8230,DVB-T,0.9997112154960632,0.9997112154960632,LTE,0.8744069375097752,0.10453875379243982,1,7,0,False,only_4096_correct,LTE|LTE|LTE|DVB-T|LTE|LTE|LTE|LTE,0.99959737|0.96370858|0.82789600|0.52125525|0.99397260|0.81243473|0.99710017|0.98480463,0.00026357|0.02679207|0.12244107|0.52125525|0.00420428|0.14749752|0.00212283|0.01173344
tr_external_uz_dvbt_f482_r07,74,8231,DVB-T,0.9998251795768738,0.9998251795768738,LTE,0.7907173847779632,0.16796189511660486,1,7,0,False,only_4096_correct,LTE|LTE|DVB-T|LTE|LTE|LTE|LTE|LTE,0.79445356|0.99290013|0.74282026|0.92819083|0.96598744|0.97668517|0.88426369|0.71347070,0.19077730|0.00558546|0.74282026|0.05350141|0.02058972|0.01808969|0.09557731|0.21675400
tr_external_uz_dvbt_f482_r07,75,8232,DVB-T,0.9977127313613892,0.9977127313613892,LTE,0.6280836288351566,0.16940347591298632,1,5,2,False,only_4096_correct,LTE|WiFi|LTE|LTE|LTE|LTE|WiFi|DVB-T,0.54355365|0.92846388|0.99667799|0.95756245|0.78869504|0.98261845|0.34414041|0.48259732,0.30899054|0.04379069|0.00249963|0.03407287|0.14834757|0.00927978|0.32564941|0.48259732
tr_external_uz_dvbt_f482_r07,76,8233,DVB-T,0.9991313815116882,0.9991313815116882,WiFi,0.5245173894800246,0.3318875852310157,2,1,5,False,only_4096_correct,WiFi|LTE|WiFi|WiFi|DVB-T|WiFi|WiFi|DVB-T,0.95520949|0.77169657|0.73727822|0.61121070|0.71137154|0.59883356|0.99974376|0.94641936,0.04238871|0.16330646|0.19216290|0.22632240|0.71137154|0.37294492|0.00018439|0.94641936
tr_external_uz_dvbt_f482_r07,77,8234,DVB-T,0.999656081199646,0.999656081199646,LTE,0.43873571744188666,0.23302269139094278,1,4,3,False,only_4096_correct,WiFi|LTE|DVB-T|WiFi|WiFi|LTE|LTE|LTE,0.56071389|0.99370283|0.54918116|0.75913793|0.94901949|0.51734674|0.99164373|0.58433634,0.39122930|0.00426221|0.54918116|0.23043768|0.02519940|0.34337103|0.00648157|0.31401917
tr_external_uz_dvbt_f482_r07,78,8235,DVB-T,0.9996969699859619,0.9996969699859619,WiFi,0.6818849989213049,0.19378304155543447,2,1,5,False,only_4096_correct,WiFi|WiFi|WiFi|LTE|WiFi|WiFi|DVB-T|DVB-T,0.96896183|0.85184401|0.99493718|0.84761977|0.99835348|0.98539633|0.44167575|0.80085540,0.02972228|0.14419368|0.00472302|0.11383058|0.00147772|0.01378590|0.44167575|0.80085540
tr_external_uz_dvbt_f482_r07,79,8236,DVB-T,0.9991601705551147,0.9991601705551147,WiFi,0.5745859397575259,0.3723366636586434,4,0,4,True,only_4096_correct,DVB-T|WiFi|DVB-T|WiFi|DVB-T|DVB-T|WiFi|WiFi,0.48903146|0.93976706|0.66335338|0.96566242|0.81979066|0.90496337|0.99940264|0.99002784,0.48903146|0.05890738|0.66335338|0.03324911|0.81979066|0.90496337|0.00025907|0.00913887
tr_external_uz_dvbt_f482_r07,80,8237,DVB-T,0.9998099207878113,0.9998099207878113,DVB-T,0.5162690600845963,0.5162690600845963,4,0,4,True,both_correct,WiFi|DVB-T|WiFi|WiFi|DVB-T|DVB-T|DVB-T|WiFi,0.66309428|0.94137788|0.72640502|0.97139883|0.75179219|0.90619951|0.66470152|0.70925385,0.28431398|0.94137788|0.26894185|0.02691443|0.75179219|0.90619951|0.66470152|0.28591111
tr_external_uz_dvbt_f482_r07,81,8238,DVB-T,0.9991899132728577,0.9991899132728577,WiFi,0.5869229398667812,0.2758896903251298,3,1,4,False,only_4096_correct,WiFi|WiFi|WiFi|LTE|DVB-T|WiFi|DVB-T|DVB-T,0.99515355|0.96923232|0.99249387|0.96962702|0.84321654|0.98219717|0.69882399|0.59248459,0.00445848|0.02997094|0.00692578|0.02572218|0.84321654|0.00551502|0.69882399|0.59248459
tr_external_uz_dvbt_f482_r07,82,8239,DVB-T,0.9997941851615906,0.9997941851615906,WiFi,0.49319500010460615,0.46754089903515705,4,0,4,True,only_4096_correct,WiFi|WiFi|WiFi|DVB-T|WiFi|DVB-T|DVB-T|DVB-T,0.81517404|0.99972659|0.86932653|0.89524686|0.87783802|0.89850289|0.61622375|0.90273410,0.18012428|0.00014480|0.12925555|0.89524686|0.11809496|0.89850289|0.61622375|0.90273410
tr_external_uz_dvbt_f482_r07,83,8240,DVB-T,0.9996541738510132,0.9996541738510132,DVB-T,0.5440529566258192,0.5440529566258192,4,3,1,False,both_correct,LTE|DVB-T|DVB-T|DVB-T|DVB-T|LTE|LTE|WiFi,0.48645839|0.98991138|0.79500782|0.98315018|0.56608856|0.59220952|0.87381130|0.81713516,0.41199628|0.98991138|0.79500782|0.98315018|0.56608856|0.32968819|0.09485625|0.18172500
tr_external_uz_dvbt_f482_r07,84,8241,DVB-T,0.999705970287323,0.999705970287323,LTE,0.4228057670406997,0.3702841977501521,3,4,1,False,only_4096_correct,LTE|DVB-T|DVB-T|LTE|WiFi|DVB-T|LTE|LTE,0.94627833|0.92113733|0.81768590|0.49125078|0.94256216|0.58661801|0.99778455|0.91215944,0.04370439|0.92113733|0.81768590|0.47813851|0.04883926|0.58661801|0.00157887|0.06457131
tr_external_uz_dvbt_f482_r07,85,8242,DVB-T,0.9996978044509888,0.9996978044509888,DVB-T,0.49660847685299814,0.49660847685299814,3,4,1,False,both_correct,DVB-T|LTE|WiFi|LTE|DVB-T|LTE|DVB-T|LTE,0.61803705|0.55153435|0.48010182|0.95857763|0.97965586|0.79864502|0.96656644|0.51919198,0.61803705|0.40200558|0.47679418|0.03003216|0.97965586|0.15998679|0.96656644|0.33978975
tr_external_uz_dvbt_f482_r07,86,8243,DVB-T,0.9976196885108948,0.9976196885108948,LTE,0.6144211160717532,0.28221352209948236,2,5,1,False,only_4096_correct,LTE|WiFi|LTE|DVB-T|LTE|LTE|DVB-T|LTE,0.99704415|0.71483326|0.73762482|0.83019924|0.99190629|0.99156451|0.94075841|0.99913710,0.00216241|0.27043214|0.20047124|0.83019924|0.00633880|0.00677264|0.94075841|0.00057330
tr_external_uz_dvbt_f482_r07,87,8244,DVB-T,0.9970380067825317,0.9970380067825317,LTE,0.8586293756961823,0.13445624665473588,1,7,0,False,only_4096_correct,DVB-T|LTE|LTE|LTE|LTE|LTE|LTE|LTE,0.55505830|0.96323407|0.50572294|0.99808818|0.98713350|0.99911362|0.99566972|0.99504507,0.55505830|0.02686650|0.47448662|0.00144844|0.01021309|0.00063071|0.00339937|0.00354695
tr_external_uz_dvbt_f482_r07,88,8245,DVB-T,0.8748151659965515,0.8748151659965515,LTE,0.9963942542672157,0.0027747184394684155,0,8,0,False,only_4096_correct,LTE|LTE|LTE|LTE|LTE|LTE|LTE|LTE,0.98230064|0.99844402|0.99510622|0.99883884|0.99921191|0.99891675|0.99889648|0.99943918,0.01400541|0.00115200|0.00386502|0.00081682|0.00053713|0.00070689|0.00074864|0.00036582
tr_external_uz_dvbt_f482_r07,89,8246,DVB-T,0.9670482873916626,0.9670482873916626,LTE,0.9987773969769478,0.0008671639352542115,0,8,0,False,only_4096_correct,LTE|LTE|LTE|LTE|LTE|LTE|LTE|LTE,0.99969292|0.99889332|0.99966240|0.99472260|0.99930120|0.99927586|0.99904066|0.99963021,0.00019206|0.00075160|0.00021131|0.00393892|0.00045709|0.00049085|0.00066372|0.00023176
tr_external_uz_dvbt_f482_r07,90,8247,DVB-T,0.999666690826416,0.999666690826416,LTE,0.9986583888530731,0.000937940507355961,0,8,0,False,only_4096_correct,LTE|LTE|LTE|LTE|LTE|LTE|LTE|LTE,0.99953330|0.99803168|0.99959236|0.99783343|0.99821341|0.99720001|0.99965453|0.99920839,0.00029625|0.00143163|0.00025160|0.00146197|0.00127106|0.00204476|0.00020710|0.00053914
tr_external_uz_dvbt_f482_r07,91,8248,DVB-T,0.9946485161781311,0.9946485161781311,LTE,0.9983512833714485,0.0011439836634963285,0,8,0,False,only_4096_correct,LTE|LTE|LTE|LTE|LTE|LTE|LTE|LTE,0.99898344|0.99295455|0.99977034|0.99809879|0.99833506|0.99979824|0.99931014|0.99955970,0.00068925|0.00511488|0.00013772|0.00116881|0.00118688|0.00012254|0.00045410|0.00027769
tr_external_uz_dvbt_f482_r07,92,8249,DVB-T,0.9994680285453796,0.9994680285453796,LTE,0.9165341816842556,0.07866561164519226,1,7,0,False,only_4096_correct,LTE|LTE|LTE|LTE|LTE|LTE|LTE|DVB-T,0.97765827|0.99975747|0.99666530|0.99851650|0.99966967|0.99914145|0.99971110|0.60800821,0.01682362|0.00014885|0.00225535|0.00111827|0.00019560|0.00059608|0.00017892|0.60800821
tr_external_uz_dvbt_f482_r07,93,8250,DVB-T,0.9994208812713623,0.9994208812713623,LTE,0.9828150272369385,0.01325204012573522,0,8,0,False,only_4096_correct,LTE|LTE|LTE|LTE|LTE|LTE|LTE|LTE,0.93434727|0.99902236|0.99919683|0.99973136|0.99934369|0.99971849|0.99569881|0.93546140,0.04978117|0.00071725|0.00055505|0.00016689|0.00042306|0.00016466|0.00298162|0.05122663
tr_external_uz_dvbt_f482_r07,94,8251,DVB-T,0.9997108578681946,0.9997108578681946,LTE,0.7761855395510793,0.18894007371272892,1,7,0,False,only_4096_correct,LTE|LTE|LTE|LTE|DVB-T|LTE|LTE|LTE,0.99832684|0.76204473|0.98154366|0.86499310|0.73107725|0.99824691|0.99785030|0.48656034,0.00104482|0.17340022|0.01612923|0.11613752|0.73107725|0.00116632|0.00149037|0.47107485
tr_external_uz_dvbt_f482_r07,95,8252,DVB-T,0.9985451698303223,0.9985451698303223,LTE,0.7459131646901369,0.22791125061849016,2,6,0,False,only_4096_correct,LTE|DVB-T|LTE|LTE|DVB-T|LTE|LTE|LTE,0.98712093|0.75700319|0.99939358|0.69424164|0.65929443|0.96541303|0.80764890|0.99871123,0.00852905|0.75700319|0.00039220|0.23596564|0.65929443|0.02594392|0.13531744|0.00084413
tr_external_uz_dvbt_f482_r07,96,8253,DVB-T,0.9996088147163391,0.9996088147163391,LTE,0.6138686654157937,0.26405662360048154,2,5,1,False,only_4096_correct,LTE|LTE|LTE|LTE|LTE|DVB-T|DVB-T|WiFi,0.90091658|0.98681486|0.95758367|0.99910140|0.80156493|0.68735474|0.93320626|0.62045467,0.08129448|0.00875099|0.03171134|0.00059205|0.17209058|0.68735474|0.93320626|0.19745255
tr_external_uz_dvbt_f482_r07,97,8254,DVB-T,0.9997554421424866,0.9997554421424866,DVB-T,0.44092494319193065,0.44092494319193065,3,3,2,True,both_correct,DVB-T|LTE|WiFi|LTE|LTE|DVB-T|WiFi|DVB-T,0.87897509|0.96022809|0.58259368|0.92095590|0.94476902|0.88906145|0.50538909|0.76026464,0.87897509|0.02806551|0.37724295|0.06620727|0.04482327|0.88906145|0.48275936|0.76026464
tr_external_uz_dvbt_f482_r07,98,8255,DVB-T,0.9996761083602905,0.9996761083602905,LTE,0.4428094754111953,0.28553573531098664,2,4,2,False,only_4096_correct,LTE|WiFi|WiFi|LTE|LTE|DVB-T|LTE|DVB-T,0.76171535|0.76646930|0.97230703|0.81611741|0.80215693|0.91476470|0.69882631|0.60214537,0.18557215|0.22172116|0.02041489|0.13474107|0.13836382|0.91476470|0.06656272|0.60214537
tr_external_uz_dvbt_f482_r07,99,8256,DVB-T,0.9996585845947266,0.9996585845947266,DVB-T,0.43302618304733187,0.43302618304733187,3,1,4,False,both_correct,LTE|DVB-T|WiFi|WiFi|WiFi|WiFi|DVB-T|DVB-T,0.85719693|0.80741000|0.59058577|0.98796320|0.60316658|0.95417017|0.91556352|0.87474465,0.06795663|0.80741000|0.36146167|0.00974001|0.38236991|0.04496306|0.91556352|0.87474465
tr_external_uz_dvbt_f482_r07,100,8257,DVB-T,0.9997796416282654,0.9997796416282654,DVB-T,0.611995731247589,0.611995731247589,6,2,0,False,both_correct,DVB-T|LTE|DVB-T|LTE|DVB-T|DVB-T|DVB-T|DVB-T,0.80524731|0.98502678|0.73068136|0.75393397|0.51469082|0.70081395|0.92749518|0.98159343,0.80524731|0.01268073|0.73068136|0.22276308|0.51469082|0.70081395|0.92749518|0.98159343
tr_external_uz_dvbt_f482_r07,101,8258,DVB-T,0.9993724226951599,0.9993724226951599,DVB-T,0.592221524566412,0.592221524566412,4,2,2,False,both_correct,DVB-T|DVB-T|LTE|LTE|WiFi|WiFi|DVB-T|DVB-T,0.97992092|0.99623740|0.85651833|0.50988412|0.66410404|0.60110474|0.71022052|0.81540239,0.97992092|0.99623740|0.12507263|0.44748032|0.30983552|0.35360250|0.71022052|0.81540239
tr_external_uz_dvbt_f482_r07,102,8259,DVB-T,0.9997277855873108,0.9997277855873108,LTE,0.5391002088435926,0.35512270173057914,2,5,1,False,only_4096_correct,DVB-T|LTE|WiFi|DVB-T|LTE|LTE|LTE|LTE,0.79758006|0.53351098|0.46569631|0.93040913|0.94564313|0.63729686|0.88810056|0.96611762,0.79758006|0.42895555|0.22089925|0.93040913|0.04781004|0.29523531|0.09554752|0.02454474
tr_external_uz_dvbt_f482_r07,103,8260,DVB-T,0.9976043105125427,0.9976043105125427,LTE,0.7232790063135326,0.23594241228420287,2,6,0,False,only_4096_correct,LTE|DVB-T|LTE|LTE|LTE|LTE|LTE|DVB-T,0.84526920|0.60517657|0.80143291|0.96932799|0.95183223|0.98498070|0.94994652|0.91687644,0.11257827|0.60517657|0.14777197|0.02479864|0.03210366|0.01186506|0.03636870|0.91687644
tr_external_uz_dvbt_f482_r07,104,8261,DVB-T,0.999670147895813,0.999670147895813,LTE,0.5963832922279835,0.24585676663264167,2,5,1,False,only_4096_correct,LTE|DVB-T|LTE|LTE|LTE|WiFi|LTE|DVB-T,0.99827266|0.77936071|0.64034575|0.96573848|0.98962432|0.89108044|0.65443617|0.64186358,0.00125353|0.77936071|0.26254147|0.02943948|0.00684751|0.02214801|0.22339983|0.64186358
tr_external_uz_dvbt_f482_r07,105,8262,DVB-T,0.9997840523719788,0.9997840523719788,LTE,0.7494148006662726,0.19360755979141686,2,6,0,False,only_4096_correct,DVB-T|LTE|LTE|LTE|LTE|LTE|DVB-T|LTE,0.43067852|0.95296168|0.98881847|0.90829891|0.99059170|0.66878223|0.74098366|0.99971098,0.43067852|0.03548819|0.00798164|0.07203658|0.00682313|0.25469741|0.74098366|0.00017135
tr_external_uz_dvbt_f482_r07,106,8263,DVB-T,0.9986520409584045,0.9986520409584045,LTE,0.8796713873744011,0.08558659050322603,0,8,0,False,only_4096_correct,LTE|LTE|LTE|LTE|LTE|LTE|LTE|LTE,0.93609881|0.99823558|0.88771456|0.56866813|0.74495822|0.99833810|0.99728203|0.90607566,0.04367826|0.00122429|0.08999539|0.31341785|0.20801187|0.00092784|0.00201506|0.02542216
tr_external_uz_dvbt_f482_r07,107,8264,DVB-T,0.9922716617584229,0.9922716617584229,LTE,0.6230649162316695,0.22208412020700052,1,6,1,False,only_4096_correct,LTE|LTE|LTE|LTE|DVB-T|LTE|WiFi|LTE,0.99689972|0.99591416|0.96073842|0.76805401|0.59757483|0.51590043|0.63309819|0.58611190,0.00224047|0.00302316|0.01693883|0.17088041|0.59757483|0.26735067|0.35884234|0.35982224
tr_external_uz_dvbt_f482_r07,108,8265,DVB-T,0.9997764229774475,0.9997764229774475,LTE,0.6297842310741544,0.22839996201219037,3,5,0,False,only_4096_correct,LTE|LTE|LTE|DVB-T|LTE|LTE|DVB-T|DVB-T,0.64457893|0.98011804|0.99491572|0.37646753|0.98736572|0.93667769|0.67847621|0.65387434,0.04159804|0.01614367|0.00376021|0.37646753|0.00907269|0.04780699|0.67847621|0.65387434
tr_external_uz_dvbt_f482_r07,109,8266,DVB-T,0.9973657727241516,0.9973657727241516,LTE,0.5205528905535175,0.11765621610902599,0,5,3,False,only_4096_correct,LTE|WiFi|LTE|WiFi|LTE|WiFi|LTE|LTE,0.98552203|0.98060715|0.94132984|0.99944168|0.67178881|0.67688787|0.76783806|0.78757519,0.01150645|0.01006421|0.04131090|0.00042060|0.23786300|0.32220918|0.17723526|0.14064012
tr_external_uz_dvbt_f482_r07,110,8267,DVB-T,0.9995197057723999,0.9995197057723999,WiFi,0.36750283446599497,0.2837665212009597,2,3,3,True,only_4096_correct,LTE|WiFi|LTE|LTE|DVB-T|DVB-T|WiFi|WiFi,0.66054678|0.99976426|0.99871635|0.86017507|0.53412914|0.99780661|0.65055716|0.99514151,0.29443792|0.00012723|0.00089310|0.09260212|0.53412914|0.99780661|0.34663898|0.00349707
tr_external_uz_dvbt_f482_r07,111,8268,DVB-T,0.9998403787612915,0.9998403787612915,WiFi,0.65157157368958,0.33151847473345697,3,0,5,False,only_4096_correct,WiFi|WiFi|DVB-T|WiFi|WiFi|DVB-T|DVB-T|WiFi,0.83441406|0.90783983|0.57175267|0.93446457|0.96778339|0.94005859|0.63950694|0.79836154,0.16370223|0.08439230|0.57175267|0.02128528|0.03147025|0.94005859|0.63950694|0.19997954
tr_external_uz_dvbt_f482_r07,112,8269,DVB-T,0.9995755553245544,0.9995755553245544,DVB-T,0.6779797375202179,0.6779797375202179,5,0,3,False,both_correct,DVB-T|DVB-T|WiFi|DVB-T|WiFi|DVB-T|WiFi|DVB-T,0.67517263|0.98099226|0.71514744|0.97984022|0.55631971|0.79898107|0.55253541|0.97769415,0.67517263|0.98099226|0.27679574|0.97984022|0.44223213|0.79898107|0.29212970|0.97769415
tr_external_uz_dvbt_f482_r07,113,8270,DVB-T,0.9995806813240051,0.9995806813240051,DVB-T,0.6860595617326908,0.6860595617326908,6,1,1,False,both_correct,DVB-T|DVB-T|LTE|DVB-T|DVB-T|WiFi|DVB-T|DVB-T,0.82006645|0.94531965|0.84843791|0.97791845|0.91118717|0.99888223|0.71024102|0.98215699,0.82006645|0.94531965|0.14062488|0.97791845|0.91118717|0.00096188|0.71024102|0.98215699
tr_external_uz_dvbt_f482_r07,114,8271,DVB-T,0.9997981190681458,0.9997981190681458,DVB-T,0.6010176292620599,0.6010176292620599,5,0,3,False,both_correct,WiFi|DVB-T|DVB-T|WiFi|DVB-T|DVB-T|WiFi|DVB-T,0.50289553|0.98701793|0.78689492|0.95463860|0.98748291|0.98358214|0.96093875|0.48331642,0.49629274|0.98701793|0.78689492|0.04492000|0.98748291|0.98358214|0.03863398|0.48331642
tr_external_uz_dvbt_f482_r07,115,8272,DVB-T,0.9992843270301819,0.9992843270301819,DVB-T,0.6560209468007088,0.6560209468007088,6,0,2,False,both_correct,DVB-T|WiFi|DVB-T|DVB-T|DVB-T|WiFi|DVB-T|DVB-T,0.82167280|0.48189098|0.94498974|0.97425395|0.99827230|0.79793715|0.49583173|0.51331645,0.82167280|0.29864457|0.94498974|0.97425395|0.99827230|0.20118603|0.49583173|0.51331645
tr_external_uz_dvbt_f482_r07,116,8273,DVB-T,0.9996243715286255,0.9996243715286255,DVB-T,0.9288297519087791,0.9288297519087791,8,0,0,False,both_correct,DVB-T|DVB-T|DVB-T|DVB-T|DVB-T|DVB-T|DVB-T|DVB-T,0.99870336|0.98792392|0.99559265|0.99108762|0.65042102|0.98334658|0.97988552|0.84367734,0.99870336|0.98792392|0.99559265|0.99108762|0.65042102|0.98334658|0.97988552|0.84367734
tr_external_uz_dvbt_f482_r07,117,8274,DVB-T,0.9996428489685059,0.9996428489685059,DVB-T,0.9466561675071716,0.9466561675071716,8,0,0,False,both_correct,DVB-T|DVB-T|DVB-T|DVB-T|DVB-T|DVB-T|DVB-T|DVB-T,0.99870932|0.98475689|0.99821019|0.99613488|0.60492235|0.99761391|0.99708396|0.99581784,0.99870932|0.98475689|0.99821019|0.99613488|0.60492235|0.99761391|0.99708396|0.99581784
tr_external_uz_dvbt_f482_r07,118,8275,DVB-T,0.9992691874504089,0.9992691874504089,DVB-T,0.6698291897773743,0.6698291897773743,5,1,2,False,both_correct,DVB-T|DVB-T|DVB-T|DVB-T|LTE|DVB-T|WiFi|WiFi,0.97262830|0.98655593|0.96218091|0.96985066|0.47532231|0.53714770|0.42957172|0.89628363,0.97262830|0.98655593|0.96218091|0.96985066|0.40754911|0.53714770|0.42324659|0.09947431
tr_external_uz_dvbt_f482_r07,119,8276,DVB-T,0.9989594221115112,0.9989594221115112,DVB-T,0.5503336675465107,0.5503336675465107,6,1,1,False,both_correct,DVB-T|DVB-T|DVB-T|DVB-T|WiFi|DVB-T|DVB-T|LTE,0.64586508|0.75104487|0.68802828|0.65274525|0.61584848|0.45114043|0.92720193|0.63757342,0.64586508|0.75104487|0.68802828|0.65274525|0.19232558|0.45114043|0.92720193|0.09431793
tr_external_uz_dvbt_f482_r07,120,8277,DVB-T,0.9976485371589661,0.9976485371589661,WiFi,0.47666732786456123,0.2731409380212426,2,2,4,False,only_4096_correct,WiFi|LTE|WiFi|DVB-T|WiFi|LTE|WiFi|DVB-T,0.81009722|0.91498816|0.98470855|0.85419607|0.93992144|0.97608817|0.88494015|0.94978279,0.13517876|0.06337406|0.01260938|0.85419607|0.05253548|0.01620067|0.10125030|0.94978279
tr_external_uz_dvbt_f482_r07,121,8278,DVB-T,0.9997567534446716,0.9997567534446716,DVB-T,0.37750693364068866,0.37750693364068866,4,3,1,False,both_correct,LTE|WiFi|DVB-T|LTE|LTE|DVB-T|DVB-T|DVB-T,0.92624122|0.94592375|0.85352194|0.94450980|0.47712985|0.47370046|0.52076161|0.67983204,0.05294188|0.04283121|0.85352194|0.03852925|0.35793707|0.47370046|0.52076161|0.67983204
tr_external_uz_dvbt_f482_r07,122,8279,DVB-T,0.9994688630104065,0.9994688630104065,DVB-T,0.5414623101205507,0.5414623101205507,5,1,2,False,both_correct,WiFi|DVB-T|DVB-T|DVB-T|LTE|DVB-T|DVB-T|WiFi,0.91839170|0.82464331|0.75684649|0.97296786|0.92474908|0.71803033|0.92813754|0.99933332,0.08099926|0.82464331|0.75684649|0.97296786|0.04967828|0.71803033|0.92813754|0.00039540
tr_external_uz_dvbt_f482_r07,123,8280,DVB-T,0.9998369216918945,0.9998369216918945,DVB-T,0.8429631739854813,0.8429631739854813,7,0,1,False,both_correct,DVB-T|DVB-T|DVB-T|DVB-T|DVB-T|DVB-T|WiFi|DVB-T,0.95604068|0.66301620|0.97474366|0.81410414|0.94921190|0.98688251|0.58762699|0.98932552,0.95604068|0.66301620|0.97474366|0.81410414|0.94921190|0.98688251|0.41038078|0.98932552
tr_external_uz_dvbt_f482_r07,124,8281,DVB-T,0.9997244477272034,0.9997244477272034,DVB-T,0.6151674152351916,0.6151674152351916,5,0,3,False,both_correct,DVB-T|DVB-T|WiFi|WiFi|DVB-T|WiFi|DVB-T|DVB-T,0.95553792|0.96447909|0.93782389|0.90159434|0.51594734|0.64780742|0.98422790|0.99237341,0.95553792|0.96447909|0.06145841|0.09684332|0.51594734|0.35047194|0.98422790|0.99237341
tr_external_uz_dvbt_f482_r07,125,8282,DVB-T,0.9998749494552612,0.9998749494552612,DVB-T,0.9576421082019806,0.9576421082019806,8,0,0,False,both_correct,DVB-T|DVB-T|DVB-T|DVB-T|DVB-T|DVB-T|DVB-T|DVB-T,0.99156356|0.99904162|0.95351756|0.99715376|0.99963093|0.80518132|0.91877061|0.99627751,0.99156356|0.99904162|0.95351756|0.99715376|0.99963093|0.80518132|0.91877061|0.99627751
tr_external_uz_dvbt_f482_r07,126,8283,DVB-T,0.9998437166213989,0.9998437166213989,DVB-T,0.9565773084759712,0.9565773084759712,8,0,0,False,both_correct,DVB-T|DVB-T|DVB-T|DVB-T|DVB-T|DVB-T|DVB-T|DVB-T,0.77431613|0.99491727|0.89585412|0.99330246|0.99962926|0.99828905|0.99648523|0.99982494,0.77431613|0.99491727|0.89585412|0.99330246|0.99962926|0.99828905|0.99648523|0.99982494
tr_external_uz_dvbt_f482_r07,127,8284,DVB-T,0.999817430973053,0.999817430973053,DVB-T,0.9988819286227226,0.9988819286227226,8,0,0,False,both_correct,DVB-T|DVB-T|DVB-T|DVB-T|DVB-T|DVB-T|DVB-T|DVB-T,0.99966335|0.99974614|0.99955064|0.99931741|0.99985552|0.99847442|0.99976462|0.99468333,0.99966335|0.99974614|0.99955064|0.99931741|0.99985552|0.99847442|0.99976462|0.99468333
tr_external_uz_dvbt_f482_r07,128,8285,DVB-T,0.9997171759605408,0.9997171759605408,DVB-T,0.9976420626044273,0.9976420626044273,8,0,0,False,both_correct,DVB-T|DVB-T|DVB-T|DVB-T|DVB-T|DVB-T|DVB-T|DVB-T,0.99928266|0.99846691|0.99909139|0.99647743|0.99810505|0.99990165|0.99024171|0.99956971,0.99928266|0.99846691|0.99909139|0.99647743|0.99810505|0.99990165|0.99024171|0.99956971
tr_external_uz_dvbt_f482_r07,129,8286,DVB-T,0.9996674060821533,0.9996674060821533,DVB-T,0.8688062131404877,0.8688062131404877,7,0,1,False,both_correct,DVB-T|DVB-T|WiFi|DVB-T|DVB-T|DVB-T|DVB-T|DVB-T,0.99982494|0.99906820|0.68230623|0.99960834|0.99990010|0.99784279|0.63926649|0.99803632,0.99982494|0.99906820|0.31690252|0.99960834|0.99990010|0.99784279|0.63926649|0.99803632
tr_external_uz_dvbt_f482_r07,130,8287,DVB-T,0.9993196725845337,0.9993196725845337,DVB-T,0.99451744556427,0.99451744556427,8,0,0,False,both_correct,DVB-T|DVB-T|DVB-T|DVB-T|DVB-T|DVB-T|DVB-T|DVB-T,0.99985337|0.99948150|0.99443519|0.99848145|0.99976927|0.99862695|0.98861629|0.97687554,0.99985337|0.99948150|0.99443519|0.99848145|0.99976927|0.99862695|0.98861629|0.97687554
tr_external_uz_dvbt_f482_r07,131,8288,DVB-T,0.9988161325454712,0.9988161325454712,DVB-T,0.9749914482235909,0.9749914482235909,8,0,0,False,both_correct,DVB-T|DVB-T|DVB-T|DVB-T|DVB-T|DVB-T|DVB-T|DVB-T,0.99988115|0.98913157|0.99938560|0.97432232|0.99993169|0.99963641|0.97662657|0.86101627,0.99988115|0.98913157|0.99938560|0.97432232|0.99993169|0.99963641|0.97662657|0.86101627
tr_external_uz_dvbt_f482_r07,132,8289,DVB-T,0.9994701743125916,0.9994701743125916,DVB-T,0.6262854708184022,0.6262854708184022,5,1,2,False,both_correct,DVB-T|DVB-T|DVB-T|DVB-T|DVB-T|LTE|WiFi|WiFi,0.99757022|0.94258547|0.97447532|0.98382312|0.99365413|0.99770856|0.88390809|0.99756002,0.99757022|0.94258547|0.97447532|0.98382312|0.99365413|0.00179836|0.11413207|0.00224507
tr_external_uz_dvbt_f482_r07,133,8290,DVB-T,0.9995779395103455,0.9995779395103455,DVB-T,0.6425689973402768,0.6425689973402768,7,1,0,False,both_correct,DVB-T|DVB-T|DVB-T|LTE|DVB-T|DVB-T|DVB-T|DVB-T,0.84144473|0.98164129|0.92468148|0.96025413|0.52355522|0.51484352|0.48586664|0.83880383,0.84144473|0.98164129|0.92468148|0.02971526|0.52355522|0.51484352|0.48586664|0.83880383
tr_external_uz_dvbt_f482_r07,134,8291,DVB-T,0.9995297193527222,0.9995297193527222,DVB-T,0.4378586496168282,0.4378586496168282,4,2,2,False,both_correct,WiFi|LTE|DVB-T|WiFi|DVB-T|DVB-T|DVB-T|LTE,0.61049163|0.67218149|0.71957684|0.99611074|0.54394275|0.95460045|0.85109675|0.95753312,0.11961043|0.28295848|0.71957684|0.00310603|0.54394275|0.95460045|0.85109675|0.02797747
tr_external_uz_dvbt_f482_r07,135,8292,DVB-T,0.9995724558830261,0.9995724558830261,WiFi,0.6426104460842907,0.2180127441242803,2,1,5,False,only_4096_correct,WiFi|DVB-T|LTE|WiFi|WiFi|DVB-T|WiFi|WiFi,0.99782312|0.70548886|0.94548357|0.77158958|0.99909437|0.79118925|0.99677509|0.99927372,0.00199402|0.70548886|0.03775917|0.20342742|0.00073782|0.79118925|0.00304084|0.00046457
tr_external_uz_dvbt_f482_r07,136,8293,DVB-T,0.9996753931045532,0.9996753931045532,DVB-T,0.6071175951510668,0.6071175951510668,5,0,3,False,both_correct,DVB-T|DVB-T|WiFi|WiFi|DVB-T|DVB-T|WiFi|DVB-T,0.96471667|0.92559487|0.84648865|0.76021212|0.57052869|0.95860714|0.51925915|0.61026746,0.96471667|0.92559487|0.12221347|0.22589302|0.57052869|0.95860714|0.47911945|0.61026746
tr_external_uz_dvbt_f482_r07,137,8294,DVB-T,0.9998127818107605,0.9998127818107605,DVB-T,0.6949626188725233,0.6949626188725233,6,0,2,False,both_correct,DVB-T|WiFi|DVB-T|DVB-T|WiFi|DVB-T|DVB-T|DVB-T,0.67496139|0.87007004|0.92426199|0.99771738|0.96236438|0.93736070|0.99701995|0.86260927,0.67496139|0.12894346|0.92426199|0.99771738|0.03682682|0.93736070|0.99701995|0.86260927
tr_external_uz_dvbt_f482_r07,138,8295,DVB-T,0.9997401833534241,0.9997401833534241,DVB-T,0.5843141647055745,0.5843141647055745,4,1,3,False,both_correct,WiFi|LTE|DVB-T|WiFi|DVB-T|DVB-T|DVB-T|WiFi,0.59382749|0.76940608|0.99170578|0.55382043|0.96757507|0.75526291|0.99417228|0.95599312,0.40453580|0.07399039|0.99170578|0.44384402|0.96757507|0.75526291|0.99417228|0.04342707
tr_external_uz_dvbt_f482_r07,139,8296,DVB-T,0.9998589754104614,0.9998589754104614,DVB-T,0.7486444199457765,0.7486444199457765,6,0,2,False,both_correct,DVB-T|DVB-T|DVB-T|DVB-T|WiFi|DVB-T|DVB-T|WiFi,0.99805897|0.99060237|0.87712991|0.98661488|0.99139696|0.99676263|0.90974653|0.77642483,0.99805897|0.99060237|0.87712991|0.98661488|0.00797889|0.99676263|0.90974653|0.22226116
tr_external_uz_dvbt_f482_r07,140,8297,DVB-T,0.999902606010437,0.999902606010437,DVB-T,0.9783322587609291,0.9783322587609291,8,0,0,False,both_correct,DVB-T|DVB-T|DVB-T|DVB-T|DVB-T|DVB-T|DVB-T|DVB-T,0.99059403|0.99972898|0.89222246|0.96676719|0.98613131|0.99556571|0.99838340|0.99726498,0.99059403|0.99972898|0.89222246|0.96676719|0.98613131|0.99556571|0.99838340|0.99726498
tr_external_uz_dvbt_f482_r07,141,8298,DVB-T,0.999476969242096,0.999476969242096,DVB-T,0.9668779373168945,0.9668779373168945,8,0,0,False,both_correct,DVB-T|DVB-T|DVB-T|DVB-T|DVB-T|DVB-T|DVB-T|DVB-T,0.97535330|0.86962807|0.99923074|0.99758565|0.99031162|0.99904746|0.99923360|0.90463305,0.97535330|0.86962807|0.99923074|0.99758565|0.99031162|0.99904746|0.99923360|0.90463305
tr_external_uz_dvbt_f482_r07,142,8299,DVB-T,0.999769389629364,0.999769389629364,DVB-T,0.9956356808543205,0.9956356808543205,8,0,0,False,both_correct,DVB-T|DVB-T|DVB-T|DVB-T|DVB-T|DVB-T|DVB-T|DVB-T,0.99923050|0.99887902|0.97453803|0.99708003|0.99938464|0.99647069|0.99979049|0.99971205,0.99923050|0.99887902|0.97453803|0.99708003|0.99938464|0.99647069|0.99979049|0.99971205
tr_external_uz_dvbt_f482_r07,143,8300,DVB-T,0.9998866319656372,0.9998866319656372,DVB-T,0.9221385978162289,0.9221385978162289,7,0,1,False,both_correct,DVB-T|DVB-T|DVB-T|DVB-T|WiFi|DVB-T|DVB-T|DVB-T,0.99639553|0.99677449|0.99615508|0.99982423|0.55246329|0.99931586|0.99685436|0.94494963,0.99639553|0.99677449|0.99615508|0.99982423|0.44683960|0.99931586|0.99685436|0.94494963
tr_external_uz_dvbt_f482_r07,144,8301,DVB-T,0.9998756647109985,0.9998756647109985,DVB-T,0.9941609725356102,0.9941609725356102,8,0,0,False,both_correct,DVB-T|DVB-T|DVB-T|DVB-T|DVB-T|DVB-T|DVB-T|DVB-T,0.97855330|0.99822479|0.99973184|0.99977893|0.99363798|0.99326879|0.99983370|0.99025846,0.97855330|0.99822479|0.99973184|0.99977893|0.99363798|0.99326879|0.99983370|0.99025846
tr_external_uz_dvbt_f482_r07,145,8302,DVB-T,0.9997557997703552,0.9997557997703552,DVB-T,0.7872981438413262,0.7872981438413262,6,1,1,False,both_correct,DVB-T|LTE|DVB-T|DVB-T|DVB-T|DVB-T|DVB-T|WiFi,0.99954140|0.77020192|0.99940658|0.99853706|0.99982435|0.98339063|0.99594802|0.90256625,0.99954140|0.22492708|0.99940658|0.99853706|0.99982435|0.98339063|0.99594802|0.09681004
tr_external_uz_dvbt_f482_r07,146,8303,DVB-T,0.9996596574783325,0.9996596574783325,DVB-T,0.806785948574543,0.806785948574543,7,0,1,False,both_correct,DVB-T|DVB-T|WiFi|DVB-T|DVB-T|DVB-T|DVB-T|DVB-T,0.97914517|0.99896812|0.66306365|0.74970001|0.95975059|0.66252077|0.77074206|0.99899000,0.97914517|0.99896812|0.33447087|0.74970001|0.95975059|0.66252077|0.77074206|0.99899000
tr_external_uz_dvbt_f482_r07,147,8304,DVB-T,0.9997915625572205,0.9997915625572205,DVB-T,0.9400968477129936,0.9400968477129936,8,0,0,False,both_correct,DVB-T|DVB-T|DVB-T|DVB-T|DVB-T|DVB-T|DVB-T|DVB-T,0.99127495|0.98477745|0.99886000|0.99289566|0.94427592|0.96967310|0.69588012|0.94313759,0.99127495|0.98477745|0.99886000|0.99289566|0.94427592|0.96967310|0.69588012|0.94313759
tr_external_uz_dvbt_f482_r07,148,8305,DVB-T,0.9996579885482788,0.9996579885482788,DVB-T,0.8865483421832323,0.8865483421832323,7,1,0,False,both_correct,DVB-T|LTE|DVB-T|DVB-T|DVB-T|DVB-T|DVB-T|DVB-T,0.99585342|0.76186472|0.95693928|0.99813712|0.93051523|0.99540257|0.99408251|0.99714077,0.99585342|0.22431584|0.95693928|0.99813712|0.93051523|0.99540257|0.99408251|0.99714077
tr_external_uz_dvbt_f482_r07,149,8306,DVB-T,0.9998297691345215,0.9998297691345215,DVB-T,0.6942214756272733,0.6942214756272733,6,1,1,False,both_correct,DVB-T|DVB-T|DVB-T|LTE|DVB-T|DVB-T|DVB-T|WiFi,0.96116710|0.97550690|0.99578238|0.92936814|0.89245790|0.95680445|0.52633476|0.80903089,0.96116710|0.97550690|0.99578238|0.05955866|0.89245790|0.95680445|0.52633476|0.18615966
tr_external_uz_dvbt_f482_r07,150,8307,DVB-T,0.9996926784515381,0.9996926784515381,DVB-T,0.91120994836092,0.91120994836092,8,0,0,False,both_correct,DVB-T|DVB-T|DVB-T|DVB-T|DVB-T|DVB-T|DVB-T|DVB-T,0.96823800|0.80498880|0.98779267|0.97894108|0.97734755|0.99730802|0.96198285|0.61308062,0.96823800|0.80498880|0.98779267|0.97894108|0.97734755|0.99730802|0.96198285|0.61308062
tr_external_uz_dvbt_f482_r07,151,8308,DVB-T,0.9996750354766846,0.9996750354766846,DVB-T,0.7437147614837158,0.7437147614837158,6,0,2,False,both_correct,DVB-T|DVB-T|DVB-T|DVB-T|WiFi|DVB-T|WiFi|DVB-T,0.99919444|0.92363256|0.94461465|0.99871504|0.99717700|0.99439561|0.91104043|0.99878567,0.99919444|0.92363256|0.94461465|0.99871504|0.00213112|0.99439561|0.08824899|0.99878567
tr_external_uz_dvbt_f482_r07,152,8309,DVB-T,0.9998903274536133,0.9998903274536133,DVB-T,0.9312385618686676,0.9312385618686676,8,0,0,False,both_correct,DVB-T|DVB-T|DVB-T|DVB-T|DVB-T|DVB-T|DVB-T|DVB-T,0.51916718|0.99773431|0.99693102|0.95601910|0.99806756|0.99798727|0.99776661|0.98623544,0.51916718|0.99773431|0.99693102|0.95601910|0.99806756|0.99798727|0.99776661|0.98623544
tr_external_uz_dvbt_f482_r07,153,8310,DVB-T,0.9998509883880615,0.9998509883880615,DVB-T,0.8346824583259149,0.8346824583259149,7,0,1,False,both_correct,DVB-T|DVB-T|DVB-T|WiFi|DVB-T|DVB-T|DVB-T|DVB-T,0.99693525|0.93655753|0.98359585|0.99971706|0.91710216|0.98471272|0.99717218|0.86114925,0.99693525|0.93655753|0.98359585|0.00023473|0.91710216|0.98471272|0.99717218|0.86114925
tr_external_uz_dvbt_f482_r07,154,8311,DVB-T,0.9998506307601929,0.9998506307601929,DVB-T,0.6935822902014479,0.6935822902014479,6,0,2,False,both_correct,DVB-T|DVB-T|WiFi|DVB-T|WiFi|DVB-T|DVB-T|DVB-T,0.98104352|0.99415565|0.98923385|0.99901032|0.93297464|0.50209194|0.99586236|0.99936289,0.98104352|0.99415565|0.01052864|0.99901032|0.06660300|0.50209194|0.99586236|0.99936289
tr_external_uz_dvbt_f482_r07,155,8312,DVB-T,0.9998700618743896,0.9998700618743896,DVB-T,0.8657363965176046,0.8657363965176046,7,0,1,False,both_correct,DVB-T|WiFi|DVB-T|DVB-T|DVB-T|DVB-T|DVB-T|DVB-T,0.96035075|0.97433120|0.98941374|0.97045231|0.99662858|0.98799920|0.99829417|0.99750727,0.96035075|0.02524514|0.98941374|0.97045231|0.99662858|0.98799920|0.99829417|0.99750727
tr_external_uz_dvbt_f482_r07,156,8313,DVB-T,0.9998651742935181,0.9998651742935181,DVB-T,0.8374889218248427,0.8374889218248427,7,0,1,False,both_correct,DVB-T|WiFi|DVB-T|DVB-T|DVB-T|DVB-T|DVB-T|DVB-T,0.99995720|0.98008889|0.99126726|0.99710482|0.99991715|0.70218027|0.99595380|0.99393326,0.99995720|0.01959761|0.99126726|0.99710482|0.99991715|0.70218027|0.99595380|0.99393326
tr_external_uz_dvbt_f482_r07,157,8314,DVB-T,0.9998565912246704,0.9998565912246704,DVB-T,0.9937967211008072,0.9937967211008072,8,0,0,False,both_correct,DVB-T|DVB-T|DVB-T|DVB-T|DVB-T|DVB-T|DVB-T|DVB-T,0.99822408|0.99376065|0.99933738|0.99684948|0.99951804|0.99810636|0.99934751|0.96523029,0.99822408|0.99376065|0.99933738|0.99684948|0.99951804|0.99810636|0.99934751|0.96523029
tr_external_uz_dvbt_f482_r07,158,8315,DVB-T,0.9998592138290405,0.9998592138290405,DVB-T,0.8516159551218152,0.8516159551218152,7,1,0,False,both_correct,DVB-T|DVB-T|DVB-T|LTE|DVB-T|DVB-T|DVB-T|DVB-T,0.99988294|0.99123389|0.79557317|0.92157149|0.99910295|0.99957627|0.99972016|0.95174658,0.99988294|0.99123389|0.79557317|0.07609168|0.99910295|0.99957627|0.99972016|0.95174658
tr_external_uz_dvbt_f482_r07,159,8316,DVB-T,0.9998345375061035,0.9998345375061035,DVB-T,0.8912294171750546,0.8912294171750546,7,0,1,False,both_correct,DVB-T|DVB-T|DVB-T|WiFi|DVB-T|DVB-T|DVB-T|DVB-T,0.98027396|0.99703908|0.99196798|0.79030007|0.98519194|0.99787855|0.97683460|0.99172443,0.98027396|0.99703908|0.99196798|0.20892480|0.98519194|0.99787855|0.97683460|0.99172443
tr_external_uz_dvbt_f482_r07,160,8317,DVB-T,0.9997774958610535,0.9997774958610535,DVB-T,0.9284365698695183,0.9284365698695183,8,0,0,False,both_correct,DVB-T|DVB-T|DVB-T|DVB-T|DVB-T|DVB-T|DVB-T|DVB-T,0.99955755|0.99923086|0.99972469|0.50114077|0.95951581|0.99196094|0.99875879|0.97760314,0.99955755|0.99923086|0.99972469|0.50114077|0.95951581|0.99196094|0.99875879|0.97760314
tr_external_uz_dvbt_f482_r07,161,8318,DVB-T,0.9996312856674194,0.9996312856674194,DVB-T,0.9934034943580627,0.9934034943580627,8,0,0,False,both_correct,DVB-T|DVB-T|DVB-T|DVB-T|DVB-T|DVB-T|DVB-T|DVB-T,0.99685067|0.99634004|0.99849486|0.99551648|0.97499973|0.99977416|0.99472886|0.99052316,0.99685067|0.99634004|0.99849486|0.99551648|0.97499973|0.99977416|0.99472886|0.99052316
tr_external_uz_dvbt_f482_r07,162,8319,DVB-T,0.9987525939941406,0.9987525939941406,DVB-T,0.934399202466011,0.934399202466011,8,0,0,False,both_correct,DVB-T|DVB-T|DVB-T|DVB-T|DVB-T|DVB-T|DVB-T|DVB-T,0.74802393|0.91948944|0.98787493|0.96928799|0.89145154|0.99958152|0.99980932|0.95967495,0.74802393|0.91948944|0.98787493|0.96928799|0.89145154|0.99958152|0.99980932|0.95967495
tr_external_uz_dvbt_f482_r07,163,8320,DVB-T,0.9997161030769348,0.9997161030769348,DVB-T,0.9647747948765755,0.9647747948765755,8,0,0,False,both_correct,DVB-T|DVB-T|DVB-T|DVB-T|DVB-T|DVB-T|DVB-T|DVB-T,0.99868506|0.97348624|0.99994564|0.80586946|0.99010581|0.95054454|0.99984658|0.99971503,0.99868506|0.97348624|0.99994564|0.80586946|0.99010581|0.95054454|0.99984658|0.99971503
tr_external_uz_dvbt_f482_r07,164,8321,DVB-T,0.9997664093971252,0.9997664093971252,DVB-T,0.9497220069169998,0.9497220069169998,8,0,0,False,both_correct,DVB-T|DVB-T|DVB-T|DVB-T|DVB-T|DVB-T|DVB-T|DVB-T,0.99075586|0.99978608|0.99192470|0.99966383|0.99698985|0.98033923|0.99991775|0.63839877,0.99075586|0.99978608|0.99192470|0.99966383|0.99698985|0.98033923|0.99991775|0.63839877
tr_external_uz_dvbt_f482_r07,165,8322,DVB-T,0.999823272228241,0.999823272228241,DVB-T,0.8335190848447382,0.8335190848447382,7,0,1,False,both_correct,DVB-T|WiFi|DVB-T|DVB-T|DVB-T|DVB-T|DVB-T|DVB-T,0.99977583|0.96433449|0.99783307|0.73994863|0.94680882|0.99693859|0.96172822|0.98979735,0.99977583|0.03532218|0.99783307|0.73994863|0.94680882|0.99693859|0.96172822|0.98979735
tr_external_uz_dvbt_f482_r07,166,8323,DVB-T,0.9996280670166016,0.9996280670166016,DVB-T,0.8151196609251201,0.8151196609251201,7,0,1,False,both_correct,WiFi|DVB-T|DVB-T|DVB-T|DVB-T|DVB-T|DVB-T|DVB-T,0.93901783|0.96890700|0.97607690|0.99937457|0.96723682|0.99068320|0.92461699|0.63350338,0.06055843|0.96890700|0.97607690|0.99937457|0.96723682|0.99068320|0.92461699|0.63350338
tr_external_uz_dvbt_f482_r07,167,8324,DVB-T,0.9998307228088379,0.9998307228088379,DVB-T,0.7008577887900174,0.7008577887900174,5,0,3,False,both_correct,DVB-T|DVB-T|WiFi|WiFi|DVB-T|DVB-T|DVB-T|WiFi,0.99631065|0.97660881|0.53424853|0.68309546|0.98820859|0.84125787|0.99031550|0.96625793,0.99631065|0.97660881|0.46450406|0.31626481|0.98820859|0.84125787|0.99031550|0.03339202
tr_external_uz_dvbt_f482_r07,168,8325,DVB-T,0.9998189806938171,0.9998189806938171,DVB-T,0.5053811660036445,0.5053811660036445,5,0,3,False,both_correct,DVB-T|WiFi|DVB-T|WiFi|WiFi|DVB-T|DVB-T|DVB-T,0.59064215|0.96119362|0.62338120|0.92218214|0.84495205|0.99599814|0.56549120|0.99916852,0.59064215|0.03844663|0.62338120|0.07549170|0.15442979|0.99599814|0.56549120|0.99916852
tr_external_uz_dvbt_f482_r07,169,8326,DVB-T,0.9998568296432495,0.9998568296432495,DVB-T,0.6275003405753523,0.6275003405753523,5,0,3,False,both_correct,WiFi|WiFi|DVB-T|DVB-T|DVB-T|DVB-T|DVB-T|WiFi,0.97447801|0.62994277|0.99967241|0.99817193|0.72291207|0.95927507|0.87519759|0.92853642,0.02513302|0.36880061|0.99967241|0.99817193|0.72291207|0.95927507|0.87519759|0.07084002
tr_external_uz_dvbt_f482_r07,170,8327,DVB-T,0.9996986389160156,0.9996986389160156,DVB-T,0.8798209326341748,0.8798209326341748,7,0,1,False,both_correct,DVB-T|DVB-T|DVB-T|DVB-T|DVB-T|WiFi|DVB-T|DVB-T,0.99901366|0.99944252|0.99610895|0.99969983|0.99236500|0.92432553|0.99558312|0.98115957,0.99901366|0.99944252|0.99610895|0.99969983|0.99236500|0.07519481|0.99558312|0.98115957
tr_external_uz_dvbt_f482_r07,171,8328,DVB-T,0.9998268485069275,0.9998268485069275,DVB-T,0.9636028930544853,0.9636028930544853,8,0,0,False,both_correct,DVB-T|DVB-T|DVB-T|DVB-T|DVB-T|DVB-T|DVB-T|DVB-T,0.99518520|0.99884725|0.98035204|0.99380243|0.99871206|0.99404895|0.74879980|0.99907541,0.99518520|0.99884725|0.98035204|0.99380243|0.99871206|0.99404895|0.74879980|0.99907541
tr_external_uz_dvbt_f482_r07,172,8329,DVB-T,0.9998053908348083,0.9998053908348083,DVB-T,0.7399100330658257,0.7399100330658257,6,0,2,False,both_correct,WiFi|DVB-T|DVB-T|WiFi|DVB-T|DVB-T|DVB-T|DVB-T,0.73318958|0.99630451|0.99961543|0.96396959|0.62750429|0.99879503|0.99606788|0.99922371,0.26613352|0.99630451|0.99961543|0.03563589|0.62750429|0.99879503|0.99606788|0.99922371
tr_external_uz_dvbt_f482_r07,173,8330,DVB-T,0.9998272061347961,0.9998272061347961,DVB-T,0.757882505087764,0.757882505087764,6,0,2,False,both_correct,WiFi|DVB-T|DVB-T|DVB-T|DVB-T|DVB-T|WiFi|DVB-T,0.99885476|0.96539700|0.99752551|0.99245054|0.99849033|0.99677724|0.87601233|0.98821855,0.00104970|0.96539700|0.99752551|0.99245054|0.99849033|0.99677724|0.12315118|0.98821855
tr_external_uz_dvbt_f482_r07,174,8331,DVB-T,0.999843955039978,0.999843955039978,DVB-T,0.9002587832510471,0.9002587832510471,7,0,1,False,both_correct,DVB-T|DVB-T|DVB-T|WiFi|DVB-T|DVB-T|DVB-T|DVB-T,0.99902415|0.96233207|0.99112564|0.72992539|0.99156719|0.99986732|0.98895139|0.99984980,0.99902415|0.96233207|0.99112564|0.26935270|0.99156719|0.99986732|0.98895139|0.99984980
tr_external_uz_dvbt_f482_r07,175,8332,DVB-T,0.9996782541275024,0.9996782541275024,DVB-T,0.8818675605580211,0.8818675605580211,7,0,1,False,both_correct,WiFi|DVB-T|DVB-T|DVB-T|DVB-T|DVB-T|DVB-T|DVB-T,0.87873882|0.99458569|0.99963188|0.99869114|0.99878734|0.99955815|0.94373739|0.99935955,0.12058934|0.99458569|0.99963188|0.99869114|0.99878734|0.99955815|0.94373739|0.99935955
tr_external_uz_dvbt_f482_r07,176,8333,DVB-T,0.9997809529304504,0.9997809529304504,DVB-T,0.9989331513643265,0.9989331513643265,8,0,0,False,both_correct,DVB-T|DVB-T|DVB-T|DVB-T|DVB-T|DVB-T|DVB-T|DVB-T,0.99992788|0.99986076|0.99935716|0.99490935|0.99933714|0.99988735|0.99947530|0.99871027,0.99992788|0.99986076|0.99935716|0.99490935|0.99933714|0.99988735|0.99947530|0.99871027
tr_external_uz_dvbt_f482_r07,177,8334,DVB-T,0.9998741149902344,0.9998741149902344,DVB-T,0.8747624354436994,0.8747624354436994,7,0,1,False,both_correct,DVB-T|DVB-T|DVB-T|WiFi|DVB-T|DVB-T|DVB-T|DVB-T,0.99617875|0.99941039|0.99987900|0.88639468|0.93681598|0.96105653|0.99284714|0.99899548,0.99617875|0.99941039|0.99987900|0.11291621|0.93681598|0.96105653|0.99284714|0.99899548
tr_external_uz_dvbt_f482_r07,178,8335,DVB-T,0.9998095631599426,0.9998095631599426,DVB-T,0.9086392819881439,0.9086392819881439,7,0,1,False,both_correct,DVB-T|DVB-T|DVB-T|DVB-T|DVB-T|DVB-T|DVB-T|WiFi,0.99247289|0.99033195|0.99863130|0.99294704|0.99748409|0.99965692|0.85936058|0.55551523,0.99247289|0.99033195|0.99863130|0.99294704|0.99748409|0.99965692|0.85936058|0.43822950
tr_external_uz_dvbt_f482_r07,179,8336,DVB-T,0.9998210072517395,0.9998210072517395,DVB-T,0.9919093698263168,0.9919093698263168,8,0,0,False,both_correct,DVB-T|DVB-T|DVB-T|DVB-T|DVB-T|DVB-T|DVB-T|DVB-T,0.99654609|0.99510407|0.99685991|0.99959153|0.99842560|0.99924481|0.99963260|0.94987035,0.99654609|0.99510407|0.99685991|0.99959153|0.99842560|0.99924481|0.99963260|0.94987035
tr_external_uz_dvbt_f482_r07,180,8337,DVB-T,0.9998152852058411,0.9998152852058411,DVB-T,0.938942663371563,0.938942663371563,8,0,0,False,both_correct,DVB-T|DVB-T|DVB-T|DVB-T|DVB-T|DVB-T|DVB-T|DVB-T,0.59730440|0.99990463|0.94107193|0.99867982|0.99187171|0.98890966|0.99617863|0.99762052,0.59730440|0.99990463|0.94107193|0.99867982|0.99187171|0.98890966|0.99617863|0.99762052
tr_external_uz_dvbt_f482_r07,181,8338,DVB-T,0.9997943043708801,0.9997943043708801,DVB-T,0.9885038733482361,0.9885038733482361,8,0,0,False,both_correct,DVB-T|DVB-T|DVB-T|DVB-T|DVB-T|DVB-T|DVB-T|DVB-T,0.97925413|0.99955374|0.96911341|0.99777848|0.99961334|0.99732721|0.96758503|0.99780566,0.97925413|0.99955374|0.96911341|0.99777848|0.99961334|0.99732721|0.96758503|0.99780566
tr_external_uz_dvbt_f482_r07,182,8339,DVB-T,0.9998173117637634,0.9998173117637634,DVB-T,0.8790502473711967,0.8790502473711967,8,0,0,False,both_correct,DVB-T|DVB-T|DVB-T|DVB-T|DVB-T|DVB-T|DVB-T|DVB-T,0.99933773|0.90097654|0.99965036|0.58086854|0.99993670|0.93883109|0.96812731|0.64467371,0.99933773|0.90097654|0.99965036|0.58086854|0.99993670|0.93883109|0.96812731|0.64467371
tr_external_uz_dvbt_f482_r07,183,8340,DVB-T,0.9998730421066284,0.9998730421066284,DVB-T,0.8555762432515621,0.8555762432515621,7,0,1,False,both_correct,DVB-T|DVB-T|DVB-T|DVB-T|DVB-T|WiFi|DVB-T|DVB-T,0.99982327|0.71398020|0.97243869|0.99946898|0.99974412|0.83875686|0.99983191|0.99875975,0.99982327|0.71398020|0.97243869|0.99946898|0.99974412|0.16056302|0.99983191|0.99875975
tr_external_uz_dvbt_f482_r07,184,8341,DVB-T,0.999862551689148,0.999862551689148,DVB-T,0.9424057528376579,0.9424057528376579,8,0,0,False,both_correct,DVB-T|DVB-T|DVB-T|DVB-T|DVB-T|DVB-T|DVB-T|DVB-T,0.99957579|0.99838841|0.99966383|0.99654657|0.90676510|0.99962068|0.99806219|0.64062345,0.99957579|0.99838841|0.99966383|0.99654657|0.90676510|0.99962068|0.99806219|0.64062345
tr_external_uz_dvbt_f482_r07,185,8342,DVB-T,0.9997904896736145,0.9997904896736145,DVB-T,0.9869044423103333,0.9869044423103333,8,0,0,False,both_correct,DVB-T|DVB-T|DVB-T|DVB-T|DVB-T|DVB-T|DVB-T|DVB-T,0.99902391|0.99860638|0.90526605|0.99985778|0.99965763|0.99492931|0.99814856|0.99974591,0.99902391|0.99860638|0.90526605|0.99985778|0.99965763|0.99492931|0.99814856|0.99974591
tr_external_uz_dvbt_f482_r07,186,8343,DVB-T,0.9998683929443359,0.9998683929443359,DVB-T,0.9696009755134583,0.9696009755134583,8,0,0,False,both_correct,DVB-T|DVB-T|DVB-T|DVB-T|DVB-T|DVB-T|DVB-T|DVB-T,0.98567826|0.98751348|0.86368912|0.99888986|0.99039930|0.99871397|0.99798775|0.93393606,0.98567826|0.98751348|0.86368912|0.99888986|0.99039930|0.99871397|0.99798775|0.93393606
tr_external_uz_dvbt_f482_r07,187,8344,DVB-T,0.9998262524604797,0.9998262524604797,DVB-T,0.8450752422213554,0.8450752422213554,7,0,1,False,both_correct,DVB-T|DVB-T|WiFi|DVB-T|DVB-T|DVB-T|DVB-T|DVB-T,0.99551165|0.99864513|0.70993257|0.99636507|0.95268017|0.55990398|0.99528629|0.97325057,0.99551165|0.99864513|0.28895909|0.99636507|0.95268017|0.55990398|0.99528629|0.97325057
tr_external_uz_dvbt_f482_r07,188,8345,DVB-T,0.9998785257339478,0.9998785257339478,DVB-T,0.8538594101992203,0.8538594101992203,7,1,0,False,both_correct,DVB-T|DVB-T|DVB-T|DVB-T|LTE|DVB-T|DVB-T|DVB-T,0.99141204|0.99692482|0.99674052|0.97733432|0.99769336|0.93230373|0.99677867|0.93843454,0.99141204|0.99692482|0.99674052|0.97733432|0.00094665|0.93230373|0.99677867|0.93843454
tr_external_uz_dvbt_f482_r07,189,8346,DVB-T,0.9998093247413635,0.9998093247413635,DVB-T,0.7710594076197594,0.7710594076197594,6,0,2,False,both_correct,DVB-T|DVB-T|DVB-T|DVB-T|DVB-T|WiFi|DVB-T|WiFi,0.99853289|0.99154210|0.97298032|0.99936444|0.99729401|0.98111653|0.99951053|0.80861872,0.99853289|0.99154210|0.97298032|0.99936444|0.99729401|0.01851404|0.99951053|0.19073693
tr_external_uz_dvbt_f482_r07,190,8347,DVB-T,0.9998549222946167,0.9998549222946167,DVB-T,0.9368592947721481,0.9368592947721481,8,0,0,False,both_correct,DVB-T|DVB-T|DVB-T|DVB-T|DVB-T|DVB-T|DVB-T|DVB-T,0.99852329|0.89698577|0.94294959|0.80636942|0.96915913|0.92009550|0.99975735|0.96103430,0.99852329|0.89698577|0.94294959|0.80636942|0.96915913|0.92009550|0.99975735|0.96103430
tr_external_uz_dvbt_f482_r07,191,8348,DVB-T,0.9998217225074768,0.9998217225074768,DVB-T,0.976581372320652,0.976581372320652,8,0,0,False,both_correct,DVB-T|DVB-T|DVB-T|DVB-T|DVB-T|DVB-T|DVB-T|DVB-T,0.92640948|0.99519426|0.99929214|0.98017603|0.99884689|0.93851250|0.99789548|0.97632420,0.92640948|0.99519426|0.99929214|0.98017603|0.99884689|0.93851250|0.99789548|0.97632420
tr_external_uz_dvbt_f482_r07,192,8349,DVB-T,0.9998719692230225,0.9998719692230225,DVB-T,0.9581574350595474,0.9581574350595474,8,0,0,False,both_correct,DVB-T|DVB-T|DVB-T|DVB-T|DVB-T|DVB-T|DVB-T|DVB-T,0.95971280|0.99386829|0.99884963|0.78134519|0.99964011|0.99802518|0.94688064|0.98693764,0.95971280|0.99386829|0.99884963|0.78134519|0.99964011|0.99802518|0.94688064|0.98693764
tr_external_uz_dvbt_f482_r07,193,8350,DVB-T,0.9997149109840393,0.9997149109840393,DVB-T,0.6458889623172581,0.6458889623172581,5,1,2,False,both_correct,DVB-T|DVB-T|WiFi|DVB-T|DVB-T|LTE|DVB-T|WiFi,0.99380422|0.99664873|0.90301448|0.99585670|0.94023770|0.64933306|0.99928039|0.86931616,0.99380422|0.99664873|0.09614316|0.99585670|0.94023770|0.08754371|0.99928039|0.05759709
tr_external_uz_dvbt_f482_r07,194,8351,DVB-T,0.9998538494110107,0.9998538494110107,DVB-T,0.9333441108465195,0.9333441108465195,8,0,0,False,both_correct,DVB-T|DVB-T|DVB-T|DVB-T|DVB-T|DVB-T|DVB-T|DVB-T,0.71482545|0.83641160|0.96507096|0.99672419|0.99052215|0.97189325|0.99364895|0.99765635,0.71482545|0.83641160|0.96507096|0.99672419|0.99052215|0.97189325|0.99364895|0.99765635
tr_external_uz_dvbt_f482_r07,195,8352,DVB-T,0.9997891783714294,0.9997891783714294,DVB-T,0.8601169418543577,0.8601169418543577,7,0,1,False,both_correct,DVB-T|DVB-T|WiFi|DVB-T|DVB-T|DVB-T|DVB-T|DVB-T,0.99973601|0.99419576|0.88307190|0.99979335|0.80734354|0.96925998|0.99746132|0.99681646,0.99973601|0.99419576|0.11632912|0.99979335|0.80734354|0.96925998|0.99746132|0.99681646
tr_external_uz_dvbt_f482_r07,196,8353,DVB-T,0.9997970461845398,0.9997970461845398,DVB-T,0.8996225744485855,0.8996225744485855,7,1,0,False,both_correct,LTE|DVB-T|DVB-T|DVB-T|DVB-T|DVB-T|DVB-T|DVB-T,0.57046115|0.94951499|0.99993563|0.88395506|0.98856574|0.94886810|0.99926144|0.99974865,0.42713100|0.94951499|0.99993563|0.88395506|0.98856574|0.94886810|0.99926144|0.99974865
tr_external_uz_dvbt_f482_r07,197,8354,DVB-T,0.999734103679657,0.999734103679657,DVB-T,0.8920404687523842,0.8920404687523842,8,0,0,False,both_correct,DVB-T|DVB-T|DVB-T|DVB-T|DVB-T|DVB-T|DVB-T|DVB-T,0.50668150|0.98882711|0.93132222|0.99938953|0.96452487|0.76004851|0.99907780|0.98645222,0.50668150|0.98882711|0.93132222|0.99938953|0.96452487|0.76004851|0.99907780|0.98645222
tr_external_uz_dvbt_f482_r07,198,8355,DVB-T,0.9996912479400635,0.9996912479400635,DVB-T,0.8752285675145686,0.8752285675145686,7,1,0,False,both_correct,DVB-T|LTE|DVB-T|DVB-T|DVB-T|DVB-T|DVB-T|DVB-T,0.99688172|0.93929893|0.99769187|0.99855179|0.99879313|0.99857879|0.97920609|0.97557175,0.99688172|0.05655341|0.99769187|0.99855179|0.99879313|0.99857879|0.97920609|0.97557175
tr_external_uz_dvbt_f482_r07,199,8356,DVB-T,0.9997547268867493,0.9997547268867493,DVB-T,0.9950195178389549,0.9950195178389549,8,0,0,False,both_correct,DVB-T|DVB-T|DVB-T|DVB-T|DVB-T|DVB-T|DVB-T|DVB-T,0.99658668|0.99930322|0.99984872|0.98219436|0.98823917|0.99813324|0.99652797|0.99932277,0.99658668|0.99930322|0.99984872|0.98219436|0.98823917|0.99813324|0.99652797|0.99932277
tr_external_uz_dvbt_f482_r07,200,8357,DVB-T,0.9996941089630127,0.9996941089630127,DVB-T,0.7736948095262051,0.7736948095262051,6,1,1,False,both_correct,LTE|DVB-T|DVB-T|DVB-T|DVB-T|DVB-T|WiFi|DVB-T,0.94994092|0.99876392|0.99802232|0.95280784|0.99692649|0.99945813|0.79523742|0.99392718,0.04594855|0.99876392|0.99802232|0.95280784|0.99692649|0.99945813|0.20370404|0.99392718
tr_external_uz_dvbt_f482_r07,201,8358,DVB-T,0.9998003840446472,0.9998003840446472,DVB-T,0.9798996597528458,0.9798996597528458,8,0,0,False,both_correct,DVB-T|DVB-T|DVB-T|DVB-T|DVB-T|DVB-T|DVB-T|DVB-T,0.98686314|0.98370910|0.99971384|0.99412113|0.89479649|0.98081285|0.99976355|0.99941719,0.98686314|0.98370910|0.99971384|0.99412113|0.89479649|0.98081285|0.99976355|0.99941719
tr_external_uz_dvbt_f482_r07,202,8359,DVB-T,0.9997462630271912,0.9997462630271912,DVB-T,0.9986471384763718,0.9986471384763718,8,0,0,False,both_correct,DVB-T|DVB-T|DVB-T|DVB-T|DVB-T|DVB-T|DVB-T|DVB-T,0.99851805|0.99982989|0.99972433|0.99981850|0.99860114|0.99897647|0.99413222|0.99957651,0.99851805|0.99982989|0.99972433|0.99981850|0.99860114|0.99897647|0.99413222|0.99957651
tr_external_uz_dvbt_f482_r07,203,8360,DVB-T,0.9997125267982483,0.9997125267982483,DVB-T,0.9992054030299187,0.9992054030299187,8,0,0,False,both_correct,DVB-T|DVB-T|DVB-T|DVB-T|DVB-T|DVB-T|DVB-T|DVB-T,0.99995911|0.99989259|0.99942893|0.99929774|0.99635398|0.99956912|0.99988890|0.99925286,0.99995911|0.99989259|0.99942893|0.99929774|0.99635398|0.99956912|0.99988890|0.99925286
tr_external_uz_dvbt_f482_r07,204,8361,DVB-T,0.99981290102005,0.99981290102005,DVB-T,0.9887375459074974,0.9887375459074974,8,0,0,False,both_correct,DVB-T|DVB-T|DVB-T|DVB-T|DVB-T|DVB-T|DVB-T|DVB-T,0.99956113|0.99878198|0.99959677|0.99800223|0.99926490|0.99996340|0.91509330|0.99963665,0.99956113|0.99878198|0.99959677|0.99800223|0.99926490|0.99996340|0.91509330|0.99963665
tr_external_uz_dvbt_f482_r07,205,8362,DVB-T,0.9998513460159302,0.9998513460159302,DVB-T,0.9225691482424736,0.9225691482424736,7,0,1,False,both_correct,DVB-T|DVB-T|DVB-T|DVB-T|DVB-T|DVB-T|DVB-T|WiFi,0.99940991|0.99939990|0.99954188|0.99943918|0.99728298|0.99975783|0.99943739|0.61083364,0.99940991|0.99939990|0.99954188|0.99943918|0.99728298|0.99975783|0.99943739|0.38628411
tr_external_uz_dvbt_f482_r07,206,8363,DVB-T,0.9998335838317871,0.9998335838317871,DVB-T,0.9273066557943821,0.9273066557943821,7,1,0,False,both_correct,DVB-T|LTE|DVB-T|DVB-T|DVB-T|DVB-T|DVB-T|DVB-T,0.99073899|0.53197074|0.99581486|0.99908268|0.99887437|0.99980658|0.99291480|0.99927157,0.99073899|0.44194940|0.99581486|0.99908268|0.99887437|0.99980658|0.99291480|0.99927157
tr_external_uz_dvbt_f482_r07,207,8364,DVB-T,0.9998509883880615,0.9998509883880615,DVB-T,0.948080912232399,0.948080912232399,8,0,0,False,both_correct,DVB-T|DVB-T|DVB-T|DVB-T|DVB-T|DVB-T|DVB-T|DVB-T,0.99909627|0.99770963|0.99974173|0.59693378|0.99750453|0.99566698|0.99966133|0.99833304,0.99909627|0.99770963|0.99974173|0.59693378|0.99750453|0.99566698|0.99966133|0.99833304
tr_external_uz_dvbt_f482_r07,208,8365,DVB-T,0.9998273253440857,0.9998273253440857,DVB-T,0.8739900290966034,0.8739900290966034,8,0,0,False,both_correct,DVB-T|DVB-T|DVB-T|DVB-T|DVB-T|DVB-T|DVB-T|DVB-T,0.66231817|0.99841106|0.99976283|0.99909222|0.65937507|0.93207675|0.87998891|0.86089522,0.66231817|0.99841106|0.99976283|0.99909222|0.65937507|0.93207675|0.87998891|0.86089522
tr_external_uz_dvbt_f482_r07,209,8366,DVB-T,0.9999011754989624,0.9999011754989624,DVB-T,0.8378426607232541,0.8378426607232541,7,0,1,False,both_correct,DVB-T|DVB-T|DVB-T|DVB-T|WiFi|DVB-T|DVB-T|DVB-T,0.99982065|0.99157530|0.98401582|0.99994731|0.99868363|0.99825233|0.72919357|0.99872869,0.99982065|0.99157530|0.98401582|0.99994731|0.00120761|0.99825233|0.72919357|0.99872869
tr_external_uz_dvbt_f482_r07,210,8367,DVB-T,0.9997462630271912,0.9997462630271912,DVB-T,0.8917705491185188,0.8917705491185188,7,0,1,False,both_correct,WiFi|DVB-T|DVB-T|DVB-T|DVB-T|DVB-T|DVB-T|DVB-T,0.78805655|0.99981636|0.99910778|0.99557602|0.99992228|0.93151271|0.99824995|0.99875212,0.21122718|0.99981636|0.99910778|0.99557602|0.99992228|0.93151271|0.99824995|0.99875212
tr_external_uz_dvbt_f482_r07,211,8368,DVB-T,0.9998446702957153,0.9998446702957153,DVB-T,0.8038108013570309,0.8038108013570309,6,0,2,False,both_correct,DVB-T|DVB-T|DVB-T|DVB-T|DVB-T|WiFi|WiFi|DVB-T,0.99953389|0.99638176|0.97383219|0.99967587|0.95772612|0.70797509|0.77385890|0.98786539,0.99953389|0.99638176|0.97383219|0.99967587|0.95772612|0.29009217|0.22537902|0.98786539
tr_external_uz_dvbt_f482_r07,212,8369,DVB-T,0.9998929500579834,0.9998929500579834,DVB-T,0.9962280690670013,0.9962280690670013,8,0,0,False,both_correct,DVB-T|DVB-T|DVB-T|DVB-T|DVB-T|DVB-T|DVB-T|DVB-T,0.98379159|0.99523169|0.99725384|0.99689293|0.99960917|0.99837422|0.99934250|0.99932861,0.98379159|0.99523169|0.99725384|0.99689293|0.99960917|0.99837422|0.99934250|0.99932861
tr_external_uz_dvbt_f482_r07,213,8370,DVB-T,0.9998347759246826,0.9998347759246826,DVB-T,0.8345729568973184,0.8345729568973184,7,0,1,False,both_correct,DVB-T|DVB-T|DVB-T|DVB-T|DVB-T|WiFi|DVB-T|DVB-T,0.99900693|0.98967654|0.99757665|0.99221194|0.59878320|0.87638754|0.99661523|0.97968882,0.99900693|0.98967654|0.99757665|0.99221194|0.59878320|0.12302435|0.99661523|0.97968882
tr_external_uz_dvbt_f482_r07,214,8371,DVB-T,0.999783456325531,0.999783456325531,DVB-T,0.8498839569510892,0.8498839569510892,7,0,1,False,both_correct,DVB-T|DVB-T|DVB-T|DVB-T|DVB-T|WiFi|DVB-T|DVB-T,0.91338646|0.97048497|0.99841571|0.99803454|0.96499687|0.99089044|0.99136871|0.95373774,0.91338646|0.97048497|0.99841571|0.99803454|0.96499687|0.00864665|0.99136871|0.95373774
tr_external_uz_dvbt_f482_r07,215,8372,DVB-T,0.9997908473014832,0.9997908473014832,DVB-T,0.9031183049082756,0.9031183049082756,8,0,0,False,both_correct,DVB-T|DVB-T|DVB-T|DVB-T|DVB-T|DVB-T|DVB-T|DVB-T,0.99267477|0.99758589|0.68780422|0.98393434|0.96481568|0.83211160|0.78614026|0.97987968,0.99267477|0.99758589|0.68780422|0.98393434|0.96481568|0.83211160|0.78614026|0.97987968
tr_external_uz_dvbt_f482_r07,216,8373,DVB-T,0.9994266033172607,0.9994266033172607,DVB-T,0.9972554296255112,0.9972554296255112,8,0,0,False,both_correct,DVB-T|DVB-T|DVB-T|DVB-T|DVB-T|DVB-T|DVB-T|DVB-T,0.99809486|0.99322402|0.99928987|0.99612409|0.99987197|0.99633920|0.99682438|0.99827504,0.99809486|0.99322402|0.99928987|0.99612409|0.99987197|0.99633920|0.99682438|0.99827504
tr_external_uz_dvbt_f482_r07,217,8374,DVB-T,0.9997891783714294,0.9997891783714294,DVB-T,0.8918326422572136,0.8918326422572136,8,0,0,False,both_correct,DVB-T|DVB-T|DVB-T|DVB-T|DVB-T|DVB-T|DVB-T|DVB-T,0.99915636|0.78232658|0.55199271|0.96364057|0.99100292|0.99632096|0.99738926|0.85283178,0.99915636|0.78232658|0.55199271|0.96364057|0.99100292|0.99632096|0.99738926|0.85283178
tr_external_uz_dvbt_f482_r07,218,8375,DVB-T,0.9997887015342712,0.9997887015342712,DVB-T,0.8503136038780212,0.8503136038780212,7,0,1,False,both_correct,DVB-T|DVB-T|WiFi|DVB-T|DVB-T|DVB-T|DVB-T|DVB-T,0.99833751|0.97100496|0.76201093|0.99942410|0.99958378|0.60245186|0.99539918|0.99917477,0.99833751|0.97100496|0.23713267|0.99942410|0.99958378|0.60245186|0.99539918|0.99917477
tr_external_uz_dvbt_f482_r07,219,8376,DVB-T,0.9996277093887329,0.9996277093887329,DVB-T,0.86496646492742,0.86496646492742,7,0,1,False,both_correct,DVB-T|DVB-T|DVB-T|DVB-T|DVB-T|WiFi|DVB-T|DVB-T,0.99466455|0.99176955|0.99898392|0.99497139|0.99873132|0.98183477|0.94816059|0.97459477,0.99466455|0.99176955|0.99898392|0.99497139|0.99873132|0.01785563|0.94816059|0.97459477
tr_external_uz_dvbt_f482_r07,220,8377,DVB-T,0.999817430973053,0.999817430973053,DVB-T,0.8062231810763478,0.8062231810763478,6,0,2,False,both_correct,DVB-T|DVB-T|DVB-T|WiFi|DVB-T|DVB-T|DVB-T|WiFi,0.99684674|0.99874347|0.94077075|0.53645533|0.99890709|0.95373505|0.98874879|0.88824594,0.99684674|0.99874347|0.94077075|0.46087179|0.99890709|0.95373505|0.98874879|0.11116178
tr_external_uz_dvbt_f482_r07,221,8378,DVB-T,0.999843955039978,0.999843955039978,DVB-T,0.6767136566340923,0.6767136566340923,6,0,2,False,both_correct,DVB-T|DVB-T|DVB-T|DVB-T|WiFi|DVB-T|DVB-T|WiFi,0.99788636|0.99982411|0.92730677|0.56105572|0.78223866|0.83773035|0.82276046|0.94927037,0.99788636|0.99982411|0.92730677|0.56105572|0.21695377|0.83773035|0.82276046|0.05019172
tr_external_uz_dvbt_f482_r07,222,8379,DVB-T,0.9998878240585327,0.9998878240585327,DVB-T,0.8066663211138803,0.8066663211138803,7,0,1,False,both_correct,DVB-T|DVB-T|DVB-T|DVB-T|DVB-T|WiFi|DVB-T|DVB-T,0.98656505|0.95495713|0.90222573|0.62620729|0.99969578|0.99910766|0.99597496|0.98690182,0.98656505|0.95495713|0.90222573|0.62620729|0.99969578|0.00080281|0.99597496|0.98690182
tr_external_uz_dvbt_f482_r07,223,8380,DVB-T,0.9998279809951782,0.9998279809951782,DVB-T,0.8541487250477076,0.8541487250477076,7,0,1,False,both_correct,DVB-T|DVB-T|DVB-T|DVB-T|DVB-T|DVB-T|WiFi|DVB-T,0.99942088|0.93310714|0.99354243|0.99843389|0.99799001|0.96862298|0.93445647|0.87727970,0.99942088|0.93310714|0.99354243|0.99843389|0.99799001|0.96862298|0.06479277|0.87727970
tr_external_uz_dvbt_f482_r07,224,8381,DVB-T,0.9998852014541626,0.9998852014541626,DVB-T,0.7812785608693957,0.7812785608693957,6,0,2,False,both_correct,WiFi|DVB-T|DVB-T|DVB-T|WiFi|DVB-T|DVB-T|DVB-T,0.74758726|0.99529523|0.99534577|0.99620265|0.96425295|0.99876106|0.99318719|0.98460454,0.25161368|0.99529523|0.99534577|0.99620265|0.03521838|0.99876106|0.99318719|0.98460454
tr_external_uz_dvbt_f482_r07,225,8382,DVB-T,0.9998431205749512,0.9998431205749512,DVB-T,0.7044748440384865,0.7044748440384865,6,0,2,False,both_correct,DVB-T|DVB-T|DVB-T|DVB-T|DVB-T|WiFi|WiFi|DVB-T,0.99480247|0.96486723|0.57404661|0.61342168|0.98999316|0.74004978|0.73770970|0.97944736,0.99480247|0.96486723|0.57404661|0.61342168|0.98999316|0.25930890|0.25991133|0.97944736
tr_external_uz_dvbt_f482_r07,226,8383,DVB-T,0.9997711777687073,0.9997711777687073,DVB-T,0.976015567779541,0.976015567779541,8,0,0,False,both_correct,DVB-T|DVB-T|DVB-T|DVB-T|DVB-T|DVB-T|DVB-T|DVB-T,0.88451391|0.99704224|0.99933463|0.99856287|0.97695041|0.99700218|0.99537754|0.95934075,0.88451391|0.99704224|0.99933463|0.99856287|0.97695041|0.99700218|0.99537754|0.95934075
tr_external_uz_dvbt_f482_r07,227,8384,DVB-T,0.9998540878295898,0.9998540878295898,DVB-T,0.9450865313410759,0.9450865313410759,8,0,0,False,both_correct,DVB-T|DVB-T|DVB-T|DVB-T|DVB-T|DVB-T|DVB-T|DVB-T,0.99962986|0.99711466|0.99838507|0.99981564|0.99606931|0.84624785|0.72528118|0.99814868,0.99962986|0.99711466|0.99838507|0.99981564|0.99606931|0.84624785|0.72528118|0.99814868
tr_external_uz_dvbt_f482_r07,228,8385,DVB-T,0.9997696280479431,0.9997696280479431,DVB-T,0.9970343112945557,0.9970343112945557,8,0,0,False,both_correct,DVB-T|DVB-T|DVB-T|DVB-T|DVB-T|DVB-T|DVB-T|DVB-T,0.99528188|0.99615967|0.99845886|0.99279684|0.99987495|0.99876583|0.99611253|0.99882394,0.99528188|0.99615967|0.99845886|0.99279684|0.99987495|0.99876583|0.99611253|0.99882394
tr_external_uz_dvbt_f482_r07,229,8386,DVB-T,0.9998154044151306,0.9998154044151306,DVB-T,0.9081190042197704,0.9081190042197704,7,0,1,False,both_correct,DVB-T|DVB-T|DVB-T|WiFi|DVB-T|DVB-T|DVB-T|DVB-T,0.99937832|0.99841404|0.99906260|0.72568256|0.99985969|0.99807668|0.99873883|0.99787867,0.99937832|0.99841404|0.99906260|0.27354321|0.99985969|0.99807668|0.99873883|0.99787867
tr_external_uz_dvbt_f482_r07,230,8387,DVB-T,0.9997801184654236,0.9997801184654236,DVB-T,0.879590842872858,0.879590842872858,7,0,1,False,both_correct,DVB-T|DVB-T|DVB-T|DVB-T|DVB-T|DVB-T|DVB-T|WiFi,0.99984121|0.95158207|0.99801254|0.99928111|0.99982232|0.99980158|0.99942040|0.91043007,0.99984121|0.95158207|0.99801254|0.99928111|0.99982232|0.99980158|0.99942040|0.08896551
tr_external_uz_dvbt_f482_r07,231,8388,DVB-T,0.9997637867927551,0.9997637867927551,DVB-T,0.8862147778272629,0.8862147778272629,7,0,1,False,both_correct,DVB-T|WiFi|DVB-T|DVB-T|DVB-T|DVB-T|DVB-T|DVB-T,0.99157119|0.88675684|0.99814355|0.99906415|0.99978524|0.99990821|0.99929428|0.98928237,0.99157119|0.11266923|0.99814355|0.99906415|0.99978524|0.99990821|0.99929428|0.98928237
tr_external_uz_dvbt_f482_r07,232,8389,DVB-T,0.999687910079956,0.999687910079956,DVB-T,0.9935766234993935,0.9935766234993935,8,0,0,False,both_correct,DVB-T|DVB-T|DVB-T|DVB-T|DVB-T|DVB-T|DVB-T|DVB-T,0.99759251|0.99334717|0.99248213|0.99983633|0.99844825|0.99257058|0.99966788|0.97466815,0.99759251|0.99334717|0.99248213|0.99983633|0.99844825|0.99257058|0.99966788|0.97466815
tr_external_uz_dvbt_f482_r07,233,8390,DVB-T,0.9997465014457703,0.9997465014457703,DVB-T,0.9630761668086052,0.9630761668086052,8,0,0,False,both_correct,DVB-T|DVB-T|DVB-T|DVB-T|DVB-T|DVB-T|DVB-T|DVB-T,0.99922276|0.99984574|0.99965799|0.99978441|0.99820065|0.99911731|0.71825147|0.99052900,0.99922276|0.99984574|0.99965799|0.99978441|0.99820065|0.99911731|0.71825147|0.99052900
tr_external_uz_dvbt_f482_r07,234,8391,DVB-T,0.9991703033447266,0.9991703033447266,DVB-T,0.9967352226376534,0.9967352226376534,8,0,0,False,both_correct,DVB-T|DVB-T|DVB-T|DVB-T|DVB-T|DVB-T|DVB-T|DVB-T,0.99057502|0.99612325|0.98964930|0.99916911|0.99967551|0.99960476|0.99973482|0.99935001,0.99057502|0.99612325|0.98964930|0.99916911|0.99967551|0.99960476|0.99973482|0.99935001
tr_external_uz_dvbt_f482_r07,235,8392,DVB-T,0.9996975660324097,0.9996975660324097,DVB-T,0.9979374185204506,0.9979374185204506,8,0,0,False,both_correct,DVB-T|DVB-T|DVB-T|DVB-T|DVB-T|DVB-T|DVB-T|DVB-T,0.99920768|0.99973112|0.99926835|0.99863666|0.99738663|0.99119711|0.99993324|0.99813855,0.99920768|0.99973112|0.99926835|0.99863666|0.99738663|0.99119711|0.99993324|0.99813855
tr_external_uz_dvbt_f482_r07,236,8393,DVB-T,0.9989205598831177,0.9989205598831177,DVB-T,0.9698301255702972,0.9698301255702972,8,0,0,False,both_correct,DVB-T|DVB-T|DVB-T|DVB-T|DVB-T|DVB-T|DVB-T|DVB-T,0.99309182|0.76906955|0.99957639|0.99891865|0.99940145|0.99900562|0.99981719|0.99976033,0.99309182|0.76906955|0.99957639|0.99891865|0.99940145|0.99900562|0.99981719|0.99976033
tr_external_uz_dvbt_f482_r07,237,8394,DVB-T,0.9993477463722229,0.9993477463722229,DVB-T,0.9363110587000847,0.9363110587000847,8,0,0,False,both_correct,DVB-T|DVB-T|DVB-T|DVB-T|DVB-T|DVB-T|DVB-T|DVB-T,0.98854196|0.99902058|0.99584240|0.51461828|0.99884593|0.99952888|0.99953425|0.99455619,0.98854196|0.99902058|0.99584240|0.51461828|0.99884593|0.99952888|0.99953425|0.99455619
tr_external_uz_dvbt_f482_r07,238,8395,DVB-T,0.9996490478515625,0.9996490478515625,DVB-T,0.9434284269809723,0.9434284269809723,8,0,0,False,both_correct,DVB-T|DVB-T|DVB-T|DVB-T|DVB-T|DVB-T|DVB-T|DVB-T,0.99948007|0.99983478|0.99744427|0.99869859|0.99971431|0.99918979|0.99759942|0.55546618,0.99948007|0.99983478|0.99744427|0.99869859|0.99971431|0.99918979|0.99759942|0.55546618
tr_external_uz_dvbt_f482_r07,239,8396,DVB-T,0.9991719722747803,0.9991719722747803,DVB-T,0.9992584958672523,0.9992584958672523,8,0,0,False,both_correct,DVB-T|DVB-T|DVB-T|DVB-T|DVB-T|DVB-T|DVB-T|DVB-T,0.99877518|0.99929500|0.99958247|0.99913245|0.99992728|0.99902773|0.99941838|0.99890947,0.99877518|0.99929500|0.99958247|0.99913245|0.99992728|0.99902773|0.99941838|0.99890947
tr_external_uz_dvbt_f482_r07,240,8397,DVB-T,0.9990019202232361,0.9990019202232361,DVB-T,0.9954183772206306,0.9954183772206306,8,0,0,False,both_correct,DVB-T|DVB-T|DVB-T|DVB-T|DVB-T|DVB-T|DVB-T|DVB-T,0.99368060|0.99975854|0.99910837|0.99689937|0.99892068|0.99985075|0.97515613|0.99997258,0.99368060|0.99975854|0.99910837|0.99689937|0.99892068|0.99985075|0.97515613|0.99997258
tr_external_uz_dvbt_f482_r07,241,8398,DVB-T,0.9991391897201538,0.9991391897201538,DVB-T,0.9986758232116699,0.9986758232116699,8,0,0,False,both_correct,DVB-T|DVB-T|DVB-T|DVB-T|DVB-T|DVB-T|DVB-T|DVB-T,0.99705124|0.99947661|0.99898332|0.99991822|0.99727541|0.99990916|0.99688739|0.99990523,0.99705124|0.99947661|0.99898332|0.99991822|0.99727541|0.99990916|0.99688739|0.99990523
tr_external_uz_dvbt_f482_r07,242,8399,DVB-T,0.9989433884620667,0.9989433884620667,DVB-T,0.9990305751562119,0.9990305751562119,8,0,0,False,both_correct,DVB-T|DVB-T|DVB-T|DVB-T|DVB-T|DVB-T|DVB-T|DVB-T,0.99983931|0.99944073|0.99941528|0.99502641|0.99983883|0.99926442|0.99996817|0.99945146,0.99983931|0.99944073|0.99941528|0.99502641|0.99983883|0.99926442|0.99996817|0.99945146
tr_external_uz_dvbt_f482_r07,243,8400,DVB-T,0.9994262456893921,0.9994262456893921,DVB-T,0.9984603524208069,0.9984603524208069,8,0,0,False,both_correct,DVB-T|DVB-T|DVB-T|DVB-T|DVB-T|DVB-T|DVB-T|DVB-T,0.99929309|0.99788624|0.99894661|0.99994886|0.99938583|0.99684793|0.99943739|0.99593687,0.99929309|0.99788624|0.99894661|0.99994886|0.99938583|0.99684793|0.99943739|0.99593687
tr_external_uz_dvbt_f482_r07,244,8401,DVB-T,0.9977478384971619,0.9977478384971619,DVB-T,0.9849682450294495,0.9849682450294495,8,0,0,False,both_correct,DVB-T|DVB-T|DVB-T|DVB-T|DVB-T|DVB-T|DVB-T|DVB-T,0.99980277|0.99992812|0.96592402|0.99982280|0.99517941|0.99996185|0.92300445|0.99612254,0.99980277|0.99992812|0.96592402|0.99982280|0.99517941|0.99996185|0.92300445|0.99612254
tr_external_uz_dvbt_f482_r07,245,8402,DVB-T,0.9983555674552917,0.9983555674552917,DVB-T,0.9994277805089951,0.9994277805089951,8,0,0,False,both_correct,DVB-T|DVB-T|DVB-T|DVB-T|DVB-T|DVB-T|DVB-T|DVB-T,0.99973577|0.99972874|0.99879348|0.99931145|0.99990845|0.99923205|0.99901772|0.99969459,0.99973577|0.99972874|0.99879348|0.99931145|0.99990845|0.99923205|0.99901772|0.99969459
tr_external_uz_dvbt_f482_r07,246,8403,DVB-T,0.9996370077133179,0.9996370077133179,DVB-T,0.9990031942725182,0.9990031942725182,8,0,0,False,both_correct,DVB-T|DVB-T|DVB-T|DVB-T|DVB-T|DVB-T|DVB-T|DVB-T,0.99972230|0.99961865|0.99952674|0.99822062|0.99680233|0.99889886|0.99958259|0.99965346,0.99972230|0.99961865|0.99952674|0.99822062|0.99680233|0.99889886|0.99958259|0.99965346
tr_external_uz_dvbt_f482_r07,247,8404,DVB-T,0.9998014569282532,0.9998014569282532,DVB-T,0.9574354141950607,0.9574354141950607,8,0,0,False,both_correct,DVB-T|DVB-T|DVB-T|DVB-T|DVB-T|DVB-T|DVB-T|DVB-T,0.89377165|0.99985647|0.96974707|0.99862468|0.81414038|0.98959982|0.99499965|0.99874359,0.89377165|0.99985647|0.96974707|0.99862468|0.81414038|0.98959982|0.99499965|0.99874359
tr_external_uz_dvbt_f482_r07,248,8405,DVB-T,0.9998396635055542,0.9998396635055542,DVB-T,0.6950095775537193,0.6950095775537193,6,0,2,False,both_correct,DVB-T|DVB-T|DVB-T|WiFi|DVB-T|WiFi|DVB-T|DVB-T,0.99989176|0.99839371|0.61752248|0.95838588|0.99963355|0.95860803|0.97154778|0.89089733,0.99989176|0.99839371|0.61752248|0.04115772|0.99963355|0.04103228|0.97154778|0.89089733
tr_external_uz_dvbt_f482_r07,249,8406,DVB-T,0.9997567534446716,0.9997567534446716,DVB-T,0.9689386114478111,0.9689386114478111,8,0,0,False,both_correct,DVB-T|DVB-T|DVB-T|DVB-T|DVB-T|DVB-T|DVB-T|DVB-T,0.99993360|0.99941182|0.83865541|0.99951982|0.99975079|0.99298358|0.92219210|0.99906176,0.99993360|0.99941182|0.83865541|0.99951982|0.99975079|0.99298358|0.92219210|0.99906176
tr_external_uz_dvbt_f482_r07,250,8407,DVB-T,0.9998315572738647,0.9998315572738647,DVB-T,0.7928189672529697,0.7928189672529697,6,0,2,False,both_correct,DVB-T|DVB-T|WiFi|DVB-T|DVB-T|WiFi|DVB-T|DVB-T,0.83226204|0.99379396|0.51224595|0.99961001|0.99330139|0.95627427|0.99623871|0.99771726,0.83226204|0.99379396|0.48635119|0.99961001|0.99330139|0.04327717|0.99623871|0.99771726
tr_external_uz_dvbt_f482_r07,251,8408,DVB-T,0.9998856782913208,0.9998856782913208,DVB-T,0.9835576936602592,0.9835576936602592,8,0,0,False,both_correct,DVB-T|DVB-T|DVB-T|DVB-T|DVB-T|DVB-T|DVB-T|DVB-T,0.99708444|0.99958378|0.98053336|0.97247881|0.99337679|0.92933303|0.99700433|0.99906701,0.99708444|0.99958378|0.98053336|0.97247881|0.99337679|0.92933303|0.99700433|0.99906701
tr_external_uz_dvbt_f482_r07,252,8409,DVB-T,0.9996515512466431,0.9996515512466431,DVB-T,0.9528700411319733,0.9528700411319733,8,0,0,False,both_correct,DVB-T|DVB-T|DVB-T|DVB-T|DVB-T|DVB-T|DVB-T|DVB-T,0.99958926|0.64147627|0.99805546|0.99754864|0.99306124|0.99636275|0.99997318|0.99689353,0.99958926|0.64147627|0.99805546|0.99754864|0.99306124|0.99636275|0.99997318|0.99689353
tr_external_uz_dvbt_f482_r07,253,8410,DVB-T,0.9997465014457703,0.9997465014457703,DVB-T,0.9939154908061028,0.9939154908061028,8,0,0,False,both_correct,DVB-T|DVB-T|DVB-T|DVB-T|DVB-T|DVB-T|DVB-T|DVB-T,0.99989462|0.99516654|0.99526888|0.99982810|0.99244750|0.99614280|0.99924183|0.97333366,0.99989462|0.99516654|0.99526888|0.99982810|0.99244750|0.99614280|0.99924183|0.97333366
tr_external_uz_dvbt_f482_r07,254,8411,DVB-T,0.999797523021698,0.999797523021698,DVB-T,0.8727514945712755,0.8727514945712755,7,1,0,False,both_correct,DVB-T|DVB-T|DVB-T|DVB-T|DVB-T|DVB-T|LTE|DVB-T,0.99832720|0.99731004|0.99934632|0.99804246|0.99549180|0.99343723|0.99887496|0.99922264,0.99832720|0.99731004|0.99934632|0.99804246|0.99549180|0.99343723|0.00083427|0.99922264
tr_external_uz_dvbt_f482_r07,255,8412,DVB-T,0.9994168281555176,0.9994168281555176,DVB-T,0.9403691664338112,0.9403691664338112,8,0,0,False,both_correct,DVB-T|DVB-T|DVB-T|DVB-T|DVB-T|DVB-T|DVB-T|DVB-T,0.96806514|0.99922776|0.88686711|0.99845016|0.70669508|0.96576148|0.99962676|0.99825984,0.96806514|0.99922776|0.88686711|0.99845016|0.70669508|0.96576148|0.99962676|0.99825984
tr_external_uz_dvbt_f482_r07,256,8413,DVB-T,0.9994988441467285,0.9994988441467285,DVB-T,0.754343664040789,0.754343664040789,6,1,1,False,both_correct,WiFi|DVB-T|LTE|DVB-T|DVB-T|DVB-T|DVB-T|DVB-T,0.60171843|0.96873796|0.98650420|0.99931788|0.98778641|0.67341083|0.99944764|0.99773204,0.39686462|0.96873796|0.01145191|0.99931788|0.98778641|0.67341083|0.99944764|0.99773204
tr_external_uz_dvbt_f482_r07,257,8414,DVB-T,0.9995108842849731,0.9995108842849731,DVB-T,0.8606892183888704,0.8606892183888704,7,1,0,False,both_correct,DVB-T|DVB-T|DVB-T|DVB-T|LTE|DVB-T|DVB-T|DVB-T,0.99868065|0.99821669|0.99994731|0.99946326|0.97056299|0.98971260|0.91914266|0.95450073,0.99868065|0.99821669|0.99994731|0.99946326|0.02584984|0.98971260|0.91914266|0.95450073
tr_external_uz_dvbt_f482_r07,258,8415,DVB-T,0.9986121654510498,0.9986121654510498,DVB-T,0.871821440756321,0.871821440756321,7,1,0,False,both_correct,DVB-T|LTE|DVB-T|DVB-T|DVB-T|DVB-T|DVB-T|DVB-T,0.98185569|0.55160439|0.97422564|0.92302537|0.99854255|0.97677052|0.72662395|0.98250520,0.98185569|0.41102260|0.97422564|0.92302537|0.99854255|0.97677052|0.72662395|0.98250520
tr_external_uz_dvbt_f482_r07,259,8416,DVB-T,0.9967303276062012,0.9967303276062012,DVB-T,0.992633156478405,0.992633156478405,8,0,0,False,both_correct,DVB-T|DVB-T|DVB-T|DVB-T|DVB-T|DVB-T|DVB-T|DVB-T,0.98500395|0.99491251|0.99727362|0.99668980|0.98929799|0.99856949|0.99985135|0.97946656,0.98500395|0.99491251|0.99727362|0.99668980|0.98929799|0.99856949|0.99985135|0.97946656
tr_external_uz_dvbt_f482_r07,260,8417,DVB-T,0.9445409774780273,0.9445409774780273,DVB-T,0.8733195280656219,0.8733195280656219,7,0,1,False,both_correct,WiFi|DVB-T|DVB-T|DVB-T|DVB-T|DVB-T|DVB-T|DVB-T,0.89554048|0.99812347|0.94711232|0.99116451|0.95700312|0.99836808|0.99962652|0.99130332,0.10385489|0.99812347|0.94711232|0.99116451|0.95700312|0.99836808|0.99962652|0.99130332
tr_external_uz_dvbt_f482_r07,261,8418,DVB-T,0.9988855719566345,0.9988855719566345,DVB-T,0.969954177737236,0.969954177737236,8,0,0,False,both_correct,DVB-T|DVB-T|DVB-T|DVB-T|DVB-T|DVB-T|DVB-T|DVB-T,0.99984860|0.99263990|0.99775994|0.99961686|0.99993646|0.99940920|0.99991548|0.77050698,0.99984860|0.99263990|0.99775994|0.99961686|0.99993646|0.99940920|0.99991548|0.77050698
tr_external_uz_dvbt_f482_r07,262,8419,DVB-T,0.9992250204086304,0.9992250204086304,DVB-T,0.9992198124527931,0.9992198124527931,8,0,0,False,both_correct,DVB-T|DVB-T|DVB-T|DVB-T|DVB-T|DVB-T|DVB-T|DVB-T,0.99995935|0.99970031|0.99943238|0.99964881|0.99824607|0.99961084|0.99731582|0.99984491,0.99995935|0.99970031|0.99943238|0.99964881|0.99824607|0.99961084|0.99731582|0.99984491
tr_external_uz_dvbt_f482_r07,263,8420,DVB-T,0.9981884360313416,0.9981884360313416,DVB-T,0.9998105689883232,0.9998105689883232,8,0,0,False,both_correct,DVB-T|DVB-T|DVB-T|DVB-T|DVB-T|DVB-T|DVB-T|DVB-T,0.99994683|0.99998689|0.99942327|0.99998868|0.99988198|0.99993956|0.99943286|0.99988449,0.99994683|0.99998689|0.99942327|0.99998868|0.99988198|0.99993956|0.99943286|0.99988449
tr_external_uz_dvbt_f482_r07,264,8421,DVB-T,0.9995217323303223,0.9995217323303223,DVB-T,0.9989419728517532,0.9989419728517532,8,0,0,False,both_correct,DVB-T|DVB-T|DVB-T|DVB-T|DVB-T|DVB-T|DVB-T|DVB-T,0.99949920|0.99975628|0.99976140|0.99950135|0.99505746|0.99969673|0.99991691|0.99834645,0.99949920|0.99975628|0.99976140|0.99950135|0.99505746|0.99969673|0.99991691|0.99834645
tr_external_uz_dvbt_f482_r07,265,8422,DVB-T,0.9998185038566589,0.9998185038566589,DVB-T,0.9959058538079262,0.9959058538079262,8,0,0,False,both_correct,DVB-T|DVB-T|DVB-T|DVB-T|DVB-T|DVB-T|DVB-T|DVB-T,0.99995136|0.99931204|0.99567479|0.99846423|0.99993765|0.98315018|0.99968493|0.99107164,0.99995136|0.99931204|0.99567479|0.99846423|0.99993765|0.98315018|0.99968493|0.99107164
tr_external_uz_dvbt_f482_r07,266,8423,DVB-T,0.9995654225349426,0.9995654225349426,DVB-T,0.9983589574694633,0.9983589574694633,8,0,0,False,both_correct,DVB-T|DVB-T|DVB-T|DVB-T|DVB-T|DVB-T|DVB-T|DVB-T,0.99982291|0.99580681|0.99559420|0.99919742|0.99981135|0.99800783|0.99906093|0.99957019,0.99982291|0.99580681|0.99559420|0.99919742|0.99981135|0.99800783|0.99906093|0.99957019
tr_external_uz_dvbt_f482_r07,267,8424,DVB-T,0.9997420907020569,0.9997420907020569,DVB-T,0.9100783988833427,0.9100783988833427,7,0,1,False,both_correct,DVB-T|WiFi|DVB-T|DVB-T|DVB-T|DVB-T|DVB-T|DVB-T,0.99874288|0.57376188|0.99984443|0.99974161|0.89242381|0.99881470|0.99978417|0.96576959,0.99874288|0.42550600|0.99984443|0.99974161|0.89242381|0.99881470|0.99978417|0.96576959
tr_external_uz_dvbt_f482_r08,0,8425,DVB-T,0.9847229719161987,0.9847229719161987,DVB-T,0.92285031452775,0.92285031452775,7,1,0,False,both_correct,DVB-T|DVB-T|DVB-T|DVB-T|LTE|DVB-T|DVB-T|DVB-T,0.99627149|0.99981791|0.99829489|0.99997866|0.57858735|0.99994683|0.96850723|0.99992645,0.99627149|0.99981791|0.99829489|0.99997866|0.42005906|0.99994683|0.96850723|0.99992645
tr_external_uz_dvbt_f482_r08,1,8426,DVB-T,0.9991508722305298,0.9991508722305298,DVB-T,0.9960938990116119,0.9960938990116119,8,0,0,False,both_correct,DVB-T|DVB-T|DVB-T|DVB-T|DVB-T|DVB-T|DVB-T|DVB-T,0.99473661|0.99990594|0.99989605|0.99951649|0.99997854|0.99154246|0.99978620|0.98338890,0.99473661|0.99990594|0.99989605|0.99951649|0.99997854|0.99154246|0.99978620|0.98338890
tr_external_uz_dvbt_f482_r08,2,8427,DVB-T,0.9987301230430603,0.9987301230430603,DVB-T,0.9860619977116585,0.9860619977116585,8,0,0,False,both_correct,DVB-T|DVB-T|DVB-T|DVB-T|DVB-T|DVB-T|DVB-T|DVB-T,0.99997890|0.99988556|0.99466819|0.99717820|0.99958009|0.89771622|0.99971968|0.99976915,0.99997890|0.99988556|0.99466819|0.99717820|0.99958009|0.89771622|0.99971968|0.99976915
tr_external_uz_dvbt_f482_r08,3,8428,DVB-T,0.9986940026283264,0.9986940026283264,DVB-T,0.8063240302726626,0.8063240302726626,6,2,0,False,both_correct,DVB-T|DVB-T|LTE|DVB-T|LTE|DVB-T|DVB-T|DVB-T,0.99477923|0.99993789|0.89580411|0.99961853|0.64307934|0.99883026|0.99992347|0.99987972,0.99477923|0.99993789|0.10227492|0.99961853|0.35534823|0.99883026|0.99992347|0.99987972
tr_external_uz_dvbt_f482_r08,4,8429,DVB-T,0.9939992427825928,0.9939992427825928,DVB-T,0.9516938850283623,0.9516938850283623,8,0,0,False,both_correct,DVB-T|DVB-T|DVB-T|DVB-T|DVB-T|DVB-T|DVB-T|DVB-T,0.99992049|0.96478713|0.99996603|0.66520369|0.99448389|0.99971741|0.98965073|0.99982172,0.99992049|0.96478713|0.99996603|0.66520369|0.99448389|0.99971741|0.98965073|0.99982172
tr_external_uz_dvbt_f482_r08,5,8430,DVB-T,0.9977987408638,0.9977987408638,DVB-T,0.9894113019108772,0.9894113019108772,8,0,0,False,both_correct,DVB-T|DVB-T|DVB-T|DVB-T|DVB-T|DVB-T|DVB-T|DVB-T,0.99116981|0.97939485|0.99954140|0.99991083|0.99685138|0.95116085|0.99928838|0.99797291,0.99116981|0.97939485|0.99954140|0.99991083|0.99685138|0.95116085|0.99928838|0.99797291
tr_external_uz_dvbt_f482_r08,6,8431,DVB-T,0.9944555163383484,0.9944555163383484,DVB-T,0.9753839373588562,0.9753839373588562,8,0,0,False,both_correct,DVB-T|DVB-T|DVB-T|DVB-T|DVB-T|DVB-T|DVB-T|DVB-T,0.99534744|0.97749829|0.95629334|0.99979991|0.88290244|0.99971598|0.99800140|0.99351269,0.99534744|0.97749829|0.95629334|0.99979991|0.88290244|0.99971598|0.99800140|0.99351269
tr_external_uz_dvbt_f482_r08,7,8432,DVB-T,0.9985076785087585,0.9985076785087585,DVB-T,0.9643007293343544,0.9643007293343544,8,0,0,False,both_correct,DVB-T|DVB-T|DVB-T|DVB-T|DVB-T|DVB-T|DVB-T|DVB-T,0.71612883|0.99996138|0.99985123|0.99961448|0.99993694|0.99995291|0.99979681|0.99916327,0.71612883|0.99996138|0.99985123|0.99961448|0.99993694|0.99995291|0.99979681|0.99916327
tr_external_uz_dvbt_f482_r08,8,8433,DVB-T,0.9986358284950256,0.9986358284950256,DVB-T,0.8974485695362091,0.8974485695362091,8,0,0,False,both_correct,DVB-T|DVB-T|DVB-T|DVB-T|DVB-T|DVB-T|DVB-T|DVB-T,0.99996305|0.53856218|0.99987936|0.98677212|0.98718506|0.93679065|0.83557731|0.89485884,0.99996305|0.53856218|0.99987936|0.98677212|0.98718506|0.93679065|0.83557731|0.89485884
tr_external_uz_dvbt_f482_r08,9,8434,DVB-T,0.9983565211296082,0.9983565211296082,DVB-T,0.8432003278285265,0.8432003278285265,7,1,0,False,both_correct,DVB-T|DVB-T|LTE|DVB-T|DVB-T|DVB-T|DVB-T|DVB-T,0.99579203|0.99778038|0.94888270|0.99727112|0.89310199|0.96897292|0.99596596|0.84709394,0.99579203|0.99778038|0.04962428|0.99727112|0.89310199|0.96897292|0.99596596|0.84709394
tr_external_uz_dvbt_f482_r08,10,8435,DVB-T,0.9982302784919739,0.9982302784919739,DVB-T,0.8656727969646454,0.8656727969646454,7,1,0,False,both_correct,LTE|DVB-T|DVB-T|DVB-T|DVB-T|DVB-T|DVB-T|DVB-T,0.86795032|0.84423947|0.97861987|0.99994135|0.99659795|0.99505568|0.99612385|0.98449439,0.13030982|0.84423947|0.97861987|0.99994135|0.99659795|0.99505568|0.99612385|0.98449439
tr_external_uz_dvbt_f482_r08,11,8436,DVB-T,0.9991087317466736,0.9991087317466736,DVB-T,0.8673505262704566,0.8673505262704566,7,1,0,False,both_correct,DVB-T|DVB-T|DVB-T|LTE|DVB-T|DVB-T|DVB-T|DVB-T,0.99973339|0.95308381|0.99964154|0.98847300|0.99135393|0.99632013|0.98822021|0.99987495,0.99973339|0.95308381|0.99964154|0.01057625|0.99135393|0.99632013|0.98822021|0.99987495
tr_external_uz_dvbt_f482_r08,12,8437,DVB-T,0.9987945556640625,0.9987945556640625,DVB-T,0.987257830798626,0.987257830798626,8,0,0,False,both_correct,DVB-T|DVB-T|DVB-T|DVB-T|DVB-T|DVB-T|DVB-T|DVB-T,0.94823915|0.99984622|0.99967539|0.99890435|0.99945468|0.98145044|0.97686088|0.99363154,0.94823915|0.99984622|0.99967539|0.99890435|0.99945468|0.98145044|0.97686088|0.99363154
tr_external_uz_dvbt_f482_r08,13,8438,DVB-T,0.9990401864051819,0.9990401864051819,DVB-T,0.7537878871080466,0.7537878871080466,6,2,0,False,both_correct,DVB-T|DVB-T|DVB-T|LTE|DVB-T|LTE|DVB-T|DVB-T,0.89987057|0.99984145|0.99768412|0.99375314|0.99996746|0.76946282|0.90155745|0.99885559,0.89987057|0.99984145|0.99768412|0.00529546|0.99996746|0.22723100|0.90155745|0.99885559
tr_external_uz_dvbt_f482_r08,14,8439,DVB-T,0.9994964599609375,0.9994964599609375,DVB-T,0.9343599230051041,0.9343599230051041,8,0,0,False,both_correct,DVB-T|DVB-T|DVB-T|DVB-T|DVB-T|DVB-T|DVB-T|DVB-T,0.99994397|0.99036354|0.81015176|0.99984801|0.99986863|0.99990630|0.99997401|0.67482316,0.99994397|0.99036354|0.81015176|0.99984801|0.99986863|0.99990630|0.99997401|0.67482316
tr_external_uz_dvbt_f482_r08,15,8440,DVB-T,0.9983764886856079,0.9983764886856079,DVB-T,0.9801411032676697,0.9801411032676697,8,0,0,False,both_correct,DVB-T|DVB-T|DVB-T|DVB-T|DVB-T|DVB-T|DVB-T|DVB-T,0.99988806|0.84233409|0.99983394|0.99979800|0.99976844|0.99985623|0.99976343|0.99988663,0.99988806|0.84233409|0.99983394|0.99979800|0.99976844|0.99985623|0.99976343|0.99988663
tr_external_uz_dvbt_f482_r08,16,8441,DVB-T,0.9996107220649719,0.9996107220649719,DVB-T,0.9860152825713158,0.9860152825713158,8,0,0,False,both_correct,DVB-T|DVB-T|DVB-T|DVB-T|DVB-T|DVB-T|DVB-T|DVB-T,0.90280914|0.99971575|0.98833662|0.99963474|0.99996901|0.99769586|0.99998760|0.99997354,0.90280914|0.99971575|0.98833662|0.99963474|0.99996901|0.99769586|0.99998760|0.99997354
tr_external_uz_dvbt_f482_r08,17,8442,DVB-T,0.9996623992919922,0.9996623992919922,DVB-T,0.8767652111127973,0.8767652111127973,7,1,0,False,both_correct,DVB-T|DVB-T|DVB-T|DVB-T|LTE|DVB-T|DVB-T|DVB-T,0.99991059|0.99994528|0.99974889|0.99799949|0.97313344|0.99951255|0.99266124|0.99899846,0.99991059|0.99994528|0.99974889|0.99799949|0.02534518|0.99951255|0.99266124|0.99899846
tr_external_uz_dvbt_f482_r08,18,8443,DVB-T,0.9994182586669922,0.9994182586669922,DVB-T,0.865078208502382,0.865078208502382,7,1,0,False,both_correct,DVB-T|DVB-T|DVB-T|DVB-T|LTE|DVB-T|DVB-T|DVB-T,0.98748779|0.96393281|0.95564526|0.99990869|0.97933233|0.99991667|0.99428225|0.99982941,0.98748779|0.96393281|0.95564526|0.99990869|0.01962278|0.99991667|0.99428225|0.99982941
tr_external_uz_dvbt_f482_r08,19,8444,DVB-T,0.9992214441299438,0.9992214441299438,DVB-T,0.9907138720154762,0.9907138720154762,8,0,0,False,both_correct,DVB-T|DVB-T|DVB-T|DVB-T|DVB-T|DVB-T|DVB-T|DVB-T,0.99909830|0.99979955|0.99979573|0.98801535|0.98625815|0.99172771|0.99863178|0.96238440,0.99909830|0.99979955|0.99979573|0.98801535|0.98625815|0.99172771|0.99863178|0.96238440
tr_external_uz_dvbt_f482_r08,20,8445,DVB-T,0.9990755319595337,0.9990755319595337,DVB-T,0.9888837710022926,0.9888837710022926,8,0,0,False,both_correct,DVB-T|DVB-T|DVB-T|DVB-T|DVB-T|DVB-T|DVB-T|DVB-T,0.95752376|0.99998724|0.99994743|0.99509948|0.96785539|0.99944061|0.99191719|0.99929905,0.95752376|0.99998724|0.99994743|0.99509948|0.96785539|0.99944061|0.99191719|0.99929905
tr_external_uz_dvbt_f482_r08,21,8446,DVB-T,0.9883962869644165,0.9883962869644165,DVB-T,0.8395366463810205,0.8395366463810205,7,1,0,False,both_correct,DVB-T|DVB-T|DVB-T|DVB-T|LTE|DVB-T|DVB-T|DVB-T,0.99834836|0.53180933|0.99636072|0.99984348|0.80179042|0.99772006|0.99805307|0.99728739,0.99834836|0.53180933|0.99636072|0.99984348|0.19687076|0.99772006|0.99805307|0.99728739
tr_external_uz_dvbt_f482_r08,22,8447,DVB-T,0.9978644251823425,0.9978644251823425,DVB-T,0.9911779388785362,0.9911779388785362,8,0,0,False,both_correct,DVB-T|DVB-T|DVB-T|DVB-T|DVB-T|DVB-T|DVB-T|DVB-T,0.99651957|0.99949479|0.99408615|0.99743491|0.99230313|0.95262891|0.99998701|0.99696904,0.99651957|0.99949479|0.99408615|0.99743491|0.99230313|0.95262891|0.99998701|0.99696904
tr_external_uz_dvbt_f482_r08,23,8448,DVB-T,0.9992163181304932,0.9992163181304932,DVB-T,0.8463937167543918,0.8463937167543918,7,1,0,False,both_correct,DVB-T|DVB-T|DVB-T|DVB-T|DVB-T|DVB-T|LTE|DVB-T,0.80126345|0.99959320|0.99994874|0.96293461|0.99933547|0.99987614|0.97100788|0.98170668,0.80126345|0.99959320|0.99994874|0.96293461|0.99933547|0.99987614|0.02649144|0.98170668
tr_external_uz_dvbt_f482_r08,24,8449,DVB-T,0.998340368270874,0.998340368270874,DVB-T,0.9865581393241882,0.9865581393241882,8,0,0,False,both_correct,DVB-T|DVB-T|DVB-T|DVB-T|DVB-T|DVB-T|DVB-T|DVB-T,0.99983931|0.99988747|0.95384097|0.99181455|0.99823642|0.99985898|0.94901615|0.99997127,0.99983931|0.99988747|0.95384097|0.99181455|0.99823642|0.99985898|0.94901615|0.99997127
tr_external_uz_dvbt_f482_r08,25,8450,DVB-T,0.9990808963775635,0.9990808963775635,DVB-T,0.9528011456131935,0.9528011456131935,8,0,0,False,both_correct,DVB-T|DVB-T|DVB-T|DVB-T|DVB-T|DVB-T|DVB-T|DVB-T,0.62619376|0.99993503|0.99834538|0.99988139|0.99972945|0.99971634|0.99958593|0.99902189,0.62619376|0.99993503|0.99834538|0.99988139|0.99972945|0.99971634|0.99958593|0.99902189
tr_external_uz_dvbt_f482_r08,26,8451,DVB-T,0.9993876218795776,0.9993876218795776,DVB-T,0.9403838366270065,0.9403838366270065,8,0,0,False,both_correct,DVB-T|DVB-T|DVB-T|DVB-T|DVB-T|DVB-T|DVB-T|DVB-T,0.94354248|0.99994707|0.64034384|0.99937314|0.99808842|0.99829572|0.99994624|0.94353378,0.94354248|0.99994707|0.64034384|0.99937314|0.99808842|0.99829572|0.99994624|0.94353378
tr_external_uz_dvbt_f482_r08,27,8452,DVB-T,0.9988441467285156,0.9988441467285156,DVB-T,0.9873121008276939,0.9873121008276939,8,0,0,False,both_correct,DVB-T|DVB-T|DVB-T|DVB-T|DVB-T|DVB-T|DVB-T|DVB-T,0.99977702|0.99990392|0.99921536|0.98237199|0.92466134|0.99818915|0.99903429|0.99534374,0.99977702|0.99990392|0.99921536|0.98237199|0.92466134|0.99818915|0.99903429|0.99534374
tr_external_uz_dvbt_f482_r08,28,8453,DVB-T,0.9776827692985535,0.9776827692985535,DVB-T,0.605431278119795,0.605431278119795,5,3,0,False,both_correct,DVB-T|DVB-T|LTE|DVB-T|LTE|DVB-T|DVB-T|LTE,0.84780675|0.99877888|0.99528307|0.99988008|0.98593289|0.93616670|0.99995303|0.95529503,0.84780675|0.99877888|0.00409632|0.99988008|0.01322082|0.93616670|0.99995303|0.04354765
tr_external_uz_dvbt_f482_r08,29,8454,DVB-T,0.9994945526123047,0.9994945526123047,DVB-T,0.9782453700900078,0.9782453700900078,8,0,0,False,both_correct,DVB-T|DVB-T|DVB-T|DVB-T|DVB-T|DVB-T|DVB-T|DVB-T,0.99991584|0.86837399|0.99885833|0.99959892|0.98719144|0.97657347|0.99992764|0.99552333,0.99991584|0.86837399|0.99885833|0.99959892|0.98719144|0.97657347|0.99992764|0.99552333
tr_external_uz_dvbt_f482_r08,30,8455,DVB-T,0.9989425539970398,0.9989425539970398,DVB-T,0.7747575993416831,0.7747575993416831,6,2,0,False,both_correct,DVB-T|DVB-T|DVB-T|DVB-T|DVB-T|LTE|DVB-T|LTE,0.99392432|0.98516870|0.97245252|0.98887640|0.99903983|0.99214774|0.99984908|0.74697620,0.99392432|0.98516870|0.97245252|0.98887640|0.99903983|0.00714625|0.99984908|0.25160369
tr_external_uz_dvbt_f482_r08,31,8456,DVB-T,0.9084899425506592,0.9084899425506592,DVB-T,0.9143282696604729,0.9143282696604729,7,1,0,False,both_correct,DVB-T|DVB-T|DVB-T|LTE|DVB-T|DVB-T|DVB-T|DVB-T,0.99900419|0.99366862|0.99984026|0.55260283|0.99405980|0.99841738|0.88343781|0.99997318,0.99900419|0.99366862|0.99984026|0.44622493|0.99405980|0.99841738|0.88343781|0.99997318
tr_external_uz_dvbt_f482_r08,32,8457,DVB-T,0.9990494847297668,0.9990494847297668,DVB-T,0.8711746335029602,0.8711746335029602,8,0,0,False,both_correct,DVB-T|DVB-T|DVB-T|DVB-T|DVB-T|DVB-T|DVB-T|DVB-T,0.58178186|0.99996316|0.92414576|0.86902052|0.99471128|0.96131319|0.69488889|0.94357240,0.58178186|0.99996316|0.92414576|0.86902052|0.99471128|0.96131319|0.69488889|0.94357240
tr_external_uz_dvbt_f482_r08,33,8458,DVB-T,0.9992058873176575,0.9992058873176575,DVB-T,0.8715599006973207,0.8715599006973207,7,1,0,False,both_correct,DVB-T|DVB-T|DVB-T|DVB-T|DVB-T|LTE|DVB-T|DVB-T,0.99995244|0.99985909|0.99896717|0.99672431|0.99930823|0.97170579|0.95079613|0.99988675,0.99995244|0.99985909|0.99896717|0.99672431|0.99930823|0.02698509|0.95079613|0.99988675
tr_external_uz_dvbt_f482_r08,34,8459,DVB-T,0.9986526966094971,0.9986526966094971,DVB-T,0.9925130531191826,0.9925130531191826,8,0,0,False,both_correct,DVB-T|DVB-T|DVB-T|DVB-T|DVB-T|DVB-T|DVB-T|DVB-T,0.97269416|0.99675637|0.99996936|0.99797541|0.99897265|0.99937063|0.97446740|0.99989843,0.97269416|0.99675637|0.99996936|0.99797541|0.99897265|0.99937063|0.97446740|0.99989843
tr_external_uz_dvbt_f482_r08,35,8460,DVB-T,0.9996242523193359,0.9996242523193359,DVB-T,0.8449073079973459,0.8449073079973459,7,1,0,False,both_correct,DVB-T|DVB-T|DVB-T|DVB-T|DVB-T|DVB-T|DVB-T|LTE,0.99929988|0.99967873|0.99969602|0.80949897|0.85261357|0.99997783|0.99998522|0.89895910,0.99929988|0.99967873|0.99969602|0.80949897|0.85261357|0.99997783|0.99998522|0.09850825
tr_external_uz_dvbt_f482_r08,36,8461,DVB-T,0.9995729327201843,0.9995729327201843,DVB-T,0.9364460185170174,0.9364460185170174,8,0,0,False,both_correct,DVB-T|DVB-T|DVB-T|DVB-T|DVB-T|DVB-T|DVB-T|DVB-T,0.99986112|0.99952900|0.99792957|0.99979728|0.99996328|0.96995473|0.52479619|0.99973696,0.99986112|0.99952900|0.99792957|0.99979728|0.99996328|0.96995473|0.52479619|0.99973696
tr_external_uz_dvbt_f482_r08,37,8462,DVB-T,0.9948857426643372,0.9948857426643372,DVB-T,0.9144884273409843,0.9144884273409843,8,0,0,False,both_correct,DVB-T|DVB-T|DVB-T|DVB-T|DVB-T|DVB-T|DVB-T|DVB-T,0.90903008|0.99541146|0.99995470|0.89804029|0.99973768|0.99230897|0.99996054|0.52146369,0.90903008|0.99541146|0.99995470|0.89804029|0.99973768|0.99230897|0.99996054|0.52146369
tr_external_uz_dvbt_f482_r08,38,8463,DVB-T,0.9994992017745972,0.9994992017745972,DVB-T,0.7379463657271117,0.7379463657271117,6,2,0,False,both_correct,DVB-T|DVB-T|LTE|DVB-T|DVB-T|DVB-T|LTE|DVB-T,0.99997830|0.99522579|0.95494616|0.99980873|0.99240196|0.99987769|0.98363394|0.85667342,0.99997830|0.99522579|0.04397640|0.99980873|0.99240196|0.99987769|0.01562864|0.85667342
tr_external_uz_dvbt_f482_r08,39,8464,DVB-T,0.9996237754821777,0.9996237754821777,DVB-T,0.9509460553526878,0.9509460553526878,8,0,0,False,both_correct,DVB-T|DVB-T|DVB-T|DVB-T|DVB-T|DVB-T|DVB-T|DVB-T,0.99997878|0.62612098|0.99931407|0.98423648|0.99959689|0.99993646|0.99997532|0.99840945,0.99997878|0.62612098|0.99931407|0.98423648|0.99959689|0.99993646|0.99997532|0.99840945
tr_external_uz_dvbt_f482_r08,40,8465,DVB-T,0.9980294108390808,0.9980294108390808,DVB-T,0.9287707954645157,0.9287707954645157,8,0,0,False,both_correct,DVB-T|DVB-T|DVB-T|DVB-T|DVB-T|DVB-T|DVB-T|DVB-T,0.99877220|0.99993122|0.69653940|0.99982506|0.99590379|0.74008811|0.99991977|0.99918681,0.99877220|0.99993122|0.69653940|0.99982506|0.99590379|0.74008811|0.99991977|0.99918681
tr_external_uz_dvbt_f482_r08,41,8466,DVB-T,0.9988576173782349,0.9988576173782349,DVB-T,0.5728017281508073,0.5728017281508073,5,3,0,False,both_correct,LTE|DVB-T|LTE|DVB-T|DVB-T|DVB-T|LTE|DVB-T,0.93749428|0.99974424|0.99677819|0.99997795|0.73290509|0.99919647|0.99142116|0.77860212,0.06144066|0.99974424|0.00278919|0.99997795|0.73290509|0.99919647|0.00775812|0.77860212
tr_external_uz_dvbt_f482_r08,42,8467,DVB-T,0.9978790283203125,0.9978790283203125,DVB-T,0.8253422528505325,0.8253422528505325,8,0,0,False,both_correct,DVB-T|DVB-T|DVB-T|DVB-T|DVB-T|DVB-T|DVB-T|DVB-T,0.99986744|0.64718252|0.95404655|0.52866101|0.99994874|0.70309633|0.96347290|0.80646253,0.99986744|0.64718252|0.95404655|0.52866101|0.99994874|0.70309633|0.96347290|0.80646253
tr_external_uz_dvbt_f482_r08,43,8468,DVB-T,0.9994520545005798,0.9994520545005798,DVB-T,0.91524937748909,0.91524937748909,7,1,0,False,both_correct,DVB-T|DVB-T|DVB-T|DVB-T|DVB-T|DVB-T|DVB-T|LTE,0.98320872|0.99690348|0.99981838|0.99056786|0.99993038|0.93871111|0.99889046|0.58480555,0.98320872|0.99690348|0.99981838|0.99056786|0.99993038|0.93871111|0.99889046|0.41396463
tr_external_uz_dvbt_f482_r08,44,8469,DVB-T,0.9951629638671875,0.9951629638671875,DVB-T,0.9013663902878761,0.9013663902878761,7,1,0,False,both_correct,DVB-T|DVB-T|LTE|DVB-T|DVB-T|DVB-T|DVB-T|DVB-T,0.99874592|0.99988830|0.75273085|0.99875748|0.99854833|0.99929893|0.99972540|0.97008371,0.99874592|0.99988830|0.24588305|0.99875748|0.99854833|0.99929893|0.99972540|0.97008371
tr_external_uz_dvbt_f482_r08,45,8470,DVB-T,0.9990179538726807,0.9990179538726807,DVB-T,0.8818837143480778,0.8818837143480778,7,1,0,False,both_correct,DVB-T|DVB-T|DVB-T|LTE|DVB-T|DVB-T|DVB-T|DVB-T,0.95866412|0.98716205|0.99970800|0.88723642|0.99873525|0.99994552|0.99953055|0.99980623,0.95866412|0.98716205|0.99970800|0.11151800|0.99873525|0.99994552|0.99953055|0.99980623
tr_external_uz_dvbt_f482_r08,46,8471,DVB-T,0.9994462132453918,0.9994462132453918,DVB-T,0.8774207998067141,0.8774207998067141,7,1,0,False,both_correct,DVB-T|DVB-T|DVB-T|DVB-T|LTE|DVB-T|DVB-T|DVB-T,0.97911328|0.91237563|0.97472250|0.99990451|0.84176338|0.99775934|0.99870527|0.99998677,0.97911328|0.91237563|0.97472250|0.99990451|0.15679909|0.99775934|0.99870527|0.99998677
tr_external_uz_dvbt_f482_r08,47,8472,DVB-T,0.993731677532196,0.993731677532196,DVB-T,0.6800078405067325,0.6800078405067325,6,2,0,False,both_correct,LTE|LTE|DVB-T|DVB-T|DVB-T|DVB-T|DVB-T|DVB-T,0.92940700|0.78804022|0.99592674|0.76420403|0.99995399|0.64091104|0.99979919|0.76045364,0.06853066|0.21028344|0.99592674|0.76420403|0.99995399|0.64091104|0.99979919|0.76045364
tr_external_uz_dvbt_f482_r08,48,8473,DVB-T,0.9991251826286316,0.9991251826286316,DVB-T,0.8747585294768214,0.8747585294768214,7,1,0,False,both_correct,DVB-T|DVB-T|DVB-T|DVB-T|DVB-T|DVB-T|LTE|DVB-T,0.99996614|0.99928844|0.99985147|0.99997818|0.97876567|0.99991453|0.97614753|0.99762934,0.99996614|0.99928844|0.99985147|0.99997818|0.97876567|0.99991453|0.02267446|0.99762934
tr_external_uz_dvbt_f482_r08,49,8474,DVB-T,0.9995032548904419,0.9995032548904419,DVB-T,0.9842531010508537,0.9842531010508537,8,0,0,False,both_correct,DVB-T|DVB-T|DVB-T|DVB-T|DVB-T|DVB-T|DVB-T|DVB-T,0.99994826|0.99963093|0.90151685|0.99998498|0.99942696|0.97537905|0.99971014|0.99842763,0.99994826|0.99963093|0.90151685|0.99998498|0.99942696|0.97537905|0.99971014|0.99842763
tr_external_uz_dvbt_f482_r08,50,8475,DVB-T,0.970542311668396,0.970542311668396,DVB-T,0.963855192065239,0.963855192065239,8,0,0,False,both_correct,DVB-T|DVB-T|DVB-T|DVB-T|DVB-T|DVB-T|DVB-T|DVB-T,0.99626178|0.77024823|0.99980205|0.99935037|0.94595450|0.99990320|0.99936491|0.99995649,0.99626178|0.77024823|0.99980205|0.99935037|0.94595450|0.99990320|0.99936491|0.99995649
tr_external_uz_dvbt_f482_r08,51,8476,DVB-T,0.999458372592926,0.999458372592926,DVB-T,0.7119334591552615,0.7119334591552615,6,2,0,False,both_correct,DVB-T|DVB-T|LTE|LTE|DVB-T|DVB-T|DVB-T|DVB-T,0.77102089|0.99961239|0.95773941|0.91524553|0.99994302|0.86574614|0.99997532|0.93429440,0.77102089|0.99961239|0.04131991|0.08355560|0.99994302|0.86574614|0.99997532|0.93429440
tr_external_uz_dvbt_f482_r08,52,8477,DVB-T,0.9952700734138489,0.9952700734138489,DVB-T,0.8461765460669994,0.8461765460669994,7,1,0,False,both_correct,DVB-T|DVB-T|DVB-T|LTE|DVB-T|DVB-T|DVB-T|DVB-T,0.99994040|0.99907744|0.96642691|0.72937125|0.64677876|0.97415799|0.91409242|0.99974316,0.99994040|0.99907744|0.96642691|0.26919529|0.64677876|0.97415799|0.91409242|0.99974316
tr_external_uz_dvbt_f482_r08,53,8478,DVB-T,0.9991218447685242,0.9991218447685242,DVB-T,0.9477487504482269,0.9477487504482269,8,0,0,False,both_correct,DVB-T|DVB-T|DVB-T|DVB-T|DVB-T|DVB-T|DVB-T|DVB-T,0.99990654|0.87543762|0.99997842|0.92583984|0.99998963|0.80211639|0.99956733|0.97915423,0.99990654|0.87543762|0.99997842|0.92583984|0.99998963|0.80211639|0.99956733|0.97915423
tr_external_uz_dvbt_f482_r08,54,8479,DVB-T,0.9994206428527832,0.9994206428527832,DVB-T,0.9715589731931686,0.9715589731931686,8,0,0,False,both_correct,DVB-T|DVB-T|DVB-T|DVB-T|DVB-T|DVB-T|DVB-T|DVB-T,0.99998188|0.99883884|0.99996746|0.99845278|0.99997938|0.99986637|0.78724325|0.98814183,0.99998188|0.99883884|0.99996746|0.99845278|0.99997938|0.99986637|0.78724325|0.98814183
tr_external_uz_dvbt_f482_r08,55,8480,DVB-T,0.9979870319366455,0.9979870319366455,DVB-T,0.8461499483091757,0.8461499483091757,7,1,0,False,both_correct,LTE|DVB-T|DVB-T|DVB-T|DVB-T|DVB-T|DVB-T|DVB-T,0.98917234|0.99883348|0.97403109|0.99985051|0.89839643|0.99994040|0.88821954|0.99998045,0.00994769|0.99883348|0.97403109|0.99985051|0.89839643|0.99994040|0.88821954|0.99998045
tr_external_uz_dvbt_f482_r08,56,8481,DVB-T,0.9984571933746338,0.9984571933746338,DVB-T,0.9990439563989639,0.9990439563989639,8,0,0,False,both_correct,DVB-T|DVB-T|DVB-T|DVB-T|DVB-T|DVB-T|DVB-T|DVB-T,0.99937928|0.99985993|0.99918658|0.99988544|0.99553102|0.99912649|0.99966478|0.99971813,0.99937928|0.99985993|0.99918658|0.99988544|0.99553102|0.99912649|0.99966478|0.99971813
tr_external_uz_dvbt_f482_r08,57,8482,DVB-T,0.9994268417358398,0.9994268417358398,DVB-T,0.9837555810809135,0.9837555810809135,8,0,0,False,both_correct,DVB-T|DVB-T|DVB-T|DVB-T|DVB-T|DVB-T|DVB-T|DVB-T,0.99893302|0.99535275|0.99989378|0.99978703|0.99995446|0.90934455|0.96681410|0.99996495,0.99893302|0.99535275|0.99989378|0.99978703|0.99995446|0.90934455|0.96681410|0.99996495
tr_external_uz_dvbt_f482_r08,58,8483,DVB-T,0.9969149827957153,0.9969149827957153,DVB-T,0.6529042806942016,0.6529042806942016,5,3,0,False,both_correct,LTE|DVB-T|LTE|DVB-T|LTE|DVB-T|DVB-T|DVB-T,0.93669611|0.99834478|0.85014677|0.99900609|0.98196465|0.99974614|0.99988770|0.99982989,0.06177543|0.99834478|0.14747620|0.99900609|0.01716801|0.99974614|0.99988770|0.99982989
tr_external_uz_dvbt_f482_r08,59,8484,DVB-T,0.9993422627449036,0.9993422627449036,DVB-T,0.8840549737215042,0.8840549737215042,7,1,0,False,both_correct,DVB-T|DVB-T|LTE|DVB-T|DVB-T|DVB-T|DVB-T|DVB-T,0.77686113|0.99534827|0.69655603|0.99991655|0.99996996|0.99996030|0.99805319|0.99995601,0.77686113|0.99534827|0.30237436|0.99991655|0.99996996|0.99996030|0.99805319|0.99995601
tr_external_uz_dvbt_f482_r08,60,8485,DVB-T,0.999504804611206,0.999504804611206,DVB-T,0.9924809858202934,0.9924809858202934,8,0,0,False,both_correct,DVB-T|DVB-T|DVB-T|DVB-T|DVB-T|DVB-T|DVB-T|DVB-T,0.99995697|0.99997830|0.99962461|0.99998593|0.95230335|0.99881625|0.99986720|0.98931527,0.99995697|0.99997830|0.99962461|0.99998593|0.95230335|0.99881625|0.99986720|0.98931527
tr_external_uz_dvbt_f482_r08,61,8486,DVB-T,0.9984374642372131,0.9984374642372131,DVB-T,0.8547519370913506,0.8547519370913506,6,2,0,False,both_correct,DVB-T|DVB-T|LTE|DVB-T|DVB-T|LTE|DVB-T|DVB-T,0.97523469|0.99968362|0.50776571|0.98234624|0.99948704|0.60528260|0.99994624|0.99991643,0.97523469|0.99968362|0.48850092|0.98234624|0.99948704|0.39290032|0.99994624|0.99991643
tr_external_uz_dvbt_f482_r08,62,8487,DVB-T,0.9717546701431274,0.9717546701431274,DVB-T,0.5863837274955586,0.5863837274955586,5,3,0,False,both_correct,DVB-T|DVB-T|DVB-T|DVB-T|DVB-T|LTE|LTE|LTE,0.75364196|0.95998991|0.96262026|0.99975592|0.94995594|0.97112399|0.97262865|0.98680544,0.75364196|0.95998991|0.96262026|0.99975592|0.94995594|0.02700222|0.02587975|0.01222387
tr_external_uz_dvbt_f482_r08,63,8488,DVB-T,0.9983217120170593,0.9983217120170593,DVB-T,0.9919165521860123,0.9919165521860123,8,0,0,False,both_correct,DVB-T|DVB-T|DVB-T|DVB-T|DVB-T|DVB-T|DVB-T|DVB-T,0.98832268|0.99924302|0.99994302|0.99991286|0.95044959|0.99841690|0.99973696|0.99930739,0.98832268|0.99924302|0.99994302|0.99991286|0.95044959|0.99841690|0.99973696|0.99930739
tr_external_uz_dvbt_f482_r08,64,8489,DVB-T,0.9991225600242615,0.9991225600242615,DVB-T,0.9762842729687691,0.9762842729687691,8,0,0,False,both_correct,DVB-T|DVB-T|DVB-T|DVB-T|DVB-T|DVB-T|DVB-T|DVB-T,0.99997795|0.81726879|0.99955267|0.99995053|0.99939275|0.99422413|0.99997938|0.99992800,0.99997795|0.81726879|0.99955267|0.99995053|0.99939275|0.99422413|0.99997938|0.99992800
tr_external_uz_dvbt_f482_r08,65,8490,DVB-T,0.9988073110580444,0.9988073110580444,DVB-T,0.9963582381606102,0.9963582381606102,8,0,0,False,both_correct,DVB-T|DVB-T|DVB-T|DVB-T|DVB-T|DVB-T|DVB-T|DVB-T,0.99950397|0.98817885|0.99998868|0.99789834|0.99921954|0.99992144|0.98618525|0.99996984,0.99950397|0.98817885|0.99998868|0.99789834|0.99921954|0.99992144|0.98618525|0.99996984
tr_external_uz_dvbt_f482_r08,66,8491,DVB-T,0.9990498423576355,0.9990498423576355,DVB-T,0.9967559576034546,0.9967559576034546,8,0,0,False,both_correct,DVB-T|DVB-T|DVB-T|DVB-T|DVB-T|DVB-T|DVB-T|DVB-T,0.99985516|0.99992347|0.99988258|0.99856502|0.99764711|0.99935097|0.97885603|0.99996734,0.99985516|0.99992347|0.99988258|0.99856502|0.99764711|0.99935097|0.97885603|0.99996734
tr_external_uz_dvbt_f482_r08,67,8492,DVB-T,0.9994081258773804,0.9994081258773804,DVB-T,0.7560420790687203,0.7560420790687203,6,2,0,False,both_correct,DVB-T|DVB-T|DVB-T|DVB-T|DVB-T|LTE|DVB-T|LTE,0.99562716|0.99965513|0.99470526|0.89051998|0.99996603|0.92750400|0.99993801|0.90154147,0.99562716|0.99965513|0.99470526|0.89051998|0.99996603|0.07110079|0.99993801|0.09682427
tr_external_uz_dvbt_f482_r08,68,8493,DVB-T,0.994113028049469,0.994113028049469,DVB-T,0.9724785685539246,0.9724785685539246,8,0,0,False,both_correct,DVB-T|DVB-T|DVB-T|DVB-T|DVB-T|DVB-T|DVB-T|DVB-T,0.96108079|0.99812514|0.96595353|0.99997473|0.96208435|0.99088848|0.99983752|0.90188402,0.96108079|0.99812514|0.96595353|0.99997473|0.96208435|0.99088848|0.99983752|0.90188402
tr_external_uz_dvbt_f482_r08,69,8494,DVB-T,0.9994045495986938,0.9994045495986938,DVB-T,0.9514875710010529,0.9514875710010529,8,0,0,False,both_correct,DVB-T|DVB-T|DVB-T|DVB-T|DVB-T|DVB-T|DVB-T|DVB-T,0.82321203|0.99992561|0.95318884|0.99978667|0.99997258|0.84225273|0.99998236|0.99357975,0.82321203|0.99992561|0.95318884|0.99978667|0.99997258|0.84225273|0.99998236|0.99357975
tr_external_uz_dvbt_f482_r08,70,8495,DVB-T,0.9990147352218628,0.9990147352218628,DVB-T,0.9886003732681274,0.9886003732681274,8,0,0,False,both_correct,DVB-T|DVB-T|DVB-T|DVB-T|DVB-T|DVB-T|DVB-T|DVB-T,0.99970514|0.99992490|0.99902260|0.99967933|0.99780566|0.99974936|0.94385028|0.96906573,0.99970514|0.99992490|0.99902260|0.99967933|0.99780566|0.99974936|0.94385028|0.96906573
tr_external_uz_dvbt_f482_r08,71,8496,DVB-T,0.999665379524231,0.999665379524231,DVB-T,0.9602837041020393,0.9602837041020393,8,0,0,False,both_correct,DVB-T|DVB-T|DVB-T|DVB-T|DVB-T|DVB-T|DVB-T|DVB-T,0.99991345|0.99988115|0.98527050|0.99998879|0.99990475|0.99996936|0.69816315|0.99917847,0.99991345|0.99988115|0.98527050|0.99998879|0.99990475|0.99996936|0.69816315|0.99917847
tr_external_uz_dvbt_f482_r08,72,8497,DVB-T,0.9980846643447876,0.9980846643447876,DVB-T,0.8773013858590275,0.8773013858590275,7,1,0,False,both_correct,DVB-T|DVB-T|DVB-T|DVB-T|LTE|DVB-T|DVB-T|DVB-T,0.99995661|0.99963474|0.99969375|0.99656701|0.97186029|0.99997628|0.99796271|0.99858969,0.99995661|0.99963474|0.99969375|0.99656701|0.02603029|0.99997628|0.99796271|0.99858969
tr_external_uz_dvbt_f482_r08,73,8498,DVB-T,0.9992526173591614,0.9992526173591614,DVB-T,0.69686399679631,0.69686399679631,5,3,0,False,both_correct,DVB-T|DVB-T|DVB-T|DVB-T|LTE|DVB-T|LTE|LTE,0.99997246|0.99443406|0.95590091|0.98668379|0.70378280|0.99976546|0.77075803|0.88203257,0.99997246|0.99443406|0.95590091|0.98668379|0.29439852|0.99976546|0.22792159|0.11583520
tr_external_uz_dvbt_f482_r08,74,8499,DVB-T,0.9994300007820129,0.9994300007820129,DVB-T,0.8450102023780346,0.8450102023780346,7,1,0,False,both_correct,DVB-T|DVB-T|DVB-T|DVB-T|DVB-T|LTE|DVB-T|DVB-T,0.99966264|0.99987090|0.85363483|0.99995315|0.99590886|0.69583708|0.99995255|0.61484486,0.99966264|0.99987090|0.85363483|0.99995315|0.99590886|0.29625383|0.99995255|0.61484486
tr_external_uz_dvbt_f482_r08,75,8500,DVB-T,0.997934103012085,0.997934103012085,DVB-T,0.9170041754841805,0.9170041754841805,7,1,0,False,both_correct,DVB-T|DVB-T|DVB-T|DVB-T|DVB-T|LTE|DVB-T|DVB-T,0.99995697|0.89490867|0.99979919|0.99995804|0.99989295|0.55100393|0.99998641|0.99549842,0.99995697|0.89490867|0.99979919|0.99995804|0.99989295|0.44603276|0.99998641|0.99549842
tr_external_uz_dvbt_f482_r08,76,8501,DVB-T,0.9995618462562561,0.9995618462562561,DVB-T,0.8785747673828155,0.8785747673828155,7,1,0,False,both_correct,DVB-T|DVB-T|DVB-T|LTE|DVB-T|DVB-T|DVB-T|DVB-T,0.99969304|0.99997699|0.99993706|0.96927714|0.99999034|0.99993134|0.99998939|0.99985266,0.99969304|0.99997699|0.99993706|0.02922733|0.99999034|0.99993134|0.99998939|0.99985266
tr_external_uz_dvbt_f482_r08,77,8502,DVB-T,0.9995879530906677,0.9995879530906677,DVB-T,0.999243751168251,0.999243751168251,8,0,0,False,both_correct,DVB-T|DVB-T|DVB-T|DVB-T|DVB-T|DVB-T|DVB-T|DVB-T,0.99993002|0.99930811|0.99987578|0.99906021|0.99974650|0.99968362|0.99717951|0.99916625,0.99993002|0.99930811|0.99987578|0.99906021|0.99974650|0.99968362|0.99717951|0.99916625
tr_external_uz_dvbt_f482_r08,78,8503,DVB-T,0.9988094568252563,0.9988094568252563,DVB-T,0.8722269498975947,0.8722269498975947,7,1,0,False,both_correct,DVB-T|LTE|DVB-T|DVB-T|DVB-T|DVB-T|DVB-T|DVB-T,0.99959284|0.98513442|0.99969614|0.97509104|0.99977607|0.99415672|0.99697721|0.99838471,0.99959284|0.01414088|0.99969614|0.97509104|0.99977607|0.99415672|0.99697721|0.99838471
tr_external_uz_dvbt_f482_r08,79,8504,DVB-T,0.9996587038040161,0.9996587038040161,DVB-T,0.9972833320498466,0.9972833320498466,8,0,0,False,both_correct,DVB-T|DVB-T|DVB-T|DVB-T|DVB-T|DVB-T|DVB-T|DVB-T,0.99983132|0.99974984|0.99184352|0.99973792|0.98859698|0.99860758|0.99991989|0.99997962,0.99983132|0.99974984|0.99184352|0.99973792|0.98859698|0.99860758|0.99991989|0.99997962
tr_external_uz_dvbt_f482_r08,80,8505,DVB-T,0.9993082284927368,0.9993082284927368,DVB-T,0.5918356380425394,0.5918356380425394,5,3,0,False,both_correct,DVB-T|LTE|DVB-T|LTE|LTE|DVB-T|DVB-T|DVB-T,0.57556200|0.88518518|0.97659236|0.97565776|0.94638211|0.99921429|0.99951231|0.99623531,0.57556200|0.11266471|0.97659236|0.02307634|0.05182778|0.99921429|0.99951231|0.99623531
tr_external_uz_dvbt_f482_r08,81,8506,DVB-T,0.9976167678833008,0.9976167678833008,DVB-T,0.8550869338214397,0.8550869338214397,7,1,0,False,both_correct,DVB-T|DVB-T|DVB-T|DVB-T|DVB-T|DVB-T|DVB-T|LTE,0.99982601|0.99993706|0.58390439|0.99998331|0.99335515|0.99993551|0.99837339|0.72930437,0.99982601|0.99993706|0.58390439|0.99998331|0.99335515|0.99993551|0.99837339|0.26538065
tr_external_uz_dvbt_f482_r08,82,8507,DVB-T,0.9995306730270386,0.9995306730270386,DVB-T,0.9996581897139549,0.9996581897139549,8,0,0,False,both_correct,DVB-T|DVB-T|DVB-T|DVB-T|DVB-T|DVB-T|DVB-T|DVB-T,0.99968767|0.99938905|0.99973696|0.99976760|0.99983549|0.99983597|0.99910611|0.99990666,0.99968767|0.99938905|0.99973696|0.99976760|0.99983549|0.99983597|0.99910611|0.99990666
tr_external_uz_dvbt_f482_r08,83,8508,DVB-T,0.9991249442100525,0.9991249442100525,DVB-T,0.9678861200809479,0.9678861200809479,8,0,0,False,both_correct,DVB-T|DVB-T|DVB-T|DVB-T|DVB-T|DVB-T|DVB-T|DVB-T,0.82407248|0.93537819|0.99983275|0.99991536|0.98972893|0.99938810|0.99898368|0.99578947,0.82407248|0.93537819|0.99983275|0.99991536|0.98972893|0.99938810|0.99898368|0.99578947
tr_external_uz_dvbt_f482_r08,84,8509,DVB-T,0.9989217519760132,0.9989217519760132,DVB-T,0.9345725029706955,0.9345725029706955,8,0,0,False,both_correct,DVB-T|DVB-T|DVB-T|DVB-T|DVB-T|DVB-T|DVB-T|DVB-T,0.97234750|0.99135602|0.99996233|0.99539763|0.52151877|0.99645209|0.99971884|0.99982685,0.97234750|0.99135602|0.99996233|0.99539763|0.52151877|0.99645209|0.99971884|0.99982685
tr_external_uz_dvbt_f482_r08,85,8510,DVB-T,0.9987279772758484,0.9987279772758484,DVB-T,0.9956692904233932,0.9956692904233932,8,0,0,False,both_correct,DVB-T|DVB-T|DVB-T|DVB-T|DVB-T|DVB-T|DVB-T|DVB-T,0.99943060|0.99997652|0.97989696|0.99988258|0.98814046|0.99840027|0.99978083|0.99984610,0.99943060|0.99997652|0.97989696|0.99988258|0.98814046|0.99840027|0.99978083|0.99984610
tr_external_uz_dvbt_f482_r08,86,8511,DVB-T,0.9993600249290466,0.9993600249290466,DVB-T,0.9919694811105728,0.9919694811105728,8,0,0,False,both_correct,DVB-T|DVB-T|DVB-T|DVB-T|DVB-T|DVB-T|DVB-T|DVB-T,0.97406173|0.99989927|0.99968636|0.99949551|0.99275792|0.99967468|0.97031581|0.99986458,0.97406173|0.99989927|0.99968636|0.99949551|0.99275792|0.99967468|0.97031581|0.99986458
tr_external_uz_dvbt_f482_r08,87,8512,DVB-T,0.9981410503387451,0.9981410503387451,DVB-T,0.9895948097109795,0.9895948097109795,8,0,0,False,both_correct,DVB-T|DVB-T|DVB-T|DVB-T|DVB-T|DVB-T|DVB-T|DVB-T,0.92300916|0.99730289|0.99952424|0.99972421|0.99993408|0.99981958|0.99987614|0.99756819,0.92300916|0.99730289|0.99952424|0.99972421|0.99993408|0.99981958|0.99987614|0.99756819
tr_external_uz_dvbt_f482_r08,88,8513,DVB-T,0.999402642250061,0.999402642250061,DVB-T,0.9948565289378166,0.9948565289378166,8,0,0,False,both_correct,DVB-T|DVB-T|DVB-T|DVB-T|DVB-T|DVB-T|DVB-T|DVB-T,0.97698724|0.99997211|0.99965250|0.99371439|0.99602306|0.99804842|0.99996328|0.99449122,0.97698724|0.99997211|0.99965250|0.99371439|0.99602306|0.99804842|0.99996328|0.99449122
tr_external_uz_dvbt_f482_r08,89,8514,DVB-T,0.9968764781951904,0.9968764781951904,DVB-T,0.9683558940887451,0.9683558940887451,8,0,0,False,both_correct,DVB-T|DVB-T|DVB-T|DVB-T|DVB-T|DVB-T|DVB-T|DVB-T,0.99885619|0.99997950|0.99726200|0.99998367|0.93310702|0.99950182|0.99979442|0.81836253,0.99885619|0.99997950|0.99726200|0.99998367|0.93310702|0.99950182|0.99979442|0.81836253
tr_external_uz_dvbt_f482_r08,90,8515,DVB-T,0.9995829463005066,0.9995829463005066,DVB-T,0.992318719625473,0.992318719625473,8,0,0,False,both_correct,DVB-T|DVB-T|DVB-T|DVB-T|DVB-T|DVB-T|DVB-T|DVB-T,0.99999106|0.96110773|0.99995494|0.99961805|0.98986816|0.99993765|0.98826712|0.99980503,0.99999106|0.96110773|0.99995494|0.99961805|0.98986816|0.99993765|0.98826712|0.99980503
tr_external_uz_dvbt_f482_r08,91,8516,DVB-T,0.9992932081222534,0.9992932081222534,DVB-T,0.9899695068597794,0.9899695068597794,8,0,0,False,both_correct,DVB-T|DVB-T|DVB-T|DVB-T|DVB-T|DVB-T|DVB-T|DVB-T,0.99918598|0.99824643|0.97022700|0.99975997|0.99997044|0.95405817|0.99879766|0.99951041,0.99918598|0.99824643|0.97022700|0.99975997|0.99997044|0.95405817|0.99879766|0.99951041
tr_external_uz_dvbt_f482_r08,92,8517,DVB-T,0.9994658827781677,0.9994658827781677,DVB-T,0.9969553276896477,0.9969553276896477,8,0,0,False,both_correct,DVB-T|DVB-T|DVB-T|DVB-T|DVB-T|DVB-T|DVB-T|DVB-T,0.98498905|0.99993181|0.99940133|0.99986219|0.99568617|0.99994862|0.99970090|0.99612254,0.98498905|0.99993181|0.99940133|0.99986219|0.99568617|0.99994862|0.99970090|0.99612254
tr_external_uz_dvbt_f482_r08,93,8518,DVB-T,0.9997449517250061,0.9997449517250061,DVB-T,0.8779315035790205,0.8779315035790205,7,1,0,False,both_correct,LTE|DVB-T|DVB-T|DVB-T|DVB-T|DVB-T|DVB-T|DVB-T,0.83108473|0.99987531|0.99996340|0.99986804|0.99997425|0.99995136|0.85646433|0.99993968,0.16741566|0.99987531|0.99996340|0.99986804|0.99997425|0.99995136|0.85646433|0.99993968
tr_external_uz_dvbt_f482_r08,94,8519,DVB-T,0.998847246170044,0.998847246170044,DVB-T,0.9066470712423325,0.9066470712423325,7,1,0,False,both_correct,DVB-T|DVB-T|DVB-T|DVB-T|DVB-T|DVB-T|DVB-T|LTE,0.99984896|0.99995434|0.99996305|0.99993944|0.99998653|0.99750769|0.99970132|0.74191326,0.99984896|0.99995434|0.99996305|0.99993944|0.99998653|0.99750769|0.99970132|0.25627524
tr_external_uz_dvbt_f482_r08,95,8520,DVB-T,0.9997009038925171,0.9997009038925171,DVB-T,0.7896473379805684,0.7896473379805684,6,2,0,False,both_correct,DVB-T|DVB-T|DVB-T|LTE|LTE|DVB-T|DVB-T|DVB-T,0.99988472|0.89607215|0.99973661|0.64349133|0.93252957|0.99987876|0.99984777|0.99996197,0.99988472|0.89607215|0.99973661|0.35532808|0.06646863|0.99987876|0.99984777|0.99996197
tr_external_uz_dvbt_f482_r08,96,8521,DVB-T,0.9991193413734436,0.9991193413734436,DVB-T,0.8800902590155602,0.8800902590155602,7,1,0,False,both_correct,DVB-T|DVB-T|DVB-T|DVB-T|LTE|DVB-T|DVB-T|DVB-T,0.99800831|0.99990761|0.99399251|0.98758686|0.52423942|0.99998045|0.58645105|0.99993539,0.99800831|0.99990761|0.99399251|0.98758686|0.47485989|0.99998045|0.58645105|0.99993539
tr_external_uz_dvbt_f482_r08,97,8522,DVB-T,0.999503493309021,0.999503493309021,DVB-T,0.9642222598195076,0.9642222598195076,8,0,0,False,both_correct,DVB-T|DVB-T|DVB-T|DVB-T|DVB-T|DVB-T|DVB-T|DVB-T,0.71698970|0.99989271|0.99987912|0.99993849|0.99997365|0.99886727|0.99921441|0.99902272,0.71698970|0.99989271|0.99987912|0.99993849|0.99997365|0.99886727|0.99921441|0.99902272
tr_external_uz_dvbt_f482_r08,98,8523,DVB-T,0.9994741082191467,0.9994741082191467,DVB-T,0.878348873462528,0.878348873462528,7,1,0,False,both_correct,DVB-T|DVB-T|DVB-T|DVB-T|DVB-T|DVB-T|LTE|DVB-T,0.99994159|0.99932301|0.99230546|0.99992073|0.99996710|0.99946040|0.96288455|0.99991608,0.99994159|0.99932301|0.99230546|0.99992073|0.99996710|0.99946040|0.03595663|0.99991608
tr_external_uz_dvbt_f482_r08,99,8524,DVB-T,0.9923296570777893,0.9923296570777893,DVB-T,0.8227911449503154,0.8227911449503154,7,1,0,False,both_correct,DVB-T|DVB-T|DVB-T|DVB-T|DVB-T|DVB-T|LTE|DVB-T,0.61228722|0.99988270|0.97606122|0.97486842|0.99736100|0.99808902|0.97333515|0.99820185,0.61228722|0.99988270|0.97606122|0.97486842|0.99736100|0.99808902|0.02557773|0.99820185
tr_external_uz_dvbt_f482_r08,100,8525,DVB-T,0.990985631942749,0.990985631942749,DVB-T,0.9437960311770439,0.9437960311770439,8,0,0,False,both_correct,DVB-T|DVB-T|DVB-T|DVB-T|DVB-T|DVB-T|DVB-T|DVB-T,0.99850911|0.58540183|0.97923821|0.99881458|0.98954099|0.99973947|0.99934882|0.99977523,0.99850911|0.58540183|0.97923821|0.99881458|0.98954099|0.99973947|0.99934882|0.99977523
tr_external_uz_dvbt_f482_r08,101,8526,DVB-T,0.9991366267204285,0.9991366267204285,DVB-T,0.9931735694408417,0.9931735694408417,8,0,0,False,both_correct,DVB-T|DVB-T|DVB-T|DVB-T|DVB-T|DVB-T|DVB-T|DVB-T,0.99960428|0.99858224|0.99994814|0.99854738|0.99983072|0.99897444|0.99792308|0.95197827,0.99960428|0.99858224|0.99994814|0.99854738|0.99983072|0.99897444|0.99792308|0.95197827
tr_external_uz_dvbt_f482_r08,102,8527,DVB-T,0.9993465542793274,0.9993465542793274,DVB-T,0.8009915322181769,0.8009915322181769,6,2,0,False,both_correct,LTE|DVB-T|DVB-T|DVB-T|LTE|DVB-T|DVB-T|DVB-T,0.99427807|0.99994659|0.98874491|0.99993324|0.58201951|0.99945134|0.99928987|0.99970943,0.00522566|0.99994659|0.98874491|0.99993324|0.41563120|0.99945134|0.99928987|0.99970943
tr_external_uz_dvbt_f482_r08,103,8528,DVB-T,0.9994947910308838,0.9994947910308838,DVB-T,0.8542415602132678,0.8542415602132678,7,1,0,False,both_correct,DVB-T|LTE|DVB-T|DVB-T|DVB-T|DVB-T|DVB-T|DVB-T,0.99973661|0.88413274|0.99987376|0.99991870|0.78879476|0.99994218|0.93389934|0.99997735,0.99973661|0.11178979|0.99987376|0.99991870|0.78879476|0.99994218|0.93389934|0.99997735
tr_external_uz_dvbt_f482_r08,104,8529,DVB-T,0.9995735287666321,0.9995735287666321,DVB-T,0.9727619588375092,0.9727619588375092,8,0,0,False,both_correct,DVB-T|DVB-T|DVB-T|DVB-T|DVB-T|DVB-T|DVB-T|DVB-T,0.99966824|0.99997592|0.99959010|0.99941778|0.99929965|0.99975783|0.99789053|0.78649563,0.99966824|0.99997592|0.99959010|0.99941778|0.99929965|0.99975783|0.99789053|0.78649563
tr_external_uz_dvbt_f482_r08,105,8530,DVB-T,0.99895179271698,0.99895179271698,DVB-T,0.8152599977329373,0.8152599977329373,7,1,0,False,both_correct,DVB-T|DVB-T|LTE|DVB-T|DVB-T|DVB-T|DVB-T|DVB-T,0.99932027|0.99780387|0.97979730|0.99980873|0.67690474|0.84131283|0.98962176|0.99779969,0.99932027|0.99780387|0.01950810|0.99980873|0.67690474|0.84131283|0.98962176|0.99779969
tr_external_uz_dvbt_f482_r08,106,8531,DVB-T,0.9994117021560669,0.9994117021560669,DVB-T,0.9904827401041985,0.9904827401041985,8,0,0,False,both_correct,DVB-T|DVB-T|DVB-T|DVB-T|DVB-T|DVB-T|DVB-T|DVB-T,0.99985540|0.94866198|0.99875915|0.99998653|0.99647993|0.99998248|0.98151737|0.99861908,0.99985540|0.94866198|0.99875915|0.99998653|0.99647993|0.99998248|0.98151737|0.99861908
tr_external_uz_dvbt_f482_r08,107,8532,DVB-T,0.989863932132721,0.989863932132721,DVB-T,0.9607313945889473,0.9607313945889473,8,0,0,False,both_correct,DVB-T|DVB-T|DVB-T|DVB-T|DVB-T|DVB-T|DVB-T|DVB-T,0.99995184|0.99855310|0.99998415|0.95534527|0.99922729|0.99976081|0.73312348|0.99990523,0.99995184|0.99855310|0.99998415|0.95534527|0.99922729|0.99976081|0.73312348|0.99990523
tr_external_uz_dvbt_f482_r08,108,8533,DVB-T,0.9992902278900146,0.9992902278900146,DVB-T,0.9337388761341572,0.9337388761341572,7,1,0,False,both_correct,LTE|DVB-T|DVB-T|DVB-T|DVB-T|DVB-T|DVB-T|DVB-T,0.52492911|0.99988973|0.99820089|0.99993908|0.99996591|0.99865073|0.99989605|0.99984097,0.47352764|0.99988973|0.99820089|0.99993908|0.99996591|0.99865073|0.99989605|0.99984097
tr_external_uz_dvbt_f482_r08,109,8534,DVB-T,0.9971550703048706,0.9971550703048706,DVB-T,0.9881258308887482,0.9881258308887482,8,0,0,False,both_correct,DVB-T|DVB-T|DVB-T|DVB-T|DVB-T|DVB-T|DVB-T|DVB-T,0.99881941|0.90929997|0.99995863|0.99937999|0.99993730|0.99986541|0.99783653|0.99990940,0.99881941|0.90929997|0.99995863|0.99937999|0.99993730|0.99986541|0.99783653|0.99990940
tr_external_uz_dvbt_f482_r08,110,8535,DVB-T,0.9993815422058105,0.9993815422058105,DVB-T,0.9822573140263557,0.9822573140263557,8,0,0,False,both_correct,DVB-T|DVB-T|DVB-T|DVB-T|DVB-T|DVB-T|DVB-T|DVB-T,0.99888939|0.99993432|0.99997497|0.99944943|0.99982762|0.87407047|0.98610979|0.99980253,0.99888939|0.99993432|0.99997497|0.99944943|0.99982762|0.87407047|0.98610979|0.99980253
tr_external_uz_dvbt_f482_r08,111,8536,DVB-T,0.9996097683906555,0.9996097683906555,DVB-T,0.9988569915294647,0.9988569915294647,8,0,0,False,both_correct,DVB-T|DVB-T|DVB-T|DVB-T|DVB-T|DVB-T|DVB-T|DVB-T,0.99993968|0.99994445|0.99991584|0.99691486|0.99998236|0.99672049|0.99747866|0.99995959,0.99993968|0.99994445|0.99991584|0.99691486|0.99998236|0.99672049|0.99747866|0.99995959
tr_external_uz_dvbt_f482_r08,112,8537,DVB-T,0.9994812607765198,0.9994812607765198,DVB-T,0.9452522993087769,0.9452522993087769,8,0,0,False,both_correct,DVB-T|DVB-T|DVB-T|DVB-T|DVB-T|DVB-T|DVB-T|DVB-T,0.99929702|0.99990618|0.98772627|0.98339927|0.99980420|0.99984682|0.59212530|0.99991333,0.99929702|0.99990618|0.98772627|0.98339927|0.99980420|0.99984682|0.59212530|0.99991333
tr_external_uz_dvbt_f482_r08,113,8538,DVB-T,0.9995033740997314,0.9995033740997314,DVB-T,0.975305862724781,0.975305862724781,8,0,0,False,both_correct,DVB-T|DVB-T|DVB-T|DVB-T|DVB-T|DVB-T|DVB-T|DVB-T,0.90293360|0.99983978|0.92524213|0.99982017|0.99999380|0.97566187|0.99991596|0.99903959,0.90293360|0.99983978|0.92524213|0.99982017|0.99999380|0.97566187|0.99991596|0.99903959
tr_external_uz_dvbt_f482_r08,114,8539,DVB-T,0.9995470643043518,0.9995470643043518,DVB-T,0.9328327104449272,0.9328327104449272,7,1,0,False,both_correct,DVB-T|DVB-T|DVB-T|DVB-T|DVB-T|DVB-T|LTE|DVB-T,0.99975556|0.99997199|0.97263235|0.99996579|0.99994838|0.99995470|0.50477493|0.99719536,0.99975556|0.99997199|0.97263235|0.99996579|0.99994838|0.99995470|0.49323756|0.99719536
tr_external_uz_dvbt_f482_r08,115,8540,DVB-T,0.9993315935134888,0.9993315935134888,DVB-T,0.9924252405762672,0.9924252405762672,8,0,0,False,both_correct,DVB-T|DVB-T|DVB-T|DVB-T|DVB-T|DVB-T|DVB-T|DVB-T,0.96947068|0.99993885|0.97910315|0.99995184|0.99931300|0.99990821|0.99177247|0.99994373,0.96947068|0.99993885|0.97910315|0.99995184|0.99931300|0.99990821|0.99177247|0.99994373
tr_external_uz_dvbt_f482_r08,116,8541,DVB-T,0.9979090690612793,0.9979090690612793,DVB-T,0.9765097945928574,0.9765097945928574,8,0,0,False,both_correct,DVB-T|DVB-T|DVB-T|DVB-T|DVB-T|DVB-T|DVB-T|DVB-T,0.99984002|0.99996829|0.96123272|0.99982172|0.85273230|0.99856818|0.99995267|0.99996245,0.99984002|0.99996829|0.96123272|0.99982172|0.85273230|0.99856818|0.99995267|0.99996245
tr_external_uz_dvbt_f482_r08,117,8542,DVB-T,0.9996155500411987,0.9996155500411987,DVB-T,0.9991264343261719,0.9991264343261719,8,0,0,False,both_correct,DVB-T|DVB-T|DVB-T|DVB-T|DVB-T|DVB-T|DVB-T|DVB-T,0.99987686|0.99769515|0.99975663|0.99992478|0.99997663|0.99989116|0.99995482|0.99593544,0.99987686|0.99769515|0.99975663|0.99992478|0.99997663|0.99989116|0.99995482|0.99593544
tr_external_uz_dvbt_f482_r08,118,8543,DVB-T,0.9990065693855286,0.9990065693855286,DVB-T,0.9796135723590851,0.9796135723590851,8,0,0,False,both_correct,DVB-T|DVB-T|DVB-T|DVB-T|DVB-T|DVB-T|DVB-T|DVB-T,0.99813014|0.99996376|0.99919897|0.99997771|0.99998617|0.83991045|0.99976403|0.99997735,0.99813014|0.99996376|0.99919897|0.99997771|0.99998617|0.83991045|0.99976403|0.99997735
tr_external_uz_dvbt_f482_r08,119,8544,DVB-T,0.9982008934020996,0.9982008934020996,DVB-T,0.9544976577162743,0.9544976577162743,8,0,0,False,both_correct,DVB-T|DVB-T|DVB-T|DVB-T|DVB-T|DVB-T|DVB-T|DVB-T,0.99994552|0.73298299|0.91458088|0.99992990|0.99996471|0.98902774|0.99967313|0.99987638,0.99994552|0.73298299|0.91458088|0.99992990|0.99996471|0.98902774|0.99967313|0.99987638
tr_external_uz_dvbt_f482_r08,120,8545,DVB-T,0.9996647834777832,0.9996647834777832,DVB-T,0.9271386712789536,0.9271386712789536,7,1,0,False,both_correct,LTE|DVB-T|DVB-T|DVB-T|DVB-T|DVB-T|DVB-T|DVB-T,0.57954431|0.99988353|0.99949419|0.99994135|0.99922645|0.99981385|0.99994993|0.99994481,0.41885525|0.99988353|0.99949419|0.99994135|0.99922645|0.99981385|0.99994993|0.99994481
tr_external_uz_dvbt_f482_r08,121,8546,DVB-T,0.9993593096733093,0.9993593096733093,DVB-T,0.9734934717416763,0.9734934717416763,8,0,0,False,both_correct,DVB-T|DVB-T|DVB-T|DVB-T|DVB-T|DVB-T|DVB-T|DVB-T,0.99996340|0.99998438|0.99999368|0.80649674|0.99979609|0.99948812|0.99192375|0.99030161,0.99996340|0.99998438|0.99999368|0.80649674|0.99979609|0.99948812|0.99192375|0.99030161
tr_external_uz_dvbt_f482_r08,122,8547,DVB-T,0.9987057447433472,0.9987057447433472,DVB-T,0.9972585886716843,0.9972585886716843,8,0,0,False,both_correct,DVB-T|DVB-T|DVB-T|DVB-T|DVB-T|DVB-T|DVB-T|DVB-T,0.99991548|0.99961412|0.99998641|0.99980289|0.99994397|0.97956330|0.99946159|0.99978095,0.99991548|0.99961412|0.99998641|0.99980289|0.99994397|0.97956330|0.99946159|0.99978095
tr_external_uz_dvbt_f482_r08,123,8548,DVB-T,0.9996404647827148,0.9996404647827148,DVB-T,0.9995894357562065,0.9995894357562065,8,0,0,False,both_correct,DVB-T|DVB-T|DVB-T|DVB-T|DVB-T|DVB-T|DVB-T|DVB-T,0.99807394|0.99992108|0.99998331|0.99998796|0.99986076|0.99962652|0.99936455|0.99989736,0.99807394|0.99992108|0.99998331|0.99998796|0.99986076|0.99962652|0.99936455|0.99989736
tr_external_uz_dvbt_f482_r08,124,8549,DVB-T,0.9992092251777649,0.9992092251777649,DVB-T,0.9503197595477104,0.9503197595477104,8,0,0,False,both_correct,DVB-T|DVB-T|DVB-T|DVB-T|DVB-T|DVB-T|DVB-T|DVB-T,0.99958473|0.98893040|0.99980968|0.99583262|0.61876285|0.99994445|0.99994910|0.99974424,0.99958473|0.98893040|0.99980968|0.99583262|0.61876285|0.99994445|0.99994910|0.99974424
tr_external_uz_dvbt_f482_r08,125,8550,DVB-T,0.9988730549812317,0.9988730549812317,DVB-T,0.9853257536888123,0.9853257536888123,8,0,0,False,both_correct,DVB-T|DVB-T|DVB-T|DVB-T|DVB-T|DVB-T|DVB-T|DVB-T,0.99990380|0.99998343|0.99996161|0.90040934|0.99389148|0.99984777|0.99913895|0.98946965,0.99990380|0.99998343|0.99996161|0.90040934|0.99389148|0.99984777|0.99913895|0.98946965
tr_external_uz_dvbt_f482_r08,126,8551,DVB-T,0.9992057681083679,0.9992057681083679,DVB-T,0.9974749311804771,0.9974749311804771,8,0,0,False,both_correct,DVB-T|DVB-T|DVB-T|DVB-T|DVB-T|DVB-T|DVB-T|DVB-T,0.99593228|0.99583322|0.99995875|0.99993181|0.99807382|0.99990404|0.99995887|0.99020666,0.99593228|0.99583322|0.99995875|0.99993181|0.99807382|0.99990404|0.99995887|0.99020666
tr_external_uz_dvbt_f482_r08,127,8552,DVB-T,0.999395489692688,0.999395489692688,DVB-T,0.9922605231404305,0.9922605231404305,8,0,0,False,both_correct,DVB-T|DVB-T|DVB-T|DVB-T|DVB-T|DVB-T|DVB-T|DVB-T,0.99996042|0.99602675|0.97825509|0.99986851|0.99905890|0.99958044|0.96535659|0.99997747,0.99996042|0.99602675|0.97825509|0.99986851|0.99905890|0.99958044|0.96535659|0.99997747
tr_external_uz_dvbt_f482_r08,128,8553,DVB-T,0.9993804693222046,0.9993804693222046,DVB-T,0.9998809248209,0.9998809248209,8,0,0,False,both_correct,DVB-T|DVB-T|DVB-T|DVB-T|DVB-T|DVB-T|DVB-T|DVB-T,0.99989033|0.99980325|0.99984944|0.99992669|0.99979573|0.99988794|0.99998128|0.99991274,0.99989033|0.99980325|0.99984944|0.99992669|0.99979573|0.99988794|0.99998128|0.99991274
tr_external_uz_dvbt_f482_r08,129,8554,DVB-T,0.9982800483703613,0.9982800483703613,DVB-T,0.9968493580818176,0.9968493580818176,8,0,0,False,both_correct,DVB-T|DVB-T|DVB-T|DVB-T|DVB-T|DVB-T|DVB-T|DVB-T,0.99906868|0.99901009|0.99996233|0.99296772|0.99998593|0.99453497|0.99575400|0.99351114,0.99906868|0.99901009|0.99996233|0.99296772|0.99998593|0.99453497|0.99575400|0.99351114
tr_external_uz_dvbt_f482_r08,130,8555,DVB-T,0.9989018440246582,0.9989018440246582,DVB-T,0.9955424517393112,0.9955424517393112,8,0,0,False,both_correct,DVB-T|DVB-T|DVB-T|DVB-T|DVB-T|DVB-T|DVB-T|DVB-T,0.98285013|0.99906188|0.99978954|0.99988067|0.98328042|0.99998653|0.99955505|0.99993539,0.98285013|0.99906188|0.99978954|0.99988067|0.98328042|0.99998653|0.99955505|0.99993539
tr_external_uz_dvbt_f482_r08,131,8556,DVB-T,0.999468982219696,0.999468982219696,DVB-T,0.9057263620197773,0.9057263620197773,7,1,0,False,both_correct,DVB-T|DVB-T|DVB-T|LTE|DVB-T|DVB-T|DVB-T|DVB-T,0.98556352|0.99998093|0.99994254|0.69630474|0.99998081|0.99994218|0.99993825|0.95867187,0.98556352|0.99998093|0.99994254|0.30179080|0.99998081|0.99994218|0.99993825|0.95867187
tr_external_uz_dvbt_f482_r08,132,8557,DVB-T,0.9994681477546692,0.9994681477546692,DVB-T,0.9990816563367844,0.9990816563367844,8,0,0,False,both_correct,DVB-T|DVB-T|DVB-T|DVB-T|DVB-T|DVB-T|DVB-T|DVB-T,0.99997520|0.99992216|0.99993980|0.99976462|0.99374443|0.99973053|0.99960595|0.99997056,0.99997520|0.99992216|0.99993980|0.99976462|0.99374443|0.99973053|0.99960595|0.99997056
tr_external_uz_dvbt_f482_r08,133,8558,DVB-T,0.9994090795516968,0.9994090795516968,DVB-T,0.9983128234744072,0.9983128234744072,8,0,0,False,both_correct,DVB-T|DVB-T|DVB-T|DVB-T|DVB-T|DVB-T|DVB-T|DVB-T,0.99997151|0.99997962|0.99460101|0.99945515|0.99979383|0.99346077|0.99996293|0.99927777,0.99997151|0.99997962|0.99460101|0.99945515|0.99979383|0.99346077|0.99996293|0.99927777
tr_external_uz_dvbt_f482_r08,134,8559,DVB-T,0.997771680355072,0.997771680355072,DVB-T,0.9947982430458069,0.9947982430458069,8,0,0,False,both_correct,DVB-T|DVB-T|DVB-T|DVB-T|DVB-T|DVB-T|DVB-T|DVB-T,0.95979542|0.99997520|0.99981970|0.99935502|0.99996924|0.99997997|0.99956590|0.99992549,0.95979542|0.99997520|0.99981970|0.99935502|0.99996924|0.99997997|0.99956590|0.99992549
tr_external_uz_dvbt_f482_r08,135,8560,DVB-T,0.9993658661842346,0.9993658661842346,DVB-T,0.9977035447955132,0.9977035447955132,8,0,0,False,both_correct,DVB-T|DVB-T|DVB-T|DVB-T|DVB-T|DVB-T|DVB-T|DVB-T,0.99998212|0.99997389|0.99972790|0.98496419|0.99996316|0.99710447|0.99994385|0.99996877,0.99998212|0.99997389|0.99972790|0.98496419|0.99996316|0.99710447|0.99994385|0.99996877
tr_external_uz_dvbt_f482_r08,136,8561,DVB-T,0.9992653727531433,0.9992653727531433,DVB-T,0.9993403628468513,0.9993403628468513,8,0,0,False,both_correct,DVB-T|DVB-T|DVB-T|DVB-T|DVB-T|DVB-T|DVB-T|DVB-T,0.99999452|0.99996972|0.99997318|0.99766231|0.99991608|0.99998343|0.99801540|0.99920827,0.99999452|0.99996972|0.99997318|0.99766231|0.99991608|0.99998343|0.99801540|0.99920827
tr_external_uz_dvbt_f482_r08,137,8562,DVB-T,0.9995383024215698,0.9995383024215698,DVB-T,0.9995127767324448,0.9995127767324448,8,0,0,False,both_correct,DVB-T|DVB-T|DVB-T|DVB-T|DVB-T|DVB-T|DVB-T|DVB-T,0.99998331|0.99992776|0.99992871|0.99999106|0.99988723|0.99992025|0.99908698|0.99737692,0.99998331|0.99992776|0.99992871|0.99999106|0.99988723|0.99992025|0.99908698|0.99737692
tr_external_uz_dvbt_f482_r08,138,8563,DVB-T,0.9989228844642639,0.9989228844642639,DVB-T,0.9366751872003078,0.9366751872003078,7,1,0,False,both_correct,LTE|DVB-T|DVB-T|DVB-T|DVB-T|DVB-T|DVB-T|DVB-T,0.50343043|0.99993360|0.99988604|0.99995327|0.99850047|0.99991143|0.99960691|0.99998367,0.49562612|0.99993360|0.99988604|0.99995327|0.99850047|0.99991143|0.99960691|0.99998367
tr_external_uz_dvbt_f482_r08,139,8564,DVB-T,0.9996436834335327,0.9996436834335327,DVB-T,0.9989771172404289,0.9989771172404289,8,0,0,False,both_correct,DVB-T|DVB-T|DVB-T|DVB-T|DVB-T|DVB-T|DVB-T|DVB-T,0.99883884|0.99989867|0.99976844|0.99979621|0.99513853|0.99885857|0.99977940|0.99973828,0.99883884|0.99989867|0.99976844|0.99979621|0.99513853|0.99885857|0.99977940|0.99973828
tr_external_uz_dvbt_f482_r08,140,8565,DVB-T,0.9995056390762329,0.9995056390762329,DVB-T,0.8778116728644818,0.8778116728644818,7,1,0,False,both_correct,DVB-T|DVB-T|DVB-T|DVB-T|DVB-T|LTE|DVB-T|DVB-T,0.99987781|0.99998915|0.99988186|0.99994528|0.99996758|0.97628695|0.99985111|0.99994290,0.99987781|0.99998915|0.99988186|0.99994528|0.99996758|0.02303769|0.99985111|0.99994290
tr_external_uz_dvbt_f482_r08,141,8566,DVB-T,0.9996223449707031,0.9996223449707031,DVB-T,0.9994713664054871,0.9994713664054871,8,0,0,False,both_correct,DVB-T|DVB-T|DVB-T|DVB-T|DVB-T|DVB-T|DVB-T|DVB-T,0.99998665|0.99994504|0.99885118|0.99997950|0.99962294|0.99990690|0.99998474|0.99749398,0.99998665|0.99994504|0.99885118|0.99997950|0.99962294|0.99990690|0.99998474|0.99749398
tr_external_uz_dvbt_f482_r08,142,8567,DVB-T,0.9993485808372498,0.9993485808372498,DVB-T,0.9995242059230804,0.9995242059230804,8,0,0,False,both_correct,DVB-T|DVB-T|DVB-T|DVB-T|DVB-T|DVB-T|DVB-T|DVB-T,0.99924004|0.99997222|0.99850559|0.99986660|0.99953866|0.99997294|0.99915004|0.99994755,0.99924004|0.99997222|0.99850559|0.99986660|0.99953866|0.99997294|0.99915004|0.99994755
tr_external_uz_dvbt_f482_r08,143,8568,DVB-T,0.9992886781692505,0.9992886781692505,DVB-T,0.9453305155038834,0.9453305155038834,8,0,0,False,both_correct,DVB-T|DVB-T|DVB-T|DVB-T|DVB-T|DVB-T|DVB-T|DVB-T,0.57969606|0.99998212|0.99903119|0.99994934|0.98471051|0.99946409|0.99983978|0.99997103,0.57969606|0.99998212|0.99903119|0.99994934|0.98471051|0.99946409|0.99983978|0.99997103
tr_external_uz_dvbt_f482_r08,144,8569,DVB-T,0.9994494318962097,0.9994494318962097,DVB-T,0.9741882234811783,0.9741882234811783,8,0,0,False,both_correct,DVB-T|DVB-T|DVB-T|DVB-T|DVB-T|DVB-T|DVB-T|DVB-T,0.99892515|0.99998641|0.82313311|0.99998534|0.97244960|0.99996960|0.99909735|0.99995923,0.99892515|0.99998641|0.82313311|0.99998534|0.97244960|0.99996960|0.99909735|0.99995923
tr_external_uz_dvbt_f482_r08,145,8570,DVB-T,0.9990140199661255,0.9990140199661255,DVB-T,0.9992795437574387,0.9992795437574387,8,0,0,False,both_correct,DVB-T|DVB-T|DVB-T|DVB-T|DVB-T|DVB-T|DVB-T|DVB-T,0.99991608|0.99633670|0.99945837|0.99997437|0.99990880|0.99994779|0.99872226|0.99997199,0.99991608|0.99633670|0.99945837|0.99997437|0.99990880|0.99994779|0.99872226|0.99997199
tr_external_uz_dvbt_f482_r08,146,8571,DVB-T,0.998582124710083,0.998582124710083,DVB-T,0.8128910139203072,0.8128910139203072,6,2,0,False,both_correct,DVB-T|DVB-T|DVB-T|DVB-T|LTE|DVB-T|LTE|DVB-T,0.85193396|0.99663132|0.99998283|0.99985433|0.70293564|0.99984682|0.63917065|0.99997580,0.85193396|0.99663132|0.99998283|0.99985433|0.29548270|0.99984682|0.35942036|0.99997580
tr_external_uz_dvbt_f482_r08,147,8572,DVB-T,0.999313235282898,0.999313235282898,DVB-T,0.9802474156022072,0.9802474156022072,8,0,0,False,both_correct,DVB-T|DVB-T|DVB-T|DVB-T|DVB-T|DVB-T|DVB-T|DVB-T,0.91840225|0.99990213|0.99983525|0.94965053|0.99871230|0.99833149|0.97741699|0.99972838,0.91840225|0.99990213|0.99983525|0.94965053|0.99871230|0.99833149|0.97741699|0.99972838
tr_external_uz_dvbt_f482_r08,148,8573,DVB-T,0.9993461966514587,0.9993461966514587,DVB-T,0.9993708580732346,0.9993708580732346,8,0,0,False,both_correct,DVB-T|DVB-T|DVB-T|DVB-T|DVB-T|DVB-T|DVB-T|DVB-T,0.99970776|0.99852401|0.99987245|0.99998617|0.99826658|0.99975067|0.99997258|0.99888664,0.99970776|0.99852401|0.99987245|0.99998617|0.99826658|0.99975067|0.99997258|0.99888664
tr_external_uz_dvbt_f482_r08,149,8574,DVB-T,0.9996057152748108,0.9996057152748108,DVB-T,0.999788224697113,0.999788224697113,8,0,0,False,both_correct,DVB-T|DVB-T|DVB-T|DVB-T|DVB-T|DVB-T|DVB-T|DVB-T,0.99998927|0.99989128|0.99957949|0.99980789|0.99974340|0.99993265|0.99999058|0.99937123,0.99998927|0.99989128|0.99957949|0.99980789|0.99974340|0.99993265|0.99999058|0.99937123
tr_external_uz_dvbt_f482_r08,150,8575,DVB-T,0.9995059967041016,0.9995059967041016,DVB-T,0.9902400076389313,0.9902400076389313,8,0,0,False,both_correct,DVB-T|DVB-T|DVB-T|DVB-T|DVB-T|DVB-T|DVB-T|DVB-T,0.99993229|0.93083555|0.99985886|0.99894804|0.99638391|0.99998176|0.99988163|0.99609804,0.99993229|0.93083555|0.99985886|0.99894804|0.99638391|0.99998176|0.99988163|0.99609804
tr_external_uz_dvbt_f482_r08,151,8576,DVB-T,0.9969038367271423,0.9969038367271423,DVB-T,0.8170742448419333,0.8170742448419333,6,2,0,False,both_correct,DVB-T|LTE|DVB-T|DVB-T|DVB-T|DVB-T|LTE|DVB-T,0.99870527|0.84718078|0.99949384|0.99992085|0.98765355|0.99985409|0.59363341|0.99484468,0.99870527|0.15108080|0.99949384|0.99992085|0.98765355|0.99985409|0.40504089|0.99484468
tr_external_uz_dvbt_f482_r08,152,8577,DVB-T,0.9984652996063232,0.9984652996063232,DVB-T,0.9892232120037079,0.9892232120037079,8,0,0,False,both_correct,DVB-T|DVB-T|DVB-T|DVB-T|DVB-T|DVB-T|DVB-T|DVB-T,0.99198020|0.99991524|0.99928302|0.92378420|0.99944574|0.99976593|0.99996400|0.99964738,0.99198020|0.99991524|0.99928302|0.92378420|0.99944574|0.99976593|0.99996400|0.99964738
tr_external_uz_dvbt_f482_r08,153,8578,DVB-T,0.9995959401130676,0.9995959401130676,DVB-T,0.9997184500098228,0.9997184500098228,8,0,0,False,both_correct,DVB-T|DVB-T|DVB-T|DVB-T|DVB-T|DVB-T|DVB-T|DVB-T,0.99890471|0.99996686|0.99939930|0.99970430|0.99986708|0.99998748|0.99994063|0.99997723,0.99890471|0.99996686|0.99939930|0.99970430|0.99986708|0.99998748|0.99994063|0.99997723
tr_external_uz_dvbt_f482_r08,154,8579,DVB-T,0.9994844198226929,0.9994844198226929,DVB-T,0.9982195496559143,0.9982195496559143,8,0,0,False,both_correct,DVB-T|DVB-T|DVB-T|DVB-T|DVB-T|DVB-T|DVB-T|DVB-T,0.99786049|0.99130756|0.99985743|0.99876547|0.99854040|0.99991846|0.99951613|0.99999046,0.99786049|0.99130756|0.99985743|0.99876547|0.99854040|0.99991846|0.99951613|0.99999046
tr_external_uz_dvbt_f482_r08,155,8580,DVB-T,0.9993059635162354,0.9993059635162354,DVB-T,0.9984447062015533,0.9984447062015533,8,0,0,False,both_correct,DVB-T|DVB-T|DVB-T|DVB-T|DVB-T|DVB-T|DVB-T|DVB-T,0.99943858|0.99787903|0.99929428|0.99997771|0.99350500|0.99974507|0.99779654|0.99992144,0.99943858|0.99787903|0.99929428|0.99997771|0.99350500|0.99974507|0.99779654|0.99992144
tr_external_uz_dvbt_f482_r08,156,8581,DVB-T,0.9993864297866821,0.9993864297866821,DVB-T,0.9721239507198334,0.9721239507198334,8,0,0,False,both_correct,DVB-T|DVB-T|DVB-T|DVB-T|DVB-T|DVB-T|DVB-T|DVB-T,0.99986303|0.99998128|0.99940300|0.99993551|0.99993825|0.78650928|0.99909735|0.99226391,0.99986303|0.99998128|0.99940300|0.99993551|0.99993825|0.78650928|0.99909735|0.99226391
tr_external_uz_dvbt_f482_r08,157,8582,DVB-T,0.999643087387085,0.999643087387085,DVB-T,0.9933563768863678,0.9933563768863678,8,0,0,False,both_correct,DVB-T|DVB-T|DVB-T|DVB-T|DVB-T|DVB-T|DVB-T|DVB-T,0.99920779|0.97105306|0.99941957|0.99982721|0.99986029|0.98537886|0.99993384|0.99217039,0.99920779|0.97105306|0.99941957|0.99982721|0.99986029|0.98537886|0.99993384|0.99217039
tr_external_uz_dvbt_f482_r08,158,8583,DVB-T,0.999480664730072,0.999480664730072,DVB-T,0.8218620494008064,0.8218620494008064,6,2,0,False,both_correct,DVB-T|DVB-T|DVB-T|LTE|DVB-T|LTE|DVB-T|DVB-T,0.99745637|0.99939740|0.99997938|0.73514694|0.99965334|0.67436790|0.99407023|0.99943906,0.99745637|0.99939740|0.99997938|0.26078621|0.99965334|0.32411441|0.99407023|0.99943906
tr_external_uz_dvbt_f482_r08,159,8584,DVB-T,0.99907386302948,0.99907386302948,DVB-T,0.9944117739796638,0.9944117739796638,8,0,0,False,both_correct,DVB-T|DVB-T|DVB-T|DVB-T|DVB-T|DVB-T|DVB-T|DVB-T,0.99985325|0.99955004|0.99985421|0.99996150|0.99986410|0.99865085|0.95932913|0.99823111,0.99985325|0.99955004|0.99985421|0.99996150|0.99986410|0.99865085|0.95932913|0.99823111
tr_external_uz_dvbt_f482_r08,160,8585,DVB-T,0.999622106552124,0.999622106552124,DVB-T,0.9646968469023705,0.9646968469023705,8,0,0,False,both_correct,DVB-T|DVB-T|DVB-T|DVB-T|DVB-T|DVB-T|DVB-T|DVB-T,0.99660647|0.99741542|0.99995148|0.72748792|0.99992847|0.99984515|0.99996221|0.99637765,0.99660647|0.99741542|0.99995148|0.72748792|0.99992847|0.99984515|0.99996221|0.99637765
tr_external_uz_dvbt_f482_r08,161,8586,DVB-T,0.9994994401931763,0.9994994401931763,DVB-T,0.997846283018589,0.997846283018589,8,0,0,False,both_correct,DVB-T|DVB-T|DVB-T|DVB-T|DVB-T|DVB-T|DVB-T|DVB-T,0.99954057|0.99991012|0.99804521|0.99993646|0.99987781|0.99996650|0.99639916|0.98909444,0.99954057|0.99991012|0.99804521|0.99993646|0.99987781|0.99996650|0.99639916|0.98909444
tr_external_uz_dvbt_f482_r08,162,8587,DVB-T,0.9995701909065247,0.9995701909065247,DVB-T,0.9870026186108589,0.9870026186108589,8,0,0,False,both_correct,DVB-T|DVB-T|DVB-T|DVB-T|DVB-T|DVB-T|DVB-T|DVB-T,0.93217766|0.98819590|0.97687191|0.99979395|0.99994624|0.99910575|0.99998701|0.99994254,0.93217766|0.98819590|0.97687191|0.99979395|0.99994624|0.99910575|0.99998701|0.99994254
tr_external_uz_dvbt_f482_r08,163,8588,DVB-T,0.9992660880088806,0.9992660880088806,DVB-T,0.9292343035340309,0.9292343035340309,7,1,0,False,both_correct,DVB-T|DVB-T|LTE|DVB-T|DVB-T|DVB-T|DVB-T|DVB-T,0.93954414|0.99981815|0.50153524|0.99963951|0.99944717|0.99988568|0.99995422|0.99995184,0.93954414|0.99981815|0.49563372|0.99963951|0.99944717|0.99988568|0.99995422|0.99995184
tr_external_uz_dvbt_f482_r08,164,8589,DVB-T,0.9995367527008057,0.9995367527008057,DVB-T,0.9997217282652855,0.9997217282652855,8,0,0,False,both_correct,DVB-T|DVB-T|DVB-T|DVB-T|DVB-T|DVB-T|DVB-T|DVB-T,0.99984121|0.99960381|0.99945992|0.99995184|0.99998069|0.99987531|0.99911684|0.99994421,0.99984121|0.99960381|0.99945992|0.99995184|0.99998069|0.99987531|0.99911684|0.99994421
tr_external_uz_dvbt_f482_r08,165,8590,DVB-T,0.999262273311615,0.999262273311615,DVB-T,0.9984542652964592,0.9984542652964592,8,0,0,False,both_correct,DVB-T|DVB-T|DVB-T|DVB-T|DVB-T|DVB-T|DVB-T|DVB-T,0.99240911|0.99898297|0.99993885|0.99991572|0.99679190|0.99983239|0.99981540|0.99994779,0.99240911|0.99898297|0.99993885|0.99991572|0.99679190|0.99983239|0.99981540|0.99994779
tr_external_uz_dvbt_f482_r08,166,8591,DVB-T,0.9977520108222961,0.9977520108222961,DVB-T,0.8850578740239143,0.8850578740239143,8,0,0,False,both_correct,DVB-T|DVB-T|DVB-T|DVB-T|DVB-T|DVB-T|DVB-T|DVB-T,0.54186666|0.94381893|0.98879445|0.99976438|0.99805105|0.61017686|0.99809974|0.99989092,0.54186666|0.94381893|0.98879445|0.99976438|0.99805105|0.61017686|0.99809974|0.99989092
tr_external_uz_dvbt_f482_r08,167,8592,DVB-T,0.9991993308067322,0.9991993308067322,DVB-T,0.9412165731191635,0.9412165731191635,8,0,0,False,both_correct,DVB-T|DVB-T|DVB-T|DVB-T|DVB-T|DVB-T|DVB-T|DVB-T,0.53307825|0.99900973|0.99985337|0.99818736|0.99982786|0.99993169|0.99996817|0.99987614,0.53307825|0.99900973|0.99985337|0.99818736|0.99982786|0.99993169|0.99996817|0.99987614
tr_external_uz_dvbt_f482_r08,168,8593,DVB-T,0.9983324408531189,0.9983324408531189,DVB-T,0.998220793902874,0.998220793902874,8,0,0,False,both_correct,DVB-T|DVB-T|DVB-T|DVB-T|DVB-T|DVB-T|DVB-T|DVB-T,0.99995327|0.98710477|0.99992299|0.99969673|0.99952173|0.99983573|0.99978179|0.99994934,0.99995327|0.98710477|0.99992299|0.99969673|0.99952173|0.99983573|0.99978179|0.99994934
tr_external_uz_dvbt_f482_r08,169,8594,DVB-T,0.9992642998695374,0.9992642998695374,DVB-T,0.9967317804694176,0.9967317804694176,8,0,0,False,both_correct,DVB-T|DVB-T|DVB-T|DVB-T|DVB-T|DVB-T|DVB-T|DVB-T,0.99952674|0.99998343|0.98859495|0.99935097|0.98772663|0.99997330|0.99876738|0.99993086,0.99952674|0.99998343|0.98859495|0.99935097|0.98772663|0.99997330|0.99876738|0.99993086
tr_external_uz_dvbt_f482_r08,170,8595,DVB-T,0.9996029734611511,0.9996029734611511,DVB-T,0.9985686168074608,0.9985686168074608,8,0,0,False,both_correct,DVB-T|DVB-T|DVB-T|DVB-T|DVB-T|DVB-T|DVB-T|DVB-T,0.99994218|0.99996316|0.99086678|0.99995983|0.99925512|0.99989402|0.99952471|0.99914312,0.99994218|0.99996316|0.99086678|0.99995983|0.99925512|0.99989402|0.99952471|0.99914312
tr_external_uz_dvbt_f482_r08,171,8596,DVB-T,0.9988671541213989,0.9988671541213989,DVB-T,0.9929926544427872,0.9929926544427872,8,0,0,False,both_correct,DVB-T|DVB-T|DVB-T|DVB-T|DVB-T|DVB-T|DVB-T|DVB-T,0.99993753|0.96812660|0.99998081|0.99956840|0.99417144|0.99998569|0.99999261|0.98217815,0.99993753|0.96812660|0.99998081|0.99956840|0.99417144|0.99998569|0.99999261|0.98217815
tr_external_uz_dvbt_f482_r08,172,8597,DVB-T,0.9983869791030884,0.9983869791030884,DVB-T,0.9983475655317307,0.9983475655317307,8,0,0,False,both_correct,DVB-T|DVB-T|DVB-T|DVB-T|DVB-T|DVB-T|DVB-T|DVB-T,0.99996221|0.99994481|0.99995363|0.99972600|0.99882466|0.99993396|0.98888797|0.99954730,0.99996221|0.99994481|0.99995363|0.99972600|0.99882466|0.99993396|0.98888797|0.99954730
tr_external_uz_dvbt_f482_r08,173,8598,DVB-T,0.9996612071990967,0.9996612071990967,DVB-T,0.9864527583122253,0.9864527583122253,8,0,0,False,both_correct,DVB-T|DVB-T|DVB-T|DVB-T|DVB-T|DVB-T|DVB-T|DVB-T,0.99965882|0.99999189|0.89591861|0.99723405|0.99972826|0.99916649|0.99997592|0.99994802,0.99965882|0.99999189|0.89591861|0.99723405|0.99972826|0.99916649|0.99997592|0.99994802
tr_external_uz_dvbt_f482_r08,174,8599,DVB-T,0.9993108510971069,0.9993108510971069,DVB-T,0.9965128004550934,0.9965128004550934,8,0,0,False,both_correct,DVB-T|DVB-T|DVB-T|DVB-T|DVB-T|DVB-T|DVB-T|DVB-T,0.99435520|0.99989402|0.99986482|0.99243516|0.99815685|0.99987543|0.99982411|0.98769683,0.99435520|0.99989402|0.99986482|0.99243516|0.99815685|0.99987543|0.99982411|0.98769683
tr_external_uz_dvbt_f482_r08,175,8600,DVB-T,0.9989783763885498,0.9989783763885498,DVB-T,0.9998380020260811,0.9998380020260811,8,0,0,False,both_correct,DVB-T|DVB-T|DVB-T|DVB-T|DVB-T|DVB-T|DVB-T|DVB-T,0.99997556|0.99979705|0.99994493|0.99981827|0.99997199|0.99965549|0.99970239|0.99983835,0.99997556|0.99979705|0.99994493|0.99981827|0.99997199|0.99965549|0.99970239|0.99983835
tr_external_uz_dvbt_f482_r08,176,8601,DVB-T,0.9994040727615356,0.9994040727615356,DVB-T,0.9613412022590637,0.9613412022590637,8,0,0,False,both_correct,DVB-T|DVB-T|DVB-T|DVB-T|DVB-T|DVB-T|DVB-T|DVB-T,0.99996388|0.99914205|0.70169878|0.99072111|0.99984002|0.99995184|0.99970418|0.99970776,0.99996388|0.99914205|0.70169878|0.99072111|0.99984002|0.99995184|0.99970418|0.99970776
tr_external_uz_dvbt_f482_r08,177,8602,DVB-T,0.9995526671409607,0.9995526671409607,DVB-T,0.9985344409942627,0.9985344409942627,8,0,0,False,both_correct,DVB-T|DVB-T|DVB-T|DVB-T|DVB-T|DVB-T|DVB-T|DVB-T,0.99996960|0.99981600|0.99990177|0.99989724|0.99725360|0.99957699|0.99224854|0.99961179,0.99996960|0.99981600|0.99990177|0.99989724|0.99725360|0.99957699|0.99224854|0.99961179
tr_external_uz_dvbt_f482_r08,178,8603,DVB-T,0.9993616938591003,0.9993616938591003,DVB-T,0.9999026730656624,0.9999026730656624,8,0,0,False,both_correct,DVB-T|DVB-T|DVB-T|DVB-T|DVB-T|DVB-T|DVB-T|DVB-T,0.99991083|0.99990690|0.99993336|0.99986541|0.99995315|0.99987483|0.99998665|0.99979025,0.99991083|0.99990690|0.99993336|0.99986541|0.99995315|0.99987483|0.99998665|0.99979025
tr_external_uz_dvbt_f482_r08,179,8604,DVB-T,0.9993919134140015,0.9993919134140015,DVB-T,0.999835193157196,0.999835193157196,8,0,0,False,both_correct,DVB-T|DVB-T|DVB-T|DVB-T|DVB-T|DVB-T|DVB-T|DVB-T,0.99991882|0.99995637|0.99997234|0.99918264|0.99998522|0.99994361|0.99997580|0.99974674,0.99991882|0.99995637|0.99997234|0.99918264|0.99998522|0.99994361|0.99997580|0.99974674
tr_external_uz_dvbt_f482_r08,180,8605,DVB-T,0.9996887445449829,0.9996887445449829,DVB-T,0.9998806267976761,0.9998806267976761,8,0,0,False,both_correct,DVB-T|DVB-T|DVB-T|DVB-T|DVB-T|DVB-T|DVB-T|DVB-T,0.99993384|0.99994278|0.99985993|0.99998903|0.99994218|0.99990880|0.99996960|0.99949884,0.99993384|0.99994278|0.99985993|0.99998903|0.99994218|0.99990880|0.99996960|0.99949884
tr_external_uz_dvbt_f482_r08,181,8606,DVB-T,0.9992889165878296,0.9992889165878296,DVB-T,0.9976742565631866,0.9976742565631866,8,0,0,False,both_correct,DVB-T|DVB-T|DVB-T|DVB-T|DVB-T|DVB-T|DVB-T|DVB-T,0.99998307|0.99843174|0.99997532|0.99997532|0.99828440|0.99997485|0.98584658|0.99892277,0.99998307|0.99843174|0.99997532|0.99997532|0.99828440|0.99997485|0.98584658|0.99892277
tr_external_uz_dvbt_f482_r08,182,8607,DVB-T,0.9984960556030273,0.9984960556030273,DVB-T,0.9999078437685966,0.9999078437685966,8,0,0,False,both_correct,DVB-T|DVB-T|DVB-T|DVB-T|DVB-T|DVB-T|DVB-T|DVB-T,0.99984872|0.99994016|0.99978656|0.99989271|0.99998271|0.99997389|0.99994361|0.99989438,0.99984872|0.99994016|0.99978656|0.99989271|0.99998271|0.99997389|0.99994361|0.99989438
tr_external_uz_dvbt_f482_r08,183,8608,DVB-T,0.9992031455039978,0.9992031455039978,DVB-T,0.9991516843438148,0.9991516843438148,8,0,0,False,both_correct,DVB-T|DVB-T|DVB-T|DVB-T|DVB-T|DVB-T|DVB-T|DVB-T,0.99998605|0.99986935|0.99585575|0.99995315|0.99990749|0.99950254|0.99996781|0.99817133,0.99998605|0.99986935|0.99585575|0.99995315|0.99990749|0.99950254|0.99996781|0.99817133
tr_external_uz_dvbt_f482_r08,184,8609,DVB-T,0.9994921684265137,0.9994921684265137,DVB-T,0.9997565373778343,0.9997565373778343,8,0,0,False,both_correct,DVB-T|DVB-T|DVB-T|DVB-T|DVB-T|DVB-T|DVB-T|DVB-T,0.99982893|0.99913305|0.99988246|0.99992216|0.99984276|0.99966955|0.99989569|0.99987769,0.99982893|0.99913305|0.99988246|0.99992216|0.99984276|0.99966955|0.99989569|0.99987769
tr_external_uz_dvbt_f482_r08,185,8610,DVB-T,0.9995959401130676,0.9995959401130676,DVB-T,0.9984132945537567,0.9984132945537567,8,0,0,False,both_correct,DVB-T|DVB-T|DVB-T|DVB-T|DVB-T|DVB-T|DVB-T|DVB-T,0.99990559|0.98897213|0.99974161|0.99998844|0.99974519|0.99990749|0.99972242|0.99932349,0.99990559|0.98897213|0.99974161|0.99998844|0.99974519|0.99990749|0.99972242|0.99932349
tr_external_uz_dvbt_f482_r08,186,8611,DVB-T,0.9994907379150391,0.9994907379150391,DVB-T,0.9991717860102654,0.9991717860102654,8,0,0,False,both_correct,DVB-T|DVB-T|DVB-T|DVB-T|DVB-T|DVB-T|DVB-T|DVB-T,0.99986231|0.99998832|0.99998415|0.99995112|0.99982196|0.99991572|0.99998093|0.99386978,0.99986231|0.99998832|0.99998415|0.99995112|0.99982196|0.99991572|0.99998093|0.99386978
tr_external_uz_dvbt_f482_r08,187,8612,DVB-T,0.999681830406189,0.999681830406189,DVB-T,0.9998404681682587,0.9998404681682587,8,0,0,False,both_correct,DVB-T|DVB-T|DVB-T|DVB-T|DVB-T|DVB-T|DVB-T|DVB-T,0.99996877|0.99973243|0.99990201|0.99959487|0.99992776|0.99996734|0.99966383|0.99996674,0.99996877|0.99973243|0.99990201|0.99959487|0.99992776|0.99996734|0.99966383|0.99996674
tr_external_uz_dvbt_f482_r08,188,8613,DVB-T,0.9996044039726257,0.9996044039726257,DVB-T,0.9995950609445572,0.9995950609445572,8,0,0,False,both_correct,DVB-T|DVB-T|DVB-T|DVB-T|DVB-T|DVB-T|DVB-T|DVB-T,0.99984562|0.99924672|0.99987900|0.99998021|0.99999261|0.99995637|0.99983537|0.99802458,0.99984562|0.99924672|0.99987900|0.99998021|0.99999261|0.99995637|0.99983537|0.99802458
tr_external_uz_dvbt_f482_r08,189,8614,DVB-T,0.998521625995636,0.998521625995636,DVB-T,0.9990793317556381,0.9990793317556381,8,0,0,False,both_correct,DVB-T|DVB-T|DVB-T|DVB-T|DVB-T|DVB-T|DVB-T|DVB-T,0.99983680|0.99989641|0.99891579|0.99993885|0.99994981|0.99967694|0.99532688|0.99909317,0.99983680|0.99989641|0.99891579|0.99993885|0.99994981|0.99967694|0.99532688|0.99909317
tr_external_uz_dvbt_f482_r08,190,8615,DVB-T,0.99891197681427,0.99891197681427,DVB-T,0.9996712133288383,0.9996712133288383,8,0,0,False,both_correct,DVB-T|DVB-T|DVB-T|DVB-T|DVB-T|DVB-T|DVB-T|DVB-T,0.99987054|0.99840027|0.99996603|0.99992466|0.99932909|0.99996769|0.99996412|0.99994731,0.99987054|0.99840027|0.99996603|0.99992466|0.99932909|0.99996769|0.99996412|0.99994731
tr_external_uz_dvbt_f482_r08,191,8616,DVB-T,0.9995081424713135,0.9995081424713135,DVB-T,0.961402527987957,0.961402527987957,8,0,0,False,both_correct,DVB-T|DVB-T|DVB-T|DVB-T|DVB-T|DVB-T|DVB-T|DVB-T,0.99990833|0.99995720|0.99646461|0.95629150|0.73925954|0.99946707|0.99989522|0.99997675,0.99990833|0.99995720|0.99646461|0.95629150|0.73925954|0.99946707|0.99989522|0.99997675
tr_external_uz_dvbt_f482_r08,192,8617,DVB-T,0.9995548129081726,0.9995548129081726,DVB-T,0.9663917794823647,0.9663917794823647,8,0,0,False,both_correct,DVB-T|DVB-T|DVB-T|DVB-T|DVB-T|DVB-T|DVB-T|DVB-T,0.99780768|0.76474619|0.99966061|0.97301245|0.99997771|0.99882382|0.99829298|0.99881279,0.99780768|0.76474619|0.99966061|0.97301245|0.99997771|0.99882382|0.99829298|0.99881279
tr_external_uz_dvbt_f482_r08,193,8618,DVB-T,0.9993565678596497,0.9993565678596497,DVB-T,0.9976099207997322,0.9976099207997322,8,0,0,False,both_correct,DVB-T|DVB-T|DVB-T|DVB-T|DVB-T|DVB-T|DVB-T|DVB-T,0.98960006|0.99995291|0.99997759|0.99318039|0.99993145|0.99992037|0.99840683|0.99990976,0.98960006|0.99995291|0.99997759|0.99318039|0.99993145|0.99992037|0.99840683|0.99990976
tr_external_uz_dvbt_f482_r08,194,8619,DVB-T,0.9994538426399231,0.9994538426399231,DVB-T,0.9987656250596046,0.9987656250596046,8,0,0,False,both_correct,DVB-T|DVB-T|DVB-T|DVB-T|DVB-T|DVB-T|DVB-T|DVB-T,0.99975902|0.99974138|0.99271870|0.99959153|0.99992967|0.99864775|0.99996114|0.99977583,0.99975902|0.99974138|0.99271870|0.99959153|0.99992967|0.99864775|0.99996114|0.99977583
tr_external_uz_dvbt_f482_r08,195,8620,DVB-T,0.9997188448905945,0.9997188448905945,DVB-T,0.9997744485735893,0.9997744485735893,8,0,0,False,both_correct,DVB-T|DVB-T|DVB-T|DVB-T|DVB-T|DVB-T|DVB-T|DVB-T,0.99914730|0.99980325|0.99993527|0.99987173|0.99998212|0.99991119|0.99987352|0.99967122,0.99914730|0.99980325|0.99993527|0.99987173|0.99998212|0.99991119|0.99987352|0.99967122
tr_external_uz_dvbt_f482_r08,196,8621,DVB-T,0.998978853225708,0.998978853225708,DVB-T,0.9968023970723152,0.9968023970723152,8,0,0,False,both_correct,DVB-T|DVB-T|DVB-T|DVB-T|DVB-T|DVB-T|DVB-T|DVB-T,0.99988031|0.99988842|0.99997878|0.99085230|0.99994564|0.99959201|0.99996555|0.98431617,0.99988031|0.99988842|0.99997878|0.99085230|0.99994564|0.99959201|0.99996555|0.98431617
tr_external_uz_dvbt_f482_r08,197,8622,DVB-T,0.999765932559967,0.999765932559967,DVB-T,0.9866028726100922,0.9866028726100922,8,0,0,False,both_correct,DVB-T|DVB-T|DVB-T|DVB-T|DVB-T|DVB-T|DVB-T|DVB-T,0.89339334|0.99991441|0.99996948|0.99993289|0.99990296|0.99993420|0.99998343|0.99979228,0.89339334|0.99991441|0.99996948|0.99993289|0.99990296|0.99993420|0.99998343|0.99979228
tr_external_uz_dvbt_f482_r08,198,8623,DVB-T,0.9997460246086121,0.9997460246086121,DVB-T,0.9993820488452911,0.9993820488452911,8,0,0,False,both_correct,DVB-T|DVB-T|DVB-T|DVB-T|DVB-T|DVB-T|DVB-T|DVB-T,0.99996591|0.99929404|0.99991167|0.99991453|0.99993896|0.99711752|0.99919981|0.99971396,0.99996591|0.99929404|0.99991167|0.99991453|0.99993896|0.99711752|0.99919981|0.99971396
tr_external_uz_dvbt_f482_r08,199,8624,DVB-T,0.9995255470275879,0.9995255470275879,DVB-T,0.9696310311555862,0.9696310311555862,8,0,0,False,both_correct,DVB-T|DVB-T|DVB-T|DVB-T|DVB-T|DVB-T|DVB-T|DVB-T,0.99989271|0.99418640|0.99896157|0.99995661|0.99998116|0.98554683|0.99996006|0.77856290,0.99989271|0.99418640|0.99896157|0.99995661|0.99998116|0.98554683|0.99996006|0.77856290
tr_external_uz_dvbt_f482_r08,200,8625,DVB-T,0.9996554851531982,0.9996554851531982,DVB-T,0.9992846921086311,0.9992846921086311,8,0,0,False,both_correct,DVB-T|DVB-T|DVB-T|DVB-T|DVB-T|DVB-T|DVB-T|DVB-T,0.99998736|0.99687296|0.99997365|0.99852425|0.99990869|0.99905854|0.99999082|0.99996126,0.99998736|0.99687296|0.99997365|0.99852425|0.99990869|0.99905854|0.99999082|0.99996126
tr_external_uz_dvbt_f482_r08,201,8626,DVB-T,0.9994407296180725,0.9994407296180725,DVB-T,0.9976769909262657,0.9976769909262657,8,0,0,False,both_correct,DVB-T|DVB-T|DVB-T|DVB-T|DVB-T|DVB-T|DVB-T|DVB-T,0.99996662|0.99992883|0.99956959|0.99264550|0.98971671|0.99970168|0.99992716|0.99995983,0.99996662|0.99992883|0.99956959|0.99264550|0.98971671|0.99970168|0.99992716|0.99995983
tr_external_uz_dvbt_f482_r08,202,8627,DVB-T,0.9995598196983337,0.9995598196983337,DVB-T,0.9960959628224373,0.9960959628224373,8,0,0,False,both_correct,DVB-T|DVB-T|DVB-T|DVB-T|DVB-T|DVB-T|DVB-T|DVB-T,0.99998081|0.99998021|0.97748852|0.99960822|0.99204504|0.99991071|0.99987066|0.99988353,0.99998081|0.99998021|0.97748852|0.99960822|0.99204504|0.99991071|0.99987066|0.99988353
tr_external_uz_dvbt_f482_r08,203,8628,DVB-T,0.999704897403717,0.999704897403717,DVB-T,0.9996359869837761,0.9996359869837761,8,0,0,False,both_correct,DVB-T|DVB-T|DVB-T|DVB-T|DVB-T|DVB-T|DVB-T|DVB-T,0.99974412|0.99906033|0.99992204|0.99896002|0.99997485|0.99961877|0.99998116|0.99982661,0.99974412|0.99906033|0.99992204|0.99896002|0.99997485|0.99961877|0.99998116|0.99982661
tr_external_uz_dvbt_f482_r08,204,8629,DVB-T,0.995240330696106,0.995240330696106,DVB-T,0.9806978330016136,0.9806978330016136,8,0,0,False,both_correct,DVB-T|DVB-T|DVB-T|DVB-T|DVB-T|DVB-T|DVB-T|DVB-T,0.99935919|0.99981886|0.99997735|0.99993861|0.99959236|0.84797263|0.99994755|0.99897611,0.99935919|0.99981886|0.99997735|0.99993861|0.99959236|0.84797263|0.99994755|0.99897611
tr_external_uz_dvbt_f482_r08,205,8630,DVB-T,0.9997492432594299,0.9997492432594299,DVB-T,0.87555015651742,0.87555015651742,7,1,0,False,both_correct,DVB-T|DVB-T|DVB-T|DVB-T|DVB-T|LTE|DVB-T|DVB-T,0.99995697|0.99994612|0.99944252|0.99998355|0.99996901|0.99206197|0.99934894|0.99883157,0.99995697|0.99994612|0.99944252|0.99998355|0.99996901|0.00692259|0.99934894|0.99883157
tr_external_uz_dvbt_f482_r08,206,8631,DVB-T,0.999305009841919,0.999305009841919,DVB-T,0.9996981546282768,0.9996981546282768,8,0,0,False,both_correct,DVB-T|DVB-T|DVB-T|DVB-T|DVB-T|DVB-T|DVB-T|DVB-T,0.99998307|0.99928975|0.99994135|0.99991167|0.99998283|0.99994755|0.99854869|0.99998033,0.99998307|0.99928975|0.99994135|0.99991167|0.99998283|0.99994755|0.99854869|0.99998033
tr_external_uz_dvbt_f482_r08,207,8632,DVB-T,0.9996458292007446,0.9996458292007446,DVB-T,0.997614361345768,0.997614361345768,8,0,0,False,both_correct,DVB-T|DVB-T|DVB-T|DVB-T|DVB-T|DVB-T|DVB-T|DVB-T,0.99984074|0.99995708|0.99651611|0.99988914|0.99977702|0.99994063|0.99997306|0.98502111,0.99984074|0.99995708|0.99651611|0.99988914|0.99977702|0.99994063|0.99997306|0.98502111
tr_external_uz_dvbt_f482_r08,208,8633,DVB-T,0.9994819760322571,0.9994819760322571,DVB-T,0.9734875410795212,0.9734875410795212,8,0,0,False,both_correct,DVB-T|DVB-T|DVB-T|DVB-T|DVB-T|DVB-T|DVB-T|DVB-T,0.99997246|0.99998724|0.99874121|0.99995744|0.99984813|0.99993718|0.78952926|0.99992740,0.99997246|0.99998724|0.99874121|0.99995744|0.99984813|0.99993718|0.78952926|0.99992740
tr_external_uz_dvbt_f482_r08,209,8634,DVB-T,0.9996607303619385,0.9996607303619385,DVB-T,0.9998379498720169,0.9998379498720169,8,0,0,False,both_correct,DVB-T|DVB-T|DVB-T|DVB-T|DVB-T|DVB-T|DVB-T|DVB-T,0.99997616|0.99996936|0.99988282|0.99998391|0.99997425|0.99896336|0.99997938|0.99997437,0.99997616|0.99996936|0.99988282|0.99998391|0.99997425|0.99896336|0.99997938|0.99997437
tr_external_uz_dvbt_f482_r08,210,8635,DVB-T,0.9996802806854248,0.9996802806854248,DVB-T,0.9983135089278221,0.9983135089278221,8,0,0,False,both_correct,DVB-T|DVB-T|DVB-T|DVB-T|DVB-T|DVB-T|DVB-T|DVB-T,0.99632275|0.99996483|0.99486852|0.99794298|0.99751544|0.99995899|0.99996316|0.99997139,0.99632275|0.99996483|0.99486852|0.99794298|0.99751544|0.99995899|0.99996316|0.99997139
tr_external_uz_dvbt_f482_r08,211,8636,DVB-T,0.9989895224571228,0.9989895224571228,DVB-T,0.9993027299642563,0.9993027299642563,8,0,0,False,both_correct,DVB-T|DVB-T|DVB-T|DVB-T|DVB-T|DVB-T|DVB-T|DVB-T,0.99958366|0.99990904|0.99989116|0.99978310|0.99996746|0.99783927|0.99759620|0.99985194,0.99958366|0.99990904|0.99989116|0.99978310|0.99996746|0.99783927|0.99759620|0.99985194
tr_external_uz_dvbt_f482_r08,212,8637,DVB-T,0.997425377368927,0.997425377368927,DVB-T,0.9977835565805435,0.9977835565805435,8,0,0,False,both_correct,DVB-T|DVB-T|DVB-T|DVB-T|DVB-T|DVB-T|DVB-T|DVB-T,0.99993074|0.99994290|0.99991310|0.99923372|0.99996364|0.99995649|0.99157226|0.99175560,0.99993074|0.99994290|0.99991310|0.99923372|0.99996364|0.99995649|0.99157226|0.99175560
tr_external_uz_dvbt_f482_r08,213,8638,DVB-T,0.9996849298477173,0.9996849298477173,DVB-T,0.9597523510456085,0.9597523510456085,8,0,0,False,both_correct,DVB-T|DVB-T|DVB-T|DVB-T|DVB-T|DVB-T|DVB-T|DVB-T,0.95350564|0.99882942|0.96839339|0.99993467|0.99970406|0.99980825|0.99991190|0.75793147,0.95350564|0.99882942|0.96839339|0.99993467|0.99970406|0.99980825|0.99991190|0.75793147
tr_external_uz_dvbt_f482_r08,214,8639,DVB-T,0.9996638298034668,0.9996638298034668,DVB-T,0.9425975829362869,0.9425975829362869,8,0,0,False,both_correct,DVB-T|DVB-T|DVB-T|DVB-T|DVB-T|DVB-T|DVB-T|DVB-T,0.99960834|0.99946862|0.99896586|0.55393010|0.99395293|0.99494040|0.99996448|0.99994993,0.99960834|0.99946862|0.99896586|0.55393010|0.99395293|0.99494040|0.99996448|0.99994993
tr_external_uz_dvbt_f482_r08,215,8640,DVB-T,0.9985609650611877,0.9985609650611877,DVB-T,0.9130413085222244,0.9130413085222244,7,1,0,False,both_correct,DVB-T|DVB-T|DVB-T|DVB-T|DVB-T|DVB-T|LTE|DVB-T,0.99996078|0.99985480|0.99999213|0.99969113|0.99988961|0.99964917|0.69303477|0.99994028,0.99996078|0.99985480|0.99999213|0.99969113|0.99988961|0.99964917|0.30535257|0.99994028
tr_external_uz_dvbt_f482_r08,216,8641,DVB-T,0.9994255304336548,0.9994255304336548,DVB-T,0.8790695988573134,0.8790695988573134,7,1,0,False,both_correct,DVB-T|DVB-T|LTE|DVB-T|DVB-T|DVB-T|DVB-T|DVB-T,0.99599129|0.99998832|0.95495093|0.99988079|0.99940646|0.99982989|0.99981529|0.99340606,0.99599129|0.99998832|0.04423871|0.99988079|0.99940646|0.99982989|0.99981529|0.99340606
tr_external_uz_dvbt_f482_r08,217,8642,DVB-T,0.999725878238678,0.999725878238678,DVB-T,0.9999281242489815,0.9999281242489815,8,0,0,False,both_correct,DVB-T|DVB-T|DVB-T|DVB-T|DVB-T|DVB-T|DVB-T|DVB-T,0.99984765|0.99994910|0.99974674|0.99997222|0.99997807|0.99997723|0.99997568|0.99997830,0.99984765|0.99994910|0.99974674|0.99997222|0.99997807|0.99997723|0.99997568|0.99997830
tr_external_uz_dvbt_f482_r08,218,8643,DVB-T,0.9996918439865112,0.9996918439865112,DVB-T,0.9997553899884224,0.9997553899884224,8,0,0,False,both_correct,DVB-T|DVB-T|DVB-T|DVB-T|DVB-T|DVB-T|DVB-T|DVB-T,0.99980658|0.99998116|0.99995947|0.99997008|0.99992478|0.99990511|0.99972695|0.99876899,0.99980658|0.99998116|0.99995947|0.99997008|0.99992478|0.99990511|0.99972695|0.99876899
tr_external_uz_dvbt_f482_r08,219,8644,DVB-T,0.9995933175086975,0.9995933175086975,DVB-T,0.9996390789747238,0.9996390789747238,8,0,0,False,both_correct,DVB-T|DVB-T|DVB-T|DVB-T|DVB-T|DVB-T|DVB-T|DVB-T,0.99985242|0.99772316|0.99996793|0.99974412|0.99997377|0.99995124|0.99998021|0.99991977,0.99985242|0.99772316|0.99996793|0.99974412|0.99997377|0.99995124|0.99998021|0.99991977
tr_external_uz_dvbt_f482_r08,220,8645,DVB-T,0.9995493292808533,0.9995493292808533,DVB-T,0.9999121576547623,0.9999121576547623,8,0,0,False,both_correct,DVB-T|DVB-T|DVB-T|DVB-T|DVB-T|DVB-T|DVB-T|DVB-T,0.99996173|0.99997950|0.99985278|0.99996912|0.99989367|0.99998105|0.99967337|0.99998605,0.99996173|0.99997950|0.99985278|0.99996912|0.99989367|0.99998105|0.99967337|0.99998605
tr_external_uz_dvbt_f482_r08,221,8646,DVB-T,0.9995747208595276,0.9995747208595276,DVB-T,0.998699963092804,0.998699963092804,8,0,0,False,both_correct,DVB-T|DVB-T|DVB-T|DVB-T|DVB-T|DVB-T|DVB-T|DVB-T,0.99997938|0.99840230|0.99459100|0.99988663|0.99751914|0.99974579|0.99995959|0.99951589,0.99997938|0.99840230|0.99459100|0.99988663|0.99751914|0.99974579|0.99995959|0.99951589
tr_external_uz_dvbt_f482_r08,222,8647,DVB-T,0.9996664524078369,0.9996664524078369,DVB-T,0.999790832400322,0.999790832400322,8,0,0,False,both_correct,DVB-T|DVB-T|DVB-T|DVB-T|DVB-T|DVB-T|DVB-T|DVB-T,0.99954611|0.99981242|0.99923587|0.99996603|0.99995720|0.99996459|0.99986482|0.99997962,0.99954611|0.99981242|0.99923587|0.99996603|0.99995720|0.99996459|0.99986482|0.99997962
tr_external_uz_dvbt_f482_r08,223,8648,DVB-T,0.9996190071105957,0.9996190071105957,DVB-T,0.955187126994133,0.955187126994133,8,0,0,False,both_correct,DVB-T|DVB-T|DVB-T|DVB-T|DVB-T|DVB-T|DVB-T|DVB-T,0.97190022|0.67293555|0.99997258|0.99870610|0.99981517|0.99993265|0.99921691|0.99901783,0.97190022|0.67293555|0.99997258|0.99870610|0.99981517|0.99993265|0.99921691|0.99901783
tr_external_uz_dvbt_f482_r08,224,8649,DVB-T,0.9993495345115662,0.9993495345115662,DVB-T,0.9768092036247253,0.9768092036247253,8,0,0,False,both_correct,DVB-T|DVB-T|DVB-T|DVB-T|DVB-T|DVB-T|DVB-T|DVB-T,0.97215873|0.99996686|0.99974030|0.84295130|0.99997282|0.99990177|0.99984264|0.99993920,0.97215873|0.99996686|0.99974030|0.84295130|0.99997282|0.99990177|0.99984264|0.99993920
tr_external_uz_dvbt_f482_r08,225,8650,DVB-T,0.9997138381004333,0.9997138381004333,DVB-T,0.9728091210126877,0.9728091210126877,8,0,0,False,both_correct,DVB-T|DVB-T|DVB-T|DVB-T|DVB-T|DVB-T|DVB-T|DVB-T,0.78371793|0.99998176|0.99996233|0.99906999|0.99994051|0.99992418|0.99997175|0.99990451,0.78371793|0.99998176|0.99996233|0.99906999|0.99994051|0.99992418|0.99997175|0.99990451
tr_external_uz_dvbt_f482_r08,226,8651,DVB-T,0.9939338564872742,0.9939338564872742,DVB-T,0.9933884888887405,0.9933884888887405,8,0,0,False,both_correct,DVB-T|DVB-T|DVB-T|DVB-T|DVB-T|DVB-T|DVB-T|DVB-T,0.99997330|0.99990785|0.99934882|0.94913113|0.99982786|0.99998510|0.99998593|0.99894792,0.99997330|0.99990785|0.99934882|0.94913113|0.99982786|0.99998510|0.99998593|0.99894792
tr_external_uz_dvbt_f482_r08,227,8652,DVB-T,0.9996566772460938,0.9996566772460938,DVB-T,0.9994755312800407,0.9994755312800407,8,0,0,False,both_correct,DVB-T|DVB-T|DVB-T|DVB-T|DVB-T|DVB-T|DVB-T|DVB-T,0.99995923|0.99988890|0.99994385|0.99847323|0.99982065|0.99785930|0.99989820|0.99996090,0.99995923|0.99988890|0.99994385|0.99847323|0.99982065|0.99785930|0.99989820|0.99996090
tr_external_uz_dvbt_f482_r08,228,8653,DVB-T,0.999613344669342,0.999613344669342,DVB-T,0.9925435855984688,0.9925435855984688,8,0,0,False,both_correct,DVB-T|DVB-T|DVB-T|DVB-T|DVB-T|DVB-T|DVB-T|DVB-T,0.99943453|0.99169308|0.99985254|0.99998593|0.99956554|0.99993861|0.99502087|0.95485759,0.99943453|0.99169308|0.99985254|0.99998593|0.99956554|0.99993861|0.99502087|0.95485759
tr_external_uz_dvbt_f482_r08,229,8654,DVB-T,0.9994999170303345,0.9994999170303345,DVB-T,0.9938937649130821,0.9938937649130821,8,0,0,False,both_correct,DVB-T|DVB-T|DVB-T|DVB-T|DVB-T|DVB-T|DVB-T|DVB-T,0.99946874|0.98467040|0.99993443|0.99996078|0.99275315|0.99987757|0.99714833|0.97733670,0.99946874|0.98467040|0.99993443|0.99996078|0.99275315|0.99987757|0.99714833|0.97733670
tr_external_uz_dvbt_f482_r08,230,8655,DVB-T,0.9995056390762329,0.9995056390762329,DVB-T,0.999670036137104,0.999670036137104,8,0,0,False,both_correct,DVB-T|DVB-T|DVB-T|DVB-T|DVB-T|DVB-T|DVB-T|DVB-T,0.99789399|0.99989760|0.99984848|0.99996674|0.99997628|0.99998534|0.99994183|0.99985003,0.99789399|0.99989760|0.99984848|0.99996674|0.99997628|0.99998534|0.99994183|0.99985003
tr_external_uz_dvbt_f482_r08,231,8656,DVB-T,0.9996531009674072,0.9996531009674072,DVB-T,0.9998627752065659,0.9998627752065659,8,0,0,False,both_correct,DVB-T|DVB-T|DVB-T|DVB-T|DVB-T|DVB-T|DVB-T|DVB-T,0.99994016|0.99988866|0.99995446|0.99995518|0.99995005|0.99983597|0.99977690|0.99960083,0.99994016|0.99988866|0.99995446|0.99995518|0.99995005|0.99983597|0.99977690|0.99960083
tr_external_uz_dvbt_f482_r08,232,8657,DVB-T,0.9994931221008301,0.9994931221008301,DVB-T,0.9921571761369705,0.9921571761369705,8,0,0,False,both_correct,DVB-T|DVB-T|DVB-T|DVB-T|DVB-T|DVB-T|DVB-T|DVB-T,0.99975210|0.94898146|0.99194920|0.99989629|0.99960202|0.99997127|0.99977571|0.99732935,0.99975210|0.94898146|0.99194920|0.99989629|0.99960202|0.99997127|0.99977571|0.99732935
tr_external_uz_dvbt_f482_r08,233,8658,DVB-T,0.9989116191864014,0.9989116191864014,DVB-T,0.9993115663528442,0.9993115663528442,8,0,0,False,both_correct,DVB-T|DVB-T|DVB-T|DVB-T|DVB-T|DVB-T|DVB-T|DVB-T,0.99959511|0.99599069|0.99985266|0.99994493|0.99998021|0.99990940|0.99952734|0.99969220,0.99959511|0.99599069|0.99985266|0.99994493|0.99998021|0.99990940|0.99952734|0.99969220
tr_external_uz_dvbt_f482_r08,234,8659,DVB-T,0.9995586276054382,0.9995586276054382,DVB-T,0.9955112189054489,0.9955112189054489,8,0,0,False,both_correct,DVB-T|DVB-T|DVB-T|DVB-T|DVB-T|DVB-T|DVB-T|DVB-T,0.99994159|0.99993277|0.96587133|0.99868816|0.99976665|0.99998856|0.99995399|0.99994671,0.99994159|0.99993277|0.96587133|0.99868816|0.99976665|0.99998856|0.99995399|0.99994671
tr_external_uz_dvbt_f482_r08,235,8660,DVB-T,0.9995788931846619,0.9995788931846619,DVB-T,0.999716117978096,0.999716117978096,8,0,0,False,both_correct,DVB-T|DVB-T|DVB-T|DVB-T|DVB-T|DVB-T|DVB-T|DVB-T,0.99990034|0.99941278|0.99950826|0.99979979|0.99992681|0.99924976|0.99994493|0.99998629,0.99990034|0.99941278|0.99950826|0.99979979|0.99992681|0.99924976|0.99994493|0.99998629
tr_external_uz_dvbt_f482_r08,236,8661,DVB-T,0.9997050166130066,0.9997050166130066,DVB-T,0.9997703060507774,0.9997703060507774,8,0,0,False,both_correct,DVB-T|DVB-T|DVB-T|DVB-T|DVB-T|DVB-T|DVB-T|DVB-T,0.99995553|0.99991763|0.99992871|0.99885964|0.99985528|0.99976760|0.99990189|0.99997616,0.99995553|0.99991763|0.99992871|0.99885964|0.99985528|0.99976760|0.99990189|0.99997616
tr_external_uz_dvbt_f482_r08,237,8662,DVB-T,0.9996896982192993,0.9996896982192993,DVB-T,0.9994576126337051,0.9994576126337051,8,0,0,False,both_correct,DVB-T|DVB-T|DVB-T|DVB-T|DVB-T|DVB-T|DVB-T|DVB-T,0.99973077|0.99944431|0.99882334|0.99986613|0.99977905|0.99887711|0.99918836|0.99995184,0.99973077|0.99944431|0.99882334|0.99986613|0.99977905|0.99887711|0.99918836|0.99995184
tr_external_uz_dvbt_f482_r08,238,8663,DVB-T,0.9995269775390625,0.9995269775390625,DVB-T,0.9716625362634659,0.9716625362634659,8,0,0,False,both_correct,DVB-T|DVB-T|DVB-T|DVB-T|DVB-T|DVB-T|DVB-T|DVB-T,0.99986315|0.99996388|0.99995649|0.99722099|0.87391782|0.99998486|0.99997354|0.90241957,0.99986315|0.99996388|0.99995649|0.99722099|0.87391782|0.99998486|0.99997354|0.90241957
tr_external_uz_dvbt_f482_r08,239,8664,DVB-T,0.9995983242988586,0.9995983242988586,DVB-T,0.9995347186923027,0.9995347186923027,8,0,0,False,both_correct,DVB-T|DVB-T|DVB-T|DVB-T|DVB-T|DVB-T|DVB-T|DVB-T,0.99998653|0.99935359|0.99943477|0.99996412|0.99988008|0.99855226|0.99922669|0.99987972,0.99998653|0.99935359|0.99943477|0.99996412|0.99988008|0.99855226|0.99922669|0.99987972
tr_external_uz_dvbt_f482_r08,240,8665,DVB-T,0.9997363686561584,0.9997363686561584,DVB-T,0.9992142766714096,0.9992142766714096,8,0,0,False,both_correct,DVB-T|DVB-T|DVB-T|DVB-T|DVB-T|DVB-T|DVB-T|DVB-T,0.99810249|0.99793953|0.99988067|0.99998629|0.99790704|0.99998713|0.99994457|0.99996650,0.99810249|0.99793953|0.99988067|0.99998629|0.99790704|0.99998713|0.99994457|0.99996650
tr_external_uz_dvbt_f482_r08,241,8666,DVB-T,0.9990301132202148,0.9990301132202148,DVB-T,0.9835353568196297,0.9835353568196297,8,0,0,False,both_correct,DVB-T|DVB-T|DVB-T|DVB-T|DVB-T|DVB-T|DVB-T|DVB-T,0.99996245|0.99996054|0.98964930|0.87984687|0.99915504|0.99992871|0.99990165|0.99987829,0.99996245|0.99996054|0.98964930|0.87984687|0.99915504|0.99992871|0.99990165|0.99987829
tr_external_uz_dvbt_f482_r08,242,8667,DVB-T,0.9994426369667053,0.9994426369667053,DVB-T,0.997473418712616,0.997473418712616,8,0,0,False,both_correct,DVB-T|DVB-T|DVB-T|DVB-T|DVB-T|DVB-T|DVB-T|DVB-T,0.98880452|0.99374121|0.99990237|0.99979311|0.99884146|0.99890792|0.99986076|0.99993598,0.98880452|0.99374121|0.99990237|0.99979311|0.99884146|0.99890792|0.99986076|0.99993598
tr_external_uz_dvbt_f482_r08,243,8668,DVB-T,0.9998255372047424,0.9998255372047424,DVB-T,0.9989447742700577,0.9989447742700577,8,0,0,False,both_correct,DVB-T|DVB-T|DVB-T|DVB-T|DVB-T|DVB-T|DVB-T|DVB-T,0.99998271|0.99213421|0.99998879|0.99987900|0.99980718|0.99996781|0.99997747|0.99982101,0.99998271|0.99213421|0.99998879|0.99987900|0.99980718|0.99996781|0.99997747|0.99982101
tr_external_uz_dvbt_f482_r08,244,8669,DVB-T,0.9995200634002686,0.9995200634002686,DVB-T,0.9996236190199852,0.9996236190199852,8,0,0,False,both_correct,DVB-T|DVB-T|DVB-T|DVB-T|DVB-T|DVB-T|DVB-T|DVB-T,0.99991453|0.99987185|0.99983525|0.99964547|0.99969256|0.99983191|0.99887127|0.99932611,0.99991453|0.99987185|0.99983525|0.99964547|0.99969256|0.99983191|0.99887127|0.99932611
tr_external_uz_dvbt_f482_r08,245,8670,DVB-T,0.9992808699607849,0.9992808699607849,DVB-T,0.9998086392879486,0.9998086392879486,8,0,0,False,both_correct,DVB-T|DVB-T|DVB-T|DVB-T|DVB-T|DVB-T|DVB-T|DVB-T,0.99965250|0.99969256|0.99997735|0.99996221|0.99956459|0.99989033|0.99996507|0.99976450,0.99965250|0.99969256|0.99997735|0.99996221|0.99956459|0.99989033|0.99996507|0.99976450
tr_external_uz_dvbt_f482_r08,246,8671,DVB-T,0.9996788501739502,0.9996788501739502,DVB-T,0.9983003884553909,0.9983003884553909,8,0,0,False,both_correct,DVB-T|DVB-T|DVB-T|DVB-T|DVB-T|DVB-T|DVB-T|DVB-T,0.99993563|0.99994016|0.98780626|0.99997973|0.99954492|0.99979538|0.99942929|0.99997175,0.99993563|0.99994016|0.98780626|0.99997973|0.99954492|0.99979538|0.99942929|0.99997175
tr_external_uz_dvbt_f482_r08,247,8672,DVB-T,0.9996215105056763,0.9996215105056763,DVB-T,0.9994118735194206,0.9994118735194206,8,0,0,False,both_correct,DVB-T|DVB-T|DVB-T|DVB-T|DVB-T|DVB-T|DVB-T|DVB-T,0.99774349|0.99996305|0.99997997|0.99987566|0.99981362|0.99991465|0.99974304|0.99826151,0.99774349|0.99996305|0.99997997|0.99987566|0.99981362|0.99991465|0.99974304|0.99826151
tr_external_uz_dvbt_f482_r08,248,8673,DVB-T,0.999161958694458,0.999161958694458,DVB-T,0.9260210506618023,0.9260210506618023,7,1,0,False,both_correct,DVB-T|LTE|DVB-T|DVB-T|DVB-T|DVB-T|DVB-T|DVB-T,0.99995482|0.54307139|0.99994957|0.99913079|0.99984598|0.99988675|0.99890041|0.95501506,0.99995482|0.45548502|0.99994957|0.99913079|0.99984598|0.99988675|0.99890041|0.95501506
tr_external_uz_dvbt_f482_r08,249,8674,DVB-T,0.9996829032897949,0.9996829032897949,DVB-T,0.9995952621102333,0.9995952621102333,8,0,0,False,both_correct,DVB-T|DVB-T|DVB-T|DVB-T|DVB-T|DVB-T|DVB-T|DVB-T,0.99993396|0.99819261|0.99996579|0.99996340|0.99955386|0.99990952|0.99927777|0.99996519,0.99993396|0.99819261|0.99996579|0.99996340|0.99955386|0.99990952|0.99927777|0.99996519
tr_external_uz_dvbt_f482_r08,250,8675,DVB-T,0.9994204044342041,0.9994204044342041,DVB-T,0.9962349385023117,0.9962349385023117,8,0,0,False,both_correct,DVB-T|DVB-T|DVB-T|DVB-T|DVB-T|DVB-T|DVB-T|DVB-T,0.99863130|0.99766684|0.99819261|0.99077106|0.99340904|0.99990308|0.99132895|0.99997663,0.99863130|0.99766684|0.99819261|0.99077106|0.99340904|0.99990308|0.99132895|0.99997663
tr_external_uz_dvbt_f482_r08,251,8676,DVB-T,0.9994162321090698,0.9994162321090698,DVB-T,0.9997999742627144,0.9997999742627144,8,0,0,False,both_correct,DVB-T|DVB-T|DVB-T|DVB-T|DVB-T|DVB-T|DVB-T|DVB-T,0.99986804|0.99995840|0.99985826|0.99991953|0.99976593|0.99995899|0.99992335|0.99914730,0.99986804|0.99995840|0.99985826|0.99991953|0.99976593|0.99995899|0.99992335|0.99914730
tr_external_uz_dvbt_f482_r08,252,8677,DVB-T,0.9995532631874084,0.9995532631874084,DVB-T,0.99954042583704,0.99954042583704,8,0,0,False,both_correct,DVB-T|DVB-T|DVB-T|DVB-T|DVB-T|DVB-T|DVB-T|DVB-T,0.99961132|0.99995863|0.99996889|0.99950397|0.99990916|0.99984920|0.99967265|0.99784958,0.99961132|0.99995863|0.99996889|0.99950397|0.99990916|0.99984920|0.99967265|0.99784958
tr_external_uz_dvbt_f482_r08,253,8678,DVB-T,0.9997809529304504,0.9997809529304504,DVB-T,0.9995626956224442,0.9995626956224442,8,0,0,False,both_correct,DVB-T|DVB-T|DVB-T|DVB-T|DVB-T|DVB-T|DVB-T|DVB-T,0.99993646|0.99997044|0.99991405|0.99998331|0.99989474|0.99995780|0.99993038|0.99691439,0.99993646|0.99997044|0.99991405|0.99998331|0.99989474|0.99995780|0.99993038|0.99691439
tr_external_uz_dvbt_f482_r08,254,8679,DVB-T,0.9996923208236694,0.9996923208236694,DVB-T,0.9982169046998024,0.9982169046998024,8,0,0,False,both_correct,DVB-T|DVB-T|DVB-T|DVB-T|DVB-T|DVB-T|DVB-T|DVB-T,0.99698263|0.99985147|0.99998236|0.98925507|0.99990523|0.99993110|0.99989867|0.99992871,0.99698263|0.99985147|0.99998236|0.98925507|0.99990523|0.99993110|0.99989867|0.99992871
tr_external_uz_dvbt_f482_r08,255,8680,DVB-T,0.9988947510719299,0.9988947510719299,DVB-T,0.9986947625875473,0.9986947625875473,8,0,0,False,both_correct,DVB-T|DVB-T|DVB-T|DVB-T|DVB-T|DVB-T|DVB-T|DVB-T,0.99585634|0.99995327|0.99996150|0.99996543|0.99996722|0.99996877|0.99987173|0.99401385,0.99585634|0.99995327|0.99996150|0.99996543|0.99996722|0.99996877|0.99987173|0.99401385
tr_external_uz_dvbt_f482_r08,256,8681,DVB-T,0.9994679093360901,0.9994679093360901,DVB-T,0.9975025504827499,0.9975025504827499,8,0,0,False,both_correct,DVB-T|DVB-T|DVB-T|DVB-T|DVB-T|DVB-T|DVB-T|DVB-T,0.99850011|0.99995577|0.99996686|0.99966121|0.99983132|0.98247188|0.99985468|0.99977857,0.99850011|0.99995577|0.99996686|0.99966121|0.99983132|0.98247188|0.99985468|0.99977857
tr_external_uz_dvbt_f482_r08,257,8682,DVB-T,0.9995948672294617,0.9995948672294617,DVB-T,0.8851296128705144,0.8851296128705144,7,1,0,False,both_correct,DVB-T|LTE|DVB-T|DVB-T|DVB-T|DVB-T|DVB-T|DVB-T,0.99986923|0.91240412|0.99951756|0.99997401|0.99993420|0.99973983|0.99957758|0.99751782,0.99986923|0.08490667|0.99951756|0.99997401|0.99993420|0.99973983|0.99957758|0.99751782
tr_external_uz_dvbt_f482_r08,258,8683,DVB-T,0.9991793036460876,0.9991793036460876,DVB-T,0.9996745139360428,0.9996745139360428,8,0,0,False,both_correct,DVB-T|DVB-T|DVB-T|DVB-T|DVB-T|DVB-T|DVB-T|DVB-T,0.99927419|0.99997723|0.99972981|0.99918598|0.99968922|0.99989617|0.99993396|0.99970955,0.99927419|0.99997723|0.99972981|0.99918598|0.99968922|0.99989617|0.99993396|0.99970955
tr_external_uz_dvbt_f482_r08,259,8684,DVB-T,0.9990888833999634,0.9990888833999634,DVB-T,0.9996090978384018,0.9996090978384018,8,0,0,False,both_correct,DVB-T|DVB-T|DVB-T|DVB-T|DVB-T|DVB-T|DVB-T|DVB-T,0.99994886|0.99994969|0.99993896|0.99963236|0.99907351|0.99948382|0.99890327|0.99994230,0.99994886|0.99994969|0.99993896|0.99963236|0.99907351|0.99948382|0.99890327|0.99994230
tr_external_uz_dvbt_f482_r08,260,8685,DVB-T,0.9996668100357056,0.9996668100357056,DVB-T,0.9968245550990105,0.9968245550990105,8,0,0,False,both_correct,DVB-T|DVB-T|DVB-T|DVB-T|DVB-T|DVB-T|DVB-T|DVB-T,0.99991310|0.99997449|0.99991679|0.99995720|0.99632627|0.99991512|0.98721749|0.99137598,0.99991310|0.99997449|0.99991679|0.99995720|0.99632627|0.99991512|0.98721749|0.99137598
tr_external_uz_dvbt_f482_r08,261,8686,DVB-T,0.9996793270111084,0.9996793270111084,DVB-T,0.9987899661064148,0.9987899661064148,8,0,0,False,both_correct,DVB-T|DVB-T|DVB-T|DVB-T|DVB-T|DVB-T|DVB-T|DVB-T,0.99996126|0.99979061|0.99993384|0.99464071|0.99998045|0.99993503|0.99989331|0.99618453,0.99996126|0.99979061|0.99993384|0.99464071|0.99998045|0.99993503|0.99989331|0.99618453
tr_external_uz_dvbt_f482_r08,262,8687,DVB-T,0.9997158646583557,0.9997158646583557,DVB-T,0.9998834878206253,0.9998834878206253,8,0,0,False,both_correct,DVB-T|DVB-T|DVB-T|DVB-T|DVB-T|DVB-T|DVB-T|DVB-T,0.99955815|0.99997973|0.99995828|0.99998426|0.99996519|0.99982375|0.99991930|0.99987924,0.99955815|0.99997973|0.99995828|0.99998426|0.99996519|0.99982375|0.99991930|0.99987924
tr_external_uz_dvbt_f482_r08,263,8688,DVB-T,0.9996469020843506,0.9996469020843506,DVB-T,0.9995347633957863,0.9995347633957863,8,0,0,False,both_correct,DVB-T|DVB-T|DVB-T|DVB-T|DVB-T|DVB-T|DVB-T|DVB-T,0.99959344|0.99986720|0.99985909|0.99972314|0.99996018|0.99842334|0.99995923|0.99889249,0.99959344|0.99986720|0.99985909|0.99972314|0.99996018|0.99842334|0.99995923|0.99889249
tr_external_uz_dvbt_f482_r08,264,8689,DVB-T,0.9995285272598267,0.9995285272598267,DVB-T,0.9990300983190536,0.9990300983190536,8,0,0,False,both_correct,DVB-T|DVB-T|DVB-T|DVB-T|DVB-T|DVB-T|DVB-T|DVB-T,0.99989450|0.99982172|0.99963689|0.99736553|0.99990129|0.99580801|0.99985278|0.99996006,0.99989450|0.99982172|0.99963689|0.99736553|0.99990129|0.99580801|0.99985278|0.99996006
tr_external_uz_dvbt_f482_r08,265,8690,DVB-T,0.9996700286865234,0.9996700286865234,DVB-T,0.9974004030227661,0.9974004030227661,8,0,0,False,both_correct,DVB-T|DVB-T|DVB-T|DVB-T|DVB-T|DVB-T|DVB-T|DVB-T,0.99987185|0.99946386|0.99997079|0.99990845|0.99997330|0.99985313|0.98036122|0.99980062,0.99987185|0.99946386|0.99997079|0.99990845|0.99997330|0.99985313|0.98036122|0.99980062
tr_external_uz_dvbt_f482_r08,266,8691,DVB-T,0.9996762275695801,0.9996762275695801,DVB-T,0.9994553625583649,0.9994553625583649,8,0,0,False,both_correct,DVB-T|DVB-T|DVB-T|DVB-T|DVB-T|DVB-T|DVB-T|DVB-T,0.99751043|0.99989974|0.99859589|0.99980110|0.99997091|0.99997270|0.99995220|0.99993992,0.99751043|0.99989974|0.99859589|0.99980110|0.99997091|0.99997270|0.99995220|0.99993992
tr_external_uz_dvbt_f482_r08,267,8692,DVB-T,0.9997718930244446,0.9997718930244446,DVB-T,0.9990900531411171,0.9990900531411171,8,0,0,False,both_correct,DVB-T|DVB-T|DVB-T|DVB-T|DVB-T|DVB-T|DVB-T|DVB-T,0.99969423|0.99954981|0.99997377|0.99984097|0.99773800|0.99843317|0.99984729|0.99764317,0.99969423|0.99954981|0.99997377|0.99984097|0.99773800|0.99843317|0.99984729|0.99764317
tr_external_uz_dvbt_f482_r09,0,8693,DVB-T,0.8799148797988892,0.8799148797988892,DVB-T,0.9997271820902824,0.9997271820902824,8,0,0,False,both_correct,DVB-T|DVB-T|DVB-T|DVB-T|DVB-T|DVB-T|DVB-T|DVB-T,0.99840754|0.99998152|0.99986148|0.99988961|0.99992681|0.99985623|0.99992132|0.99997294,0.99840754|0.99998152|0.99986148|0.99988961|0.99992681|0.99985623|0.99992132|0.99997294
tr_external_uz_dvbt_f482_r09,1,8694,DVB-T,0.9957553148269653,0.9957553148269653,DVB-T,0.9997517392039299,0.9997517392039299,8,0,0,False,both_correct,DVB-T|DVB-T|DVB-T|DVB-T|DVB-T|DVB-T|DVB-T|DVB-T,0.99995875|0.99997973|0.99846846|0.99993455|0.99990439|0.99987471|0.99995124|0.99994206,0.99995875|0.99997973|0.99846846|0.99993455|0.99990439|0.99987471|0.99995124|0.99994206
tr_external_uz_dvbt_f482_r09,2,8695,DVB-T,0.9972541928291321,0.9972541928291321,DVB-T,0.9999216571450233,0.9999216571450233,8,0,0,False,both_correct,DVB-T|DVB-T|DVB-T|DVB-T|DVB-T|DVB-T|DVB-T|DVB-T,0.99998629|0.99978667|0.99996388|0.99983919|0.99994767|0.99994755|0.99998164|0.99992037,0.99998629|0.99978667|0.99996388|0.99983919|0.99994767|0.99994755|0.99998164|0.99992037
tr_external_uz_dvbt_f482_r09,3,8696,DVB-T,0.9981210827827454,0.9981210827827454,DVB-T,0.9999450072646141,0.9999450072646141,8,0,0,False,both_correct,DVB-T|DVB-T|DVB-T|DVB-T|DVB-T|DVB-T|DVB-T|DVB-T,0.99995744|0.99995375|0.99976867|0.99998426|0.99998724|0.99993587|0.99998736|0.99998546,0.99995744|0.99995375|0.99976867|0.99998426|0.99998724|0.99993587|0.99998736|0.99998546
tr_external_uz_dvbt_f482_r09,4,8697,DVB-T,0.9927238821983337,0.9927238821983337,DVB-T,0.9999434649944305,0.9999434649944305,8,0,0,False,both_correct,DVB-T|DVB-T|DVB-T|DVB-T|DVB-T|DVB-T|DVB-T|DVB-T,0.99992502|0.99997509|0.99994123|0.99991071|0.99998260|0.99996638|0.99986684|0.99997985,0.99992502|0.99997509|0.99994123|0.99991071|0.99998260|0.99996638|0.99986684|0.99997985
tr_external_uz_dvbt_f482_r09,5,8698,DVB-T,0.9985920786857605,0.9985920786857605,DVB-T,0.9999627470970154,0.9999627470970154,8,0,0,False,both_correct,DVB-T|DVB-T|DVB-T|DVB-T|DVB-T|DVB-T|DVB-T|DVB-T,0.99997640|0.99999261|0.99997652|0.99996161|0.99994946|0.99995363|0.99998009|0.99991167,0.99997640|0.99999261|0.99997652|0.99996161|0.99994946|0.99995363|0.99998009|0.99991167
tr_external_uz_dvbt_f482_r09,6,8699,DVB-T,0.9988824725151062,0.9988824725151062,DVB-T,0.9999556243419647,0.9999556243419647,8,0,0,False,both_correct,DVB-T|DVB-T|DVB-T|DVB-T|DVB-T|DVB-T|DVB-T|DVB-T,0.99998450|0.99994648|0.99996424|0.99995494|0.99997127|0.99992466|0.99996340|0.99993551,0.99998450|0.99994648|0.99996424|0.99995494|0.99997127|0.99992466|0.99996340|0.99993551
tr_external_uz_dvbt_f482_r09,7,8700,DVB-T,0.9970600008964539,0.9970600008964539,DVB-T,0.9999884963035583,0.9999884963035583,8,0,0,False,both_correct,DVB-T|DVB-T|DVB-T|DVB-T|DVB-T|DVB-T|DVB-T|DVB-T,0.99999011|0.99997437|0.99999189|0.99998367|0.99999321|0.99999225|0.99999225|0.99999022,0.99999011|0.99997437|0.99999189|0.99998367|0.99999321|0.99999225|0.99999225|0.99999022
tr_external_uz_dvbt_f482_r09,8,8701,DVB-T,0.9966940879821777,0.9966940879821777,DVB-T,0.9999833256006241,0.9999833256006241,8,0,0,False,both_correct,DVB-T|DVB-T|DVB-T|DVB-T|DVB-T|DVB-T|DVB-T|DVB-T,0.99997294|0.99998665|0.99998021|0.99997866|0.99999142|0.99998176|0.99999082|0.99998415,0.99997294|0.99998665|0.99998021|0.99997866|0.99999142|0.99998176|0.99999082|0.99998415
tr_external_uz_dvbt_f482_r09,9,8702,DVB-T,0.9892657995223999,0.9892657995223999,DVB-T,0.9999774396419525,0.9999774396419525,8,0,0,False,both_correct,DVB-T|DVB-T|DVB-T|DVB-T|DVB-T|DVB-T|DVB-T|DVB-T,0.99999046|0.99998391|0.99999225|0.99994528|0.99998999|0.99995339|0.99998415|0.99998009,0.99999046|0.99998391|0.99999225|0.99994528|0.99998999|0.99995339|0.99998415|0.99998009
tr_external_uz_dvbt_f482_r09,10,8703,DVB-T,0.9461435675621033,0.9461435675621033,DVB-T,0.999988466501236,0.999988466501236,8,0,0,False,both_correct,DVB-T|DVB-T|DVB-T|DVB-T|DVB-T|DVB-T|DVB-T|DVB-T,0.99999011|0.99997354|0.99999154|0.99999154|0.99998260|0.99999416|0.99998963|0.99999464,0.99999011|0.99997354|0.99999154|0.99999154|0.99998260|0.99999416|0.99998963|0.99999464
tr_external_uz_dvbt_f482_r09,11,8704,DVB-T,0.8671802282333374,0.8671802282333374,DVB-T,0.9999897927045822,0.9999897927045822,8,0,0,False,both_correct,DVB-T|DVB-T|DVB-T|DVB-T|DVB-T|DVB-T|DVB-T|DVB-T,0.99999642|0.99998879|0.99998939|0.99998534|0.99998844|0.99999154|0.99998534|0.99999309,0.99999642|0.99998879|0.99998939|0.99998534|0.99998844|0.99999154|0.99998534|0.99999309
tr_external_uz_dvbt_f482_r09,12,8705,DVB-T,0.7409086227416992,0.7409086227416992,DVB-T,0.9999651908874512,0.9999651908874512,8,0,0,False,both_correct,DVB-T|DVB-T|DVB-T|DVB-T|DVB-T|DVB-T|DVB-T|DVB-T,0.99996912|0.99999321|0.99987793|0.99999118|0.99997139|0.99996316|0.99999201|0.99996352,0.99996912|0.99999321|0.99987793|0.99999118|0.99997139|0.99996316|0.99999201|0.99996352
tr_external_uz_dvbt_f482_r09,13,8706,DVB-T,0.7499582767486572,0.7499582767486572,DVB-T,0.9999808371067047,0.9999808371067047,8,0,0,False,both_correct,DVB-T|DVB-T|DVB-T|DVB-T|DVB-T|DVB-T|DVB-T|DVB-T,0.99995613|0.99998093|0.99999487|0.99998510|0.99998379|0.99998522|0.99998748|0.99997318,0.99995613|0.99998093|0.99999487|0.99998510|0.99998379|0.99998522|0.99998748|0.99997318
tr_external_uz_dvbt_f482_r09,14,8707,DVB-T,0.6717032790184021,0.6717032790184021,DVB-T,0.9999359995126724,0.9999359995126724,8,0,0,False,both_correct,DVB-T|DVB-T|DVB-T|DVB-T|DVB-T|DVB-T|DVB-T|DVB-T,0.99992025|0.99989092|0.99990785|0.99997008|0.99996793|0.99991441|0.99995708|0.99995947,0.99992025|0.99989092|0.99990785|0.99997008|0.99996793|0.99991441|0.99995708|0.99995947
tr_external_uz_dvbt_f482_r09,15,8708,DVB-T,0.9930817484855652,0.9930817484855652,DVB-T,0.9998294115066528,0.9998294115066528,8,0,0,False,both_correct,DVB-T|DVB-T|DVB-T|DVB-T|DVB-T|DVB-T|DVB-T|DVB-T,0.99997449|0.99987030|0.99989510|0.99969280|0.99995875|0.99961782|0.99993312|0.99969292,0.99997449|0.99987030|0.99989510|0.99969280|0.99995875|0.99961782|0.99993312|0.99969292
tr_external_uz_dvbt_f482_r09,16,8709,DVB-T,0.9983012676239014,0.9983012676239014,DVB-T,0.9978628903627396,0.9978628903627396,8,0,0,False,both_correct,DVB-T|DVB-T|DVB-T|DVB-T|DVB-T|DVB-T|DVB-T|DVB-T,0.98414868|0.99971360|0.99986923|0.99964130|0.99986160|0.99983859|0.99989915|0.99993098,0.98414868|0.99971360|0.99986923|0.99964130|0.99986160|0.99983859|0.99989915|0.99993098
tr_external_uz_dvbt_f482_r09,17,8710,DVB-T,0.9942157864570618,0.9942157864570618,DVB-T,0.9380863606929779,0.9380863606929779,8,0,0,False,both_correct,DVB-T|DVB-T|DVB-T|DVB-T|DVB-T|DVB-T|DVB-T|DVB-T,0.99960965|0.51354623|0.99936205|0.99915111|0.99976724|0.99971396|0.99394327|0.99959737,0.99960965|0.51354623|0.99936205|0.99915111|0.99976724|0.99971396|0.99394327|0.99959737
tr_external_uz_dvbt_f482_r09,18,8711,DVB-T,0.9996343851089478,0.9996343851089478,DVB-T,0.9972050338983536,0.9972050338983536,8,0,0,False,both_correct,DVB-T|DVB-T|DVB-T|DVB-T|DVB-T|DVB-T|DVB-T|DVB-T,0.99904221|0.99974972|0.99349207|0.99633729|0.99957305|0.99967396|0.99951470|0.99025726,0.99904221|0.99974972|0.99349207|0.99633729|0.99957305|0.99967396|0.99951470|0.99025726
tr_external_uz_dvbt_f482_r09,19,8712,DVB-T,0.9995474219322205,0.9995474219322205,DVB-T,0.999725952744484,0.999725952744484,8,0,0,False,both_correct,DVB-T|DVB-T|DVB-T|DVB-T|DVB-T|DVB-T|DVB-T|DVB-T,0.99966025|0.99985683|0.99966955|0.99987817|0.99917859|0.99987280|0.99981338|0.99987805,0.99966025|0.99985683|0.99966955|0.99987817|0.99917859|0.99987280|0.99981338|0.99987805
tr_external_uz_dvbt_f482_r09,20,8713,DVB-T,0.999619722366333,0.999619722366333,DVB-T,0.9998464584350586,0.9998464584350586,8,0,0,False,both_correct,DVB-T|DVB-T|DVB-T|DVB-T|DVB-T|DVB-T|DVB-T|DVB-T,0.99987185|0.99992776|0.99986804|0.99977177|0.99999094|0.99996388|0.99993575|0.99944168,0.99987185|0.99992776|0.99986804|0.99977177|0.99999094|0.99996388|0.99993575|0.99944168
tr_external_uz_dvbt_f482_r09,21,8714,DVB-T,0.9984750151634216,0.9984750151634216,DVB-T,0.9999447613954544,0.9999447613954544,8,0,0,False,both_correct,DVB-T|DVB-T|DVB-T|DVB-T|DVB-T|DVB-T|DVB-T|DVB-T,0.99992943|0.99992347|0.99992299|0.99995291|0.99993479|0.99994814|0.99998093|0.99996543,0.99992943|0.99992347|0.99992299|0.99995291|0.99993479|0.99994814|0.99998093|0.99996543
tr_external_uz_dvbt_f482_r09,22,8715,DVB-T,0.9928240776062012,0.9928240776062012,DVB-T,0.9999530017375946,0.9999530017375946,8,0,0,False,both_correct,DVB-T|DVB-T|DVB-T|DVB-T|DVB-T|DVB-T|DVB-T|DVB-T,0.99997878|0.99998045|0.99993491|0.99993992|0.99997079|0.99991977|0.99998331|0.99991608,0.99997878|0.99998045|0.99993491|0.99993992|0.99997079|0.99991977|0.99998331|0.99991608
tr_external_uz_dvbt_f482_r09,23,8716,DVB-T,0.9806326031684875,0.9806326031684875,DVB-T,0.9999744445085526,0.9999744445085526,8,0,0,False,both_correct,DVB-T|DVB-T|DVB-T|DVB-T|DVB-T|DVB-T|DVB-T|DVB-T,0.99998617|0.99991000|0.99998546|0.99998093|0.99998581|0.99999285|0.99996388|0.99999046,0.99998617|0.99991000|0.99998546|0.99998093|0.99998581|0.99999285|0.99996388|0.99999046
tr_external_uz_dvbt_f482_r09,24,8717,DVB-T,0.994066596031189,0.994066596031189,DVB-T,0.9999770820140839,0.9999770820140839,8,0,0,False,both_correct,DVB-T|DVB-T|DVB-T|DVB-T|DVB-T|DVB-T|DVB-T|DVB-T,0.99998009|0.99993980|0.99999166|0.99999356|0.99997389|0.99998188|0.99999523|0.99996054,0.99998009|0.99993980|0.99999166|0.99999356|0.99997389|0.99998188|0.99999523|0.99996054
tr_external_uz_dvbt_f482_r09,25,8718,DVB-T,0.9852369427680969,0.9852369427680969,DVB-T,0.9999803155660629,0.9999803155660629,8,0,0,False,both_correct,DVB-T|DVB-T|DVB-T|DVB-T|DVB-T|DVB-T|DVB-T|DVB-T,0.99997616|0.99999201|0.99996078|0.99998617|0.99998319|0.99999046|0.99999118|0.99996257,0.99997616|0.99999201|0.99996078|0.99998617|0.99998319|0.99999046|0.99999118|0.99996257
tr_external_uz_dvbt_f482_r09,26,8719,DVB-T,0.9911425113677979,0.9911425113677979,DVB-T,0.9999792277812958,0.9999792277812958,8,0,0,False,both_correct,DVB-T|DVB-T|DVB-T|DVB-T|DVB-T|DVB-T|DVB-T|DVB-T,0.99992037|0.99998462|0.99998927|0.99998939|0.99999034|0.99999011|0.99999142|0.99997830,0.99992037|0.99998462|0.99998927|0.99998939|0.99999034|0.99999011|0.99999142|0.99997830
tr_external_uz_dvbt_f482_r09,27,8720,DVB-T,0.995854377746582,0.995854377746582,DVB-T,0.9999799728393555,0.9999799728393555,8,0,0,False,both_correct,DVB-T|DVB-T|DVB-T|DVB-T|DVB-T|DVB-T|DVB-T|DVB-T,0.99997449|0.99997711|0.99999523|0.99998820|0.99994302|0.99999368|0.99997759|0.99999046,0.99997449|0.99997711|0.99999523|0.99998820|0.99994302|0.99999368|0.99997759|0.99999046
tr_external_uz_dvbt_f482_r09,28,8721,DVB-T,0.9617661237716675,0.9617661237716675,DVB-T,0.99998340010643,0.99998340010643,8,0,0,False,both_correct,DVB-T|DVB-T|DVB-T|DVB-T|DVB-T|DVB-T|DVB-T|DVB-T,0.99999261|0.99999678|0.99997735|0.99998701|0.99995959|0.99999237|0.99998236|0.99997914,0.99999261|0.99999678|0.99997735|0.99998701|0.99995959|0.99999237|0.99998236|0.99997914
tr_external_uz_dvbt_f482_r09,29,8722,DVB-T,0.7002428770065308,0.7002428770065308,DVB-T,0.9999798238277435,0.9999798238277435,8,0,0,False,both_correct,DVB-T|DVB-T|DVB-T|DVB-T|DVB-T|DVB-T|DVB-T|DVB-T,0.99997294|0.99998820|0.99997556|0.99998641|0.99998367|0.99996269|0.99998808|0.99998105,0.99997294|0.99998820|0.99997556|0.99998641|0.99998367|0.99996269|0.99998808|0.99998105
tr_external_uz_dvbt_f482_r09,30,8723,LTE,0.579876184463501,0.41488009691238403,DVB-T,0.9999746233224869,0.9999746233224869,8,0,0,False,only_512_correct,DVB-T|DVB-T|DVB-T|DVB-T|DVB-T|DVB-T|DVB-T|DVB-T,0.99998558|0.99997413|0.99997377|0.99992669|0.99998987|0.99997199|0.99998665|0.99998832,0.99998558|0.99997413|0.99997377|0.99992669|0.99998987|0.99997199|0.99998665|0.99998832
tr_external_uz_dvbt_f482_r09,31,8724,DVB-T,0.9066129922866821,0.9066129922866821,DVB-T,0.9999596178531647,0.9999596178531647,8,0,0,False,both_correct,DVB-T|DVB-T|DVB-T|DVB-T|DVB-T|DVB-T|DVB-T|DVB-T,0.99996340|0.99998629|0.99993587|0.99998045|0.99996603|0.99998474|0.99992430|0.99993587,0.99996340|0.99998629|0.99993587|0.99998045|0.99996603|0.99998474|0.99992430|0.99993587
tr_external_uz_dvbt_f482_r09,32,8725,DVB-T,0.6436565518379211,0.6436565518379211,DVB-T,0.9984819442033768,0.9984819442033768,8,0,0,False,both_correct,DVB-T|DVB-T|DVB-T|DVB-T|DVB-T|DVB-T|DVB-T|DVB-T,0.99991977|0.99996090|0.99995697|0.99993491|0.99990559|0.99996662|0.99987602|0.98833477,0.99991977|0.99996090|0.99995697|0.99993491|0.99990559|0.99996662|0.99987602|0.98833477
tr_external_uz_dvbt_f482_r09,33,8726,DVB-T,0.8448619246482849,0.8448619246482849,DVB-T,0.9993899241089821,0.9993899241089821,8,0,0,False,both_correct,DVB-T|DVB-T|DVB-T|DVB-T|DVB-T|DVB-T|DVB-T|DVB-T,0.99988425|0.99917930|0.99958009|0.99973565|0.99890518|0.99941432|0.99972910|0.99869150,0.99988425|0.99917930|0.99958009|0.99973565|0.99890518|0.99941432|0.99972910|0.99869150
tr_external_uz_dvbt_f482_r09,34,8727,DVB-T,0.9763933420181274,0.9763933420181274,DVB-T,0.9973163083195686,0.9973163083195686,8,0,0,False,both_correct,DVB-T|DVB-T|DVB-T|DVB-T|DVB-T|DVB-T|DVB-T|DVB-T,0.99770540|0.99940228|0.99879611|0.99791425|0.99853802|0.99734747|0.98895103|0.99987590,0.99770540|0.99940228|0.99879611|0.99791425|0.99853802|0.99734747|0.98895103|0.99987590
tr_external_uz_dvbt_f482_r09,35,8728,DVB-T,0.9877389073371887,0.9877389073371887,DVB-T,0.9922430142760277,0.9922430142760277,8,0,0,False,both_correct,DVB-T|DVB-T|DVB-T|DVB-T|DVB-T|DVB-T|DVB-T|DVB-T,0.99918753|0.99990916|0.99919897|0.99918324|0.98718798|0.99930871|0.99899083|0.95497769,0.99918753|0.99990916|0.99919897|0.99918324|0.98718798|0.99930871|0.99899083|0.95497769
tr_external_uz_dvbt_f482_r09,36,8729,DVB-T,0.99941086769104,0.99941086769104,DVB-T,0.994725227355957,0.994725227355957,8,0,0,False,both_correct,DVB-T|DVB-T|DVB-T|DVB-T|DVB-T|DVB-T|DVB-T|DVB-T,0.99966824|0.99963689|0.99989474|0.99996257|0.95928854|0.99995434|0.99970764|0.99968886,0.99966824|0.99963689|0.99989474|0.99996257|0.95928854|0.99995434|0.99970764|0.99968886
tr_external_uz_dvbt_f482_r09,37,8730,DVB-T,0.9937834739685059,0.9937834739685059,DVB-T,0.9999228417873383,0.9999228417873383,8,0,0,False,both_correct,DVB-T|DVB-T|DVB-T|DVB-T|DVB-T|DVB-T|DVB-T|DVB-T,0.99994910|0.99996901|0.99990344|0.99984121|0.99990284|0.99994218|0.99995923|0.99991572,0.99994910|0.99996901|0.99990344|0.99984121|0.99990284|0.99994218|0.99995923|0.99991572
tr_external_uz_dvbt_f482_r09,38,8731,DVB-T,0.9978493452072144,0.9978493452072144,DVB-T,0.9998377189040184,0.9998377189040184,8,0,0,False,both_correct,DVB-T|DVB-T|DVB-T|DVB-T|DVB-T|DVB-T|DVB-T|DVB-T,0.99996066|0.99996710|0.99992180|0.99996388|0.99992657|0.99905628|0.99997830|0.99992716,0.99996066|0.99996710|0.99992180|0.99996388|0.99992657|0.99905628|0.99997830|0.99992716
tr_external_uz_dvbt_f482_r09,39,8732,DVB-T,0.9991094470024109,0.9991094470024109,DVB-T,0.999965563416481,0.999965563416481,8,0,0,False,both_correct,DVB-T|DVB-T|DVB-T|DVB-T|DVB-T|DVB-T|DVB-T|DVB-T,0.99998832|0.99995434|0.99997389|0.99998474|0.99997771|0.99990880|0.99996126|0.99997544,0.99998832|0.99995434|0.99997389|0.99998474|0.99997771|0.99990880|0.99996126|0.99997544
tr_external_uz_dvbt_f482_r09,40,8733,DVB-T,0.9991849064826965,0.9991849064826965,DVB-T,0.9999490082263947,0.9999490082263947,8,0,0,False,both_correct,DVB-T|DVB-T|DVB-T|DVB-T|DVB-T|DVB-T|DVB-T|DVB-T,0.99997485|0.99985290|0.99997950|0.99984491|0.99998319|0.99998689|0.99997926|0.99999058,0.99997485|0.99985290|0.99997950|0.99984491|0.99998319|0.99998689|0.99997926|0.99999058
tr_external_uz_dvbt_f482_r09,41,8734,DVB-T,0.998784601688385,0.998784601688385,DVB-T,0.999952606856823,0.999952606856823,8,0,0,False,both_correct,DVB-T|DVB-T|DVB-T|DVB-T|DVB-T|DVB-T|DVB-T|DVB-T,0.99996924|0.99998438|0.99995124|0.99999547|0.99976546|0.99999201|0.99997294|0.99999011,0.99996924|0.99998438|0.99995124|0.99999547|0.99976546|0.99999201|0.99997294|0.99999011
tr_external_uz_dvbt_f482_r09,42,8735,DVB-T,0.987636923789978,0.987636923789978,DVB-T,0.9999809861183167,0.9999809861183167,8,0,0,False,both_correct,DVB-T|DVB-T|DVB-T|DVB-T|DVB-T|DVB-T|DVB-T|DVB-T,0.99999034|0.99998057|0.99998808|0.99995327|0.99998748|0.99997950|0.99998629|0.99998236,0.99999034|0.99998057|0.99998808|0.99995327|0.99998748|0.99997950|0.99998629|0.99998236
tr_external_uz_dvbt_f482_r09,43,8736,DVB-T,0.9911558628082275,0.9911558628082275,DVB-T,0.9999866187572479,0.9999866187572479,8,0,0,False,both_correct,DVB-T|DVB-T|DVB-T|DVB-T|DVB-T|DVB-T|DVB-T|DVB-T,0.99999130|0.99997377|0.99998760|0.99997401|0.99999380|0.99998736|0.99999392|0.99999118,0.99999130|0.99997377|0.99998760|0.99997401|0.99999380|0.99998736|0.99999392|0.99999118
tr_external_uz_dvbt_f482_r09,44,8737,DVB-T,0.972011387348175,0.972011387348175,DVB-T,0.9999816119670868,0.9999816119670868,8,0,0,False,both_correct,DVB-T|DVB-T|DVB-T|DVB-T|DVB-T|DVB-T|DVB-T|DVB-T,0.99999321|0.99999070|0.99998987|0.99999380|0.99997556|0.99998009|0.99994266|0.99998701,0.99999321|0.99999070|0.99998987|0.99999380|0.99997556|0.99998009|0.99994266|0.99998701
tr_external_uz_dvbt_f482_r09,45,8738,DVB-T,0.9949943423271179,0.9949943423271179,DVB-T,0.9999805241823196,0.9999805241823196,8,0,0,False,both_correct,DVB-T|DVB-T|DVB-T|DVB-T|DVB-T|DVB-T|DVB-T|DVB-T,0.99998546|0.99996233|0.99998534|0.99997830|0.99999082|0.99999189|0.99998987|0.99996018,0.99998546|0.99996233|0.99998534|0.99997830|0.99999082|0.99999189|0.99998987|0.99996018
tr_external_uz_dvbt_f482_r09,46,8739,DVB-T,0.9811301827430725,0.9811301827430725,DVB-T,0.9999738782644272,0.9999738782644272,8,0,0,False,both_correct,DVB-T|DVB-T|DVB-T|DVB-T|DVB-T|DVB-T|DVB-T|DVB-T,0.99997973|0.99995053|0.99997389|0.99998152|0.99996138|0.99999130|0.99998939|0.99996328,0.99997973|0.99995053|0.99997389|0.99998152|0.99996138|0.99999130|0.99998939|0.99996328
tr_external_uz_dvbt_f482_r09,47,8740,DVB-T,0.9548751711845398,0.9548751711845398,DVB-T,0.9999572783708572,0.9999572783708572,8,0,0,False,both_correct,DVB-T|DVB-T|DVB-T|DVB-T|DVB-T|DVB-T|DVB-T|DVB-T,0.99998832|0.99996758|0.99999237|0.99989629|0.99998271|0.99997234|0.99990809|0.99995053,0.99998832|0.99996758|0.99999237|0.99989629|0.99998271|0.99997234|0.99990809|0.99995053
tr_external_uz_dvbt_f482_r09,48,8741,DVB-T,0.9313353300094604,0.9313353300094604,DVB-T,0.9999754428863525,0.9999754428863525,8,0,0,False,both_correct,DVB-T|DVB-T|DVB-T|DVB-T|DVB-T|DVB-T|DVB-T|DVB-T,0.99995553|0.99997318|0.99998116|0.99997628|0.99999154|0.99996114|0.99999142|0.99997330,0.99995553|0.99997318|0.99998116|0.99997628|0.99999154|0.99996114|0.99999142|0.99997330
tr_external_uz_dvbt_f482_r09,49,8742,DVB-T,0.9821163415908813,0.9821163415908813,DVB-T,0.9999581873416901,0.9999581873416901,8,0,0,False,both_correct,DVB-T|DVB-T|DVB-T|DVB-T|DVB-T|DVB-T|DVB-T|DVB-T,0.99995661|0.99999011|0.99999213|0.99993885|0.99997938|0.99998140|0.99988329|0.99994373,0.99995661|0.99999011|0.99999213|0.99993885|0.99997938|0.99998140|0.99988329|0.99994373
tr_external_uz_dvbt_f482_r09,50,8743,DVB-T,0.9565914869308472,0.9565914869308472,DVB-T,0.9999576807022095,0.9999576807022095,8,0,0,False,both_correct,DVB-T|DVB-T|DVB-T|DVB-T|DVB-T|DVB-T|DVB-T|DVB-T,0.99994361|0.99993658|0.99997282|0.99998355|0.99992907|0.99993837|0.99996924|0.99998820,0.99994361|0.99993658|0.99997282|0.99998355|0.99992907|0.99993837|0.99996924|0.99998820
tr_external_uz_dvbt_f482_r09,51,8744,DVB-T,0.9983029365539551,0.9983029365539551,DVB-T,0.999929167330265,0.999929167330265,8,0,0,False,both_correct,DVB-T|DVB-T|DVB-T|DVB-T|DVB-T|DVB-T|DVB-T|DVB-T,0.99996245|0.99997807|0.99995422|0.99988484|0.99995303|0.99979323|0.99993968|0.99996781,0.99996245|0.99997807|0.99995422|0.99988484|0.99995303|0.99979323|0.99993968|0.99996781
tr_external_uz_dvbt_f482_r09,52,8745,DVB-T,0.9985199570655823,0.9985199570655823,DVB-T,0.9999117329716682,0.9999117329716682,8,0,0,False,both_correct,DVB-T|DVB-T|DVB-T|DVB-T|DVB-T|DVB-T|DVB-T|DVB-T,0.99997282|0.99977249|0.99993932|0.99989057|0.99991596|0.99996758|0.99993479|0.99990034,0.99997282|0.99977249|0.99993932|0.99989057|0.99991596|0.99996758|0.99993479|0.99990034
tr_external_uz_dvbt_f482_r09,53,8746,DVB-T,0.998437225818634,0.998437225818634,DVB-T,0.9999475628137589,0.9999475628137589,8,0,0,False,both_correct,DVB-T|DVB-T|DVB-T|DVB-T|DVB-T|DVB-T|DVB-T|DVB-T,0.99992692|0.99992228|0.99994850|0.99994791|0.99996984|0.99995768|0.99994707|0.99996030,0.99992692|0.99992228|0.99994850|0.99994791|0.99996984|0.99995768|0.99994707|0.99996030
tr_external_uz_dvbt_f482_r09,54,8747,DVB-T,0.9459968209266663,0.9459968209266663,DVB-T,0.9998643696308136,0.9998643696308136,8,0,0,False,both_correct,DVB-T|DVB-T|DVB-T|DVB-T|DVB-T|DVB-T|DVB-T|DVB-T,0.99932492|0.99992168|0.99992847|0.99990594|0.99996412|0.99995732|0.99997151|0.99994099,0.99932492|0.99992168|0.99992847|0.99990594|0.99996412|0.99995732|0.99997151|0.99994099
tr_external_uz_dvbt_f482_r09,55,8748,DVB-T,0.9977942705154419,0.9977942705154419,DVB-T,0.9999552369117737,0.9999552369117737,8,0,0,False,both_correct,DVB-T|DVB-T|DVB-T|DVB-T|DVB-T|DVB-T|DVB-T|DVB-T,0.99997532|0.99995160|0.99992490|0.99992919|0.99992764|0.99997461|0.99996531|0.99999332,0.99997532|0.99995160|0.99992490|0.99992919|0.99992764|0.99997461|0.99996531|0.99999332
tr_external_uz_dvbt_f482_r09,56,8749,DVB-T,0.9982219338417053,0.9982219338417053,DVB-T,0.9999241307377815,0.9999241307377815,8,0,0,False,both_correct,DVB-T|DVB-T|DVB-T|DVB-T|DVB-T|DVB-T|DVB-T|DVB-T,0.99992764|0.99993265|0.99980563|0.99995875|0.99994409|0.99992001|0.99997532|0.99992895,0.99992764|0.99993265|0.99980563|0.99995875|0.99994409|0.99992001|0.99997532|0.99992895
tr_external_uz_dvbt_f482_r09,57,8750,DVB-T,0.9971592426300049,0.9971592426300049,DVB-T,0.9999551475048065,0.9999551475048065,8,0,0,False,both_correct,DVB-T|DVB-T|DVB-T|DVB-T|DVB-T|DVB-T|DVB-T|DVB-T,0.99989891|0.99997199|0.99998438|0.99995673|0.99998748|0.99990332|0.99994648|0.99999189,0.99989891|0.99997199|0.99998438|0.99995673|0.99998748|0.99990332|0.99994648|0.99999189
tr_external_uz_dvbt_f482_r09,58,8751,DVB-T,0.9684041142463684,0.9684041142463684,DVB-T,0.9999733418226242,0.9999733418226242,8,0,0,False,both_correct,DVB-T|DVB-T|DVB-T|DVB-T|DVB-T|DVB-T|DVB-T|DVB-T,0.99997425|0.99999189|0.99998879|0.99997413|0.99999380|0.99990404|0.99999094|0.99996889,0.99997425|0.99999189|0.99998879|0.99997413|0.99999380|0.99990404|0.99999094|0.99996889
tr_external_uz_dvbt_f482_r09,59,8752,DVB-T,0.978261411190033,0.978261411190033,DVB-T,0.9999811202287674,0.9999811202287674,8,0,0,False,both_correct,DVB-T|DVB-T|DVB-T|DVB-T|DVB-T|DVB-T|DVB-T|DVB-T,0.99998045|0.99998951|0.99998832|0.99999118|0.99997306|0.99998379|0.99998820|0.99995446,0.99998045|0.99998951|0.99998832|0.99999118|0.99997306|0.99998379|0.99998820|0.99995446
tr_external_uz_dvbt_f482_r09,60,8753,LTE,0.5007575750350952,0.4946320950984955,DVB-T,0.9999576956033707,0.9999576956033707,8,0,0,False,only_512_correct,DVB-T|DVB-T|DVB-T|DVB-T|DVB-T|DVB-T|DVB-T|DVB-T,0.99999082|0.99991071|0.99999321|0.99998057|0.99999487|0.99998283|0.99997509|0.99983346,0.99999082|0.99991071|0.99999321|0.99998057|0.99999487|0.99998283|0.99997509|0.99983346
tr_external_uz_dvbt_f482_r09,61,8754,LTE,0.7725403904914856,0.2231181561946869,DVB-T,0.9999864846467972,0.9999864846467972,8,0,0,False,only_512_correct,DVB-T|DVB-T|DVB-T|DVB-T|DVB-T|DVB-T|DVB-T|DVB-T,0.99998879|0.99996698|0.99999201|0.99999547|0.99999440|0.99998379|0.99998093|0.99998951,0.99998879|0.99996698|0.99999201|0.99999547|0.99999440|0.99998379|0.99998093|0.99998951
tr_external_uz_dvbt_f482_r09,62,8755,LTE,0.5474562048912048,0.44724026322364807,DVB-T,0.9999806731939316,0.9999806731939316,8,0,0,False,only_512_correct,DVB-T|DVB-T|DVB-T|DVB-T|DVB-T|DVB-T|DVB-T|DVB-T,0.99997437|0.99999356|0.99998236|0.99998426|0.99999118|0.99997962|0.99998045|0.99995959,0.99997437|0.99999356|0.99998236|0.99998426|0.99999118|0.99997962|0.99998045|0.99995959
tr_external_uz_dvbt_f482_r09,63,8756,DVB-T,0.9689987897872925,0.9689987897872925,DVB-T,0.9999552518129349,0.9999552518129349,8,0,0,False,both_correct,DVB-T|DVB-T|DVB-T|DVB-T|DVB-T|DVB-T|DVB-T|DVB-T,0.99996901|0.99996972|0.99996424|0.99999022|0.99996185|0.99997365|0.99983323|0.99998009,0.99996901|0.99996972|0.99996424|0.99999022|0.99996185|0.99997365|0.99983323|0.99998009
tr_external_uz_dvbt_f482_r09,64,8757,LTE,0.8443539142608643,0.15187159180641174,DVB-T,0.9999644160270691,0.9999644160270691,8,0,0,False,only_512_correct,DVB-T|DVB-T|DVB-T|DVB-T|DVB-T|DVB-T|DVB-T|DVB-T,0.99997151|0.99998569|0.99992764|0.99996507|0.99998319|0.99994886|0.99997425|0.99995911,0.99997151|0.99998569|0.99992764|0.99996507|0.99998319|0.99994886|0.99997425|0.99995911
tr_external_uz_dvbt_f482_r09,65,8758,DVB-T,0.982062041759491,0.982062041759491,DVB-T,0.9999689608812332,0.9999689608812332,8,0,0,False,both_correct,DVB-T|DVB-T|DVB-T|DVB-T|DVB-T|DVB-T|DVB-T|DVB-T,0.99995565|0.99997008|0.99998879|0.99997282|0.99998474|0.99997759|0.99992418|0.99997783,0.99995565|0.99997008|0.99998879|0.99997282|0.99998474|0.99997759|0.99992418|0.99997783
tr_external_uz_dvbt_f482_r09,66,8759,DVB-T,0.9181745648384094,0.9181745648384094,DVB-T,0.9999598413705826,0.9999598413705826,8,0,0,False,both_correct,DVB-T|DVB-T|DVB-T|DVB-T|DVB-T|DVB-T|DVB-T|DVB-T,0.99996769|0.99991322|0.99999177|0.99990952|0.99998581|0.99995315|0.99998820|0.99996936,0.99996769|0.99991322|0.99999177|0.99990952|0.99998581|0.99995315|0.99998820|0.99996936
tr_external_uz_dvbt_f482_r09,67,8760,DVB-T,0.8943191170692444,0.8943191170692444,DVB-T,0.9999609291553497,0.9999609291553497,8,0,0,False,both_correct,DVB-T|DVB-T|DVB-T|DVB-T|DVB-T|DVB-T|DVB-T|DVB-T,0.99998188|0.99996686|0.99995482|0.99991763|0.99997199|0.99995744|0.99996233|0.99997449,0.99998188|0.99996686|0.99995482|0.99991763|0.99997199|0.99995744|0.99996233|0.99997449
tr_external_uz_dvbt_f482_r09,68,8761,LTE,0.6136314272880554,0.38093581795692444,DVB-T,0.9997525066137314,0.9997525066137314,8,0,0,False,only_512_correct,DVB-T|DVB-T|DVB-T|DVB-T|DVB-T|DVB-T|DVB-T|DVB-T,0.99956149|0.99992943|0.99887747|0.99997377|0.99998426|0.99985754|0.99988449|0.99995160,0.99956149|0.99992943|0.99887747|0.99997377|0.99998426|0.99985754|0.99988449|0.99995160
tr_external_uz_dvbt_f482_r09,69,8762,DVB-T,0.8131994605064392,0.8131994605064392,DVB-T,0.9999432861804962,0.9999432861804962,8,0,0,False,both_correct,DVB-T|DVB-T|DVB-T|DVB-T|DVB-T|DVB-T|DVB-T|DVB-T,0.99990952|0.99995458|0.99994969|0.99998474|0.99993944|0.99992442|0.99994254|0.99994135,0.99990952|0.99995458|0.99994969|0.99998474|0.99993944|0.99992442|0.99994254|0.99994135
tr_external_uz_dvbt_f482_r09,70,8763,DVB-T,0.845025360584259,0.845025360584259,DVB-T,0.9999506622552872,0.9999506622552872,8,0,0,False,both_correct,DVB-T|DVB-T|DVB-T|DVB-T|DVB-T|DVB-T|DVB-T|DVB-T,0.99994743|0.99997246|0.99997866|0.99991393|0.99992251|0.99994385|0.99994087|0.99998558,0.99994743|0.99997246|0.99997866|0.99991393|0.99992251|0.99994385|0.99994087|0.99998558
tr_external_uz_dvbt_f482_r09,71,8764,DVB-T,0.9483286738395691,0.9483286738395691,DVB-T,0.9999179691076279,0.9999179691076279,8,0,0,False,both_correct,DVB-T|DVB-T|DVB-T|DVB-T|DVB-T|DVB-T|DVB-T|DVB-T,0.99997377|0.99996412|0.99994171|0.99998391|0.99993086|0.99965441|0.99997461|0.99992037,0.99997377|0.99996412|0.99994171|0.99998391|0.99993086|0.99965441|0.99997461|0.99992037
tr_external_uz_dvbt_f482_r09,72,8765,DVB-T,0.9942637085914612,0.9942637085914612,DVB-T,0.9999347105622292,0.9999347105622292,8,0,0,False,both_correct,DVB-T|DVB-T|DVB-T|DVB-T|DVB-T|DVB-T|DVB-T|DVB-T,0.99997437|0.99977261|0.99997675|0.99995840|0.99996889|0.99997675|0.99991667|0.99993324,0.99997437|0.99977261|0.99997675|0.99995840|0.99996889|0.99997675|0.99991667|0.99993324
tr_external_uz_dvbt_f482_r09,73,8766,DVB-T,0.9964044094085693,0.9964044094085693,DVB-T,0.9999767541885376,0.9999767541885376,8,0,0,False,both_correct,DVB-T|DVB-T|DVB-T|DVB-T|DVB-T|DVB-T|DVB-T|DVB-T,0.99998319|0.99999452|0.99995601|0.99997854|0.99996805|0.99998081|0.99998260|0.99997032,0.99998319|0.99999452|0.99995601|0.99997854|0.99996805|0.99998081|0.99998260|0.99997032
tr_external_uz_dvbt_f482_r09,74,8767,DVB-T,0.966870129108429,0.966870129108429,DVB-T,0.999948538839817,0.999948538839817,8,0,0,False,both_correct,DVB-T|DVB-T|DVB-T|DVB-T|DVB-T|DVB-T|DVB-T|DVB-T,0.99995649|0.99991488|0.99998808|0.99999106|0.99995911|0.99979836|0.99998784|0.99999249,0.99995649|0.99991488|0.99998808|0.99999106|0.99995911|0.99979836|0.99998784|0.99999249
tr_external_uz_dvbt_f482_r09,75,8768,DVB-T,0.988058865070343,0.988058865070343,DVB-T,0.9999851882457733,0.9999851882457733,8,0,0,False,both_correct,DVB-T|DVB-T|DVB-T|DVB-T|DVB-T|DVB-T|DVB-T|DVB-T,0.99995971|0.99998522|0.99999011|0.99998939|0.99998581|0.99999213|0.99998784|0.99999130,0.99995971|0.99998522|0.99999011|0.99998939|0.99998581|0.99999213|0.99998784|0.99999130
tr_external_uz_dvbt_f482_r09,76,8769,DVB-T,0.914980411529541,0.914980411529541,DVB-T,0.9999851286411285,0.9999851286411285,8,0,0,False,both_correct,DVB-T|DVB-T|DVB-T|DVB-T|DVB-T|DVB-T|DVB-T|DVB-T,0.99999344|0.99998319|0.99998701|0.99998677|0.99999046|0.99999046|0.99996746|0.99998224,0.99999344|0.99998319|0.99998701|0.99998677|0.99999046|0.99999046|0.99996746|0.99998224
tr_external_uz_dvbt_f482_r09,77,8770,DVB-T,0.9592505693435669,0.9592505693435669,DVB-T,0.9999699890613556,0.9999699890613556,8,0,0,False,both_correct,DVB-T|DVB-T|DVB-T|DVB-T|DVB-T|DVB-T|DVB-T|DVB-T,0.99999452|0.99998784|0.99998927|0.99996865|0.99994433|0.99998808|0.99990463|0.99998260,0.99999452|0.99998784|0.99998927|0.99996865|0.99994433|0.99998808|0.99990463|0.99998260
tr_external_uz_dvbt_f482_r09,78,8771,LTE,0.794711172580719,0.20127041637897491,DVB-T,0.9999687522649765,0.9999687522649765,8,0,0,False,only_512_correct,DVB-T|DVB-T|DVB-T|DVB-T|DVB-T|DVB-T|DVB-T|DVB-T,0.99998856|0.99996269|0.99998653|0.99998736|0.99996221|0.99997175|0.99998558|0.99990535,0.99998856|0.99996269|0.99998653|0.99998736|0.99996221|0.99997175|0.99998558|0.99990535
tr_external_uz_dvbt_f482_r09,79,8772,DVB-T,0.7840037941932678,0.7840037941932678,DVB-T,0.9999523758888245,0.9999523758888245,8,0,0,False,both_correct,DVB-T|DVB-T|DVB-T|DVB-T|DVB-T|DVB-T|DVB-T|DVB-T,0.99998021|0.99997354|0.99991870|0.99998844|0.99995935|0.99985790|0.99998748|0.99995339,0.99998021|0.99997354|0.99991870|0.99998844|0.99995935|0.99985790|0.99998748|0.99995339
tr_external_uz_dvbt_f482_r09,80,8773,DVB-T,0.9639332890510559,0.9639332890510559,DVB-T,0.9999372214078903,0.9999372214078903,8,0,0,False,both_correct,DVB-T|DVB-T|DVB-T|DVB-T|DVB-T|DVB-T|DVB-T|DVB-T,0.99995375|0.99997103|0.99989688|0.99995601|0.99989510|0.99995172|0.99992228|0.99995100,0.99995375|0.99997103|0.99989688|0.99995601|0.99989510|0.99995172|0.99992228|0.99995100
tr_external_uz_dvbt_f482_r09,81,8774,DVB-T,0.5452873110771179,0.5452873110771179,DVB-T,0.9998882710933685,0.9998882710933685,8,0,0,False,both_correct,DVB-T|DVB-T|DVB-T|DVB-T|DVB-T|DVB-T|DVB-T|DVB-T,0.99996865|0.99942565|0.99996614|0.99996245|0.99994707|0.99995065|0.99996865|0.99991691,0.99996865|0.99942565|0.99996614|0.99996245|0.99994707|0.99995065|0.99996865|0.99991691
tr_external_uz_dvbt_f482_r09,82,8775,DVB-T,0.9984606504440308,0.9984606504440308,DVB-T,0.999461866915226,0.999461866915226,8,0,0,False,both_correct,DVB-T|DVB-T|DVB-T|DVB-T|DVB-T|DVB-T|DVB-T|DVB-T,0.99991941|0.99987614|0.99992430|0.99996984|0.99980801|0.99989963|0.99996400|0.99633360,0.99991941|0.99987614|0.99992430|0.99996984|0.99980801|0.99989963|0.99996400|0.99633360
tr_external_uz_dvbt_f482_r09,83,8776,DVB-T,0.9953659772872925,0.9953659772872925,DVB-T,0.9998918101191521,0.9998918101191521,8,0,0,False,both_correct,DVB-T|DVB-T|DVB-T|DVB-T|DVB-T|DVB-T|DVB-T|DVB-T,0.99994218|0.99995661|0.99991930|0.99961048|0.99996758|0.99987376|0.99993789|0.99992669,0.99994218|0.99995661|0.99991930|0.99961048|0.99996758|0.99987376|0.99993789|0.99992669
tr_external_uz_dvbt_f482_r09,84,8777,DVB-T,0.9867532849311829,0.9867532849311829,DVB-T,0.9997422695159912,0.9997422695159912,8,0,0,False,both_correct,DVB-T|DVB-T|DVB-T|DVB-T|DVB-T|DVB-T|DVB-T|DVB-T,0.99988604|0.99998021|0.99864119|0.99979466|0.99992418|0.99994123|0.99990320|0.99986744,0.99988604|0.99998021|0.99864119|0.99979466|0.99992418|0.99994123|0.99990320|0.99986744
tr_external_uz_dvbt_f482_r09,85,8778,DVB-T,0.9869632124900818,0.9869632124900818,DVB-T,0.999907910823822,0.999907910823822,8,0,0,False,both_correct,DVB-T|DVB-T|DVB-T|DVB-T|DVB-T|DVB-T|DVB-T|DVB-T,0.99969506|0.99994218|0.99996591|0.99995100|0.99985158|0.99997950|0.99993360|0.99994445,0.99969506|0.99994218|0.99996591|0.99995100|0.99985158|0.99997950|0.99993360|0.99994445
tr_external_uz_dvbt_f482_r09,86,8779,DVB-T,0.9964535236358643,0.9964535236358643,DVB-T,0.9999099671840668,0.9999099671840668,8,0,0,False,both_correct,DVB-T|DVB-T|DVB-T|DVB-T|DVB-T|DVB-T|DVB-T|DVB-T,0.99998486|0.99997377|0.99992704|0.99990368|0.99966097|0.99997091|0.99987757|0.99998093,0.99998486|0.99997377|0.99992704|0.99990368|0.99966097|0.99997091|0.99987757|0.99998093
tr_external_uz_dvbt_f482_r09,87,8780,DVB-T,0.99561607837677,0.99561607837677,DVB-T,0.9999339729547501,0.9999339729547501,8,0,0,False,both_correct,DVB-T|DVB-T|DVB-T|DVB-T|DVB-T|DVB-T|DVB-T|DVB-T,0.99997354|0.99990559|0.99994516|0.99998093|0.99991906|0.99989212|0.99992394|0.99993145,0.99997354|0.99990559|0.99994516|0.99998093|0.99991906|0.99989212|0.99992394|0.99993145
tr_external_uz_dvbt_f482_r09,88,8781,DVB-T,0.9987748265266418,0.9987748265266418,DVB-T,0.9999554306268692,0.9999554306268692,8,0,0,False,both_correct,DVB-T|DVB-T|DVB-T|DVB-T|DVB-T|DVB-T|DVB-T|DVB-T,0.99996507|0.99996054|0.99998319|0.99995899|0.99997652|0.99986851|0.99995697|0.99997365,0.99996507|0.99996054|0.99998319|0.99995899|0.99997652|0.99986851|0.99995697|0.99997365
tr_external_uz_dvbt_f482_r09,89,8782,DVB-T,0.9891443848609924,0.9891443848609924,DVB-T,0.9999384805560112,0.9999384805560112,8,0,0,False,both_correct,DVB-T|DVB-T|DVB-T|DVB-T|DVB-T|DVB-T|DVB-T|DVB-T,0.99999213|0.99995971|0.99997365|0.99995542|0.99971741|0.99994814|0.99999440|0.99996698,0.99999213|0.99995971|0.99997365|0.99995542|0.99971741|0.99994814|0.99999440|0.99996698
tr_external_uz_dvbt_f482_r09,90,8783,DVB-T,0.9935454726219177,0.9935454726219177,DVB-T,0.999978169798851,0.999978169798851,8,0,0,False,both_correct,DVB-T|DVB-T|DVB-T|DVB-T|DVB-T|DVB-T|DVB-T|DVB-T,0.99996376|0.99998879|0.99998903|0.99995804|0.99996018|0.99999309|0.99998546|0.99998701,0.99996376|0.99998879|0.99998903|0.99995804|0.99996018|0.99999309|0.99998546|0.99998701
tr_external_uz_dvbt_f482_r09,91,8784,DVB-T,0.9979795813560486,0.9979795813560486,DVB-T,0.9999120086431503,0.9999120086431503,8,0,0,False,both_correct,DVB-T|DVB-T|DVB-T|DVB-T|DVB-T|DVB-T|DVB-T|DVB-T,0.99984515|0.99997795|0.99995303|0.99998331|0.99966645|0.99993670|0.99995315|0.99998033,0.99984515|0.99997795|0.99995303|0.99998331|0.99966645|0.99993670|0.99995315|0.99998033
tr_external_uz_dvbt_f482_r09,92,8785,DVB-T,0.956198513507843,0.956198513507843,DVB-T,0.9999028816819191,0.9999028816819191,8,0,0,False,both_correct,DVB-T|DVB-T|DVB-T|DVB-T|DVB-T|DVB-T|DVB-T|DVB-T,0.99995446|0.99995315|0.99994230|0.99995470|0.99998009|0.99989164|0.99960059|0.99994612,0.99995446|0.99995315|0.99994230|0.99995470|0.99998009|0.99989164|0.99960059|0.99994612
tr_external_uz_dvbt_f482_r09,93,8786,DVB-T,0.996334433555603,0.996334433555603,DVB-T,0.9922339469194412,0.9922339469194412,8,0,0,False,both_correct,DVB-T|DVB-T|DVB-T|DVB-T|DVB-T|DVB-T|DVB-T|DVB-T,0.99984896|0.99945170|0.99964249|0.99985909|0.99991500|0.99973410|0.94010305|0.99931717,0.99984896|0.99945170|0.99964249|0.99985909|0.99991500|0.99973410|0.94010305|0.99931717
tr_external_uz_dvbt_f482_r09,94,8787,DVB-T,0.9983193278312683,0.9983193278312683,DVB-T,0.9995796978473663,0.9995796978473663,8,0,0,False,both_correct,DVB-T|DVB-T|DVB-T|DVB-T|DVB-T|DVB-T|DVB-T|DVB-T,0.99939871|0.99902010|0.99961025|0.99986482|0.99996519|0.99994695|0.99894899|0.99988258,0.99939871|0.99902010|0.99961025|0.99986482|0.99996519|0.99994695|0.99894899|0.99988258
tr_external_uz_dvbt_f482_r09,95,8788,DVB-T,0.9981253743171692,0.9981253743171692,DVB-T,0.9996140077710152,0.9996140077710152,8,0,0,False,both_correct,DVB-T|DVB-T|DVB-T|DVB-T|DVB-T|DVB-T|DVB-T|DVB-T,0.99988103|0.99932516|0.99981147|0.99994862|0.99986625|0.99857903|0.99953818|0.99996233,0.99988103|0.99932516|0.99981147|0.99994862|0.99986625|0.99857903|0.99953818|0.99996233
tr_external_uz_dvbt_f482_r09,96,8789,DVB-T,0.9906875491142273,0.9906875491142273,DVB-T,0.9996528252959251,0.9996528252959251,8,0,0,False,both_correct,DVB-T|DVB-T|DVB-T|DVB-T|DVB-T|DVB-T|DVB-T|DVB-T,0.99994886|0.99959105|0.99996138|0.99793601|0.99995649|0.99996400|0.99992025|0.99994457,0.99994886|0.99959105|0.99996138|0.99793601|0.99995649|0.99996400|0.99992025|0.99994457
tr_external_uz_dvbt_f482_r09,97,8790,DVB-T,0.9750545620918274,0.9750545620918274,DVB-T,0.9999123364686966,0.9999123364686966,8,0,0,False,both_correct,DVB-T|DVB-T|DVB-T|DVB-T|DVB-T|DVB-T|DVB-T|DVB-T,0.99981743|0.99998224|0.99995780|0.99990427|0.99973148|0.99997032|0.99997723|0.99995792,0.99981743|0.99998224|0.99995780|0.99990427|0.99973148|0.99997032|0.99997723|0.99995792
tr_external_uz_dvbt_f482_r09,98,8791,DVB-T,0.983881950378418,0.983881950378418,DVB-T,0.9999607354402542,0.9999607354402542,8,0,0,False,both_correct,DVB-T|DVB-T|DVB-T|DVB-T|DVB-T|DVB-T|DVB-T|DVB-T,0.99998534|0.99996769|0.99997759|0.99997163|0.99995625|0.99994278|0.99989355|0.99999106,0.99998534|0.99996769|0.99997759|0.99997163|0.99995625|0.99994278|0.99989355|0.99999106
tr_external_uz_dvbt_f482_r09,99,8792,DVB-T,0.9679029583930969,0.9679029583930969,DVB-T,0.9999525547027588,0.9999525547027588,8,0,0,False,both_correct,DVB-T|DVB-T|DVB-T|DVB-T|DVB-T|DVB-T|DVB-T|DVB-T,0.99992478|0.99997032|0.99999094|0.99989450|0.99992263|0.99998224|0.99996567|0.99996936,0.99992478|0.99997032|0.99999094|0.99989450|0.99992263|0.99998224|0.99996567|0.99996936
tr_external_uz_dvbt_f482_r09,100,8793,DVB-T,0.9980674386024475,0.9980674386024475,DVB-T,0.9999567866325378,0.9999567866325378,8,0,0,False,both_correct,DVB-T|DVB-T|DVB-T|DVB-T|DVB-T|DVB-T|DVB-T|DVB-T,0.99997795|0.99997568|0.99993229|0.99994338|0.99997568|0.99996519|0.99991632|0.99996781,0.99997795|0.99997568|0.99993229|0.99994338|0.99997568|0.99996519|0.99991632|0.99996781
tr_external_uz_dvbt_f482_r09,101,8794,DVB-T,0.996475875377655,0.996475875377655,DVB-T,0.9998219385743141,0.9998219385743141,8,0,0,False,both_correct,DVB-T|DVB-T|DVB-T|DVB-T|DVB-T|DVB-T|DVB-T|DVB-T,0.99997139|0.99970788|0.99993539|0.99991143|0.99987388|0.99945182|0.99995792|0.99976581,0.99997139|0.99970788|0.99993539|0.99991143|0.99987388|0.99945182|0.99995792|0.99976581
tr_external_uz_dvbt_f482_r09,102,8795,DVB-T,0.9984779953956604,0.9984779953956604,DVB-T,0.9998417347669601,0.9998417347669601,8,0,0,False,both_correct,DVB-T|DVB-T|DVB-T|DVB-T|DVB-T|DVB-T|DVB-T|DVB-T,0.99992335|0.99977678|0.99995375|0.99953568|0.99987304|0.99991143|0.99980778|0.99995208,0.99992335|0.99977678|0.99995375|0.99953568|0.99987304|0.99991143|0.99980778|0.99995208
tr_external_uz_dvbt_f482_r09,103,8796,DVB-T,0.9991543292999268,0.9991543292999268,DVB-T,0.9998185634613037,0.9998185634613037,8,0,0,False,both_correct,DVB-T|DVB-T|DVB-T|DVB-T|DVB-T|DVB-T|DVB-T|DVB-T,0.99975938|0.99967551|0.99967527|0.99996054|0.99983990|0.99993217|0.99992681|0.99977893,0.99975938|0.99967551|0.99967527|0.99996054|0.99983990|0.99993217|0.99992681|0.99977893
tr_external_uz_dvbt_f482_r09,104,8797,DVB-T,0.9985601305961609,0.9985601305961609,DVB-T,0.999892421066761,0.999892421066761,8,0,0,False,both_correct,DVB-T|DVB-T|DVB-T|DVB-T|DVB-T|DVB-T|DVB-T|DVB-T,0.99989843|0.99971002|0.99990332|0.99985397|0.99990702|0.99997139|0.99995768|0.99993753,0.99989843|0.99971002|0.99990332|0.99985397|0.99990702|0.99997139|0.99995768|0.99993753
tr_external_uz_dvbt_f482_r09,105,8798,DVB-T,0.9983649849891663,0.9983649849891663,DVB-T,0.999580018222332,0.999580018222332,8,0,0,False,both_correct,DVB-T|DVB-T|DVB-T|DVB-T|DVB-T|DVB-T|DVB-T|DVB-T,0.99974543|0.99992239|0.99821281|0.99955279|0.99945873|0.99994695|0.99986994|0.99993110,0.99974543|0.99992239|0.99821281|0.99955279|0.99945873|0.99994695|0.99986994|0.99993110
tr_external_uz_dvbt_f482_r09,106,8799,DVB-T,0.9981316924095154,0.9981316924095154,DVB-T,0.9999247193336487,0.9999247193336487,8,0,0,False,both_correct,DVB-T|DVB-T|DVB-T|DVB-T|DVB-T|DVB-T|DVB-T|DVB-T,0.99987102|0.99987161|0.99994922|0.99997437|0.99994087|0.99985778|0.99994791|0.99998498,0.99987102|0.99987161|0.99994922|0.99997437|0.99994087|0.99985778|0.99994791|0.99998498
tr_external_uz_dvbt_f482_r09,107,8800,DVB-T,0.9979299306869507,0.9979299306869507,DVB-T,0.9998326078057289,0.9998326078057289,8,0,0,False,both_correct,DVB-T|DVB-T|DVB-T|DVB-T|DVB-T|DVB-T|DVB-T|DVB-T,0.99995196|0.99921107|0.99995816|0.99982542|0.99992049|0.99990284|0.99994731|0.99994361,0.99995196|0.99921107|0.99995816|0.99982542|0.99992049|0.99990284|0.99994731|0.99994361
tr_external_uz_dvbt_f482_r09,108,8801,DVB-T,0.9984607696533203,0.9984607696533203,DVB-T,0.9997156336903572,0.9997156336903572,8,0,0,False,both_correct,DVB-T|DVB-T|DVB-T|DVB-T|DVB-T|DVB-T|DVB-T|DVB-T,0.99941921|0.99997711|0.99975425|0.99993813|0.99980098|0.99900228|0.99994922|0.99988389,0.99941921|0.99997711|0.99975425|0.99993813|0.99980098|0.99900228|0.99994922|0.99988389
tr_external_uz_dvbt_f482_r09,109,8802,DVB-T,0.9873393774032593,0.9873393774032593,DVB-T,0.9996300265192986,0.9996300265192986,8,0,0,False,both_correct,DVB-T|DVB-T|DVB-T|DVB-T|DVB-T|DVB-T|DVB-T|DVB-T,0.99994159|0.99996424|0.99982661|0.99979776|0.99995327|0.99775827|0.99999094|0.99980754,0.99994159|0.99996424|0.99982661|0.99979776|0.99995327|0.99775827|0.99999094|0.99980754
tr_external_uz_dvbt_f482_r09,110,8803,DVB-T,0.9807219505310059,0.9807219505310059,DVB-T,0.9999362528324127,0.9999362528324127,8,0,0,False,both_correct,DVB-T|DVB-T|DVB-T|DVB-T|DVB-T|DVB-T|DVB-T|DVB-T,0.99990261|0.99997687|0.99991977|0.99998629|0.99990618|0.99990773|0.99998868|0.99990189,0.99990261|0.99997687|0.99991977|0.99998629|0.99990618|0.99990773|0.99998868|0.99990189
tr_external_uz_dvbt_f482_r09,111,8804,DVB-T,0.9763442277908325,0.9763442277908325,DVB-T,0.9999730587005615,0.9999730587005615,8,0,0,False,both_correct,DVB-T|DVB-T|DVB-T|DVB-T|DVB-T|DVB-T|DVB-T|DVB-T,0.99998343|0.99998677|0.99998963|0.99995828|0.99996328|0.99996626|0.99997962|0.99995720,0.99998343|0.99998677|0.99998963|0.99995828|0.99996328|0.99996626|0.99997962|0.99995720
tr_external_uz_dvbt_f482_r09,112,8805,LTE,0.6642821431159973,0.33086222410202026,DVB-T,0.9999630600214005,0.9999630600214005,8,0,0,False,only_512_correct,DVB-T|DVB-T|DVB-T|DVB-T|DVB-T|DVB-T|DVB-T|DVB-T,0.99996328|0.99997389|0.99996185|0.99998820|0.99993062|0.99998546|0.99991965|0.99998152,0.99996328|0.99997389|0.99996185|0.99998820|0.99993062|0.99998546|0.99991965|0.99998152
tr_external_uz_dvbt_f482_r09,113,8806,DVB-T,0.8053336143493652,0.8053336143493652,DVB-T,0.9999354556202888,0.9999354556202888,8,0,0,False,both_correct,DVB-T|DVB-T|DVB-T|DVB-T|DVB-T|DVB-T|DVB-T|DVB-T,0.99998033|0.99973720|0.99988806|0.99998403|0.99997377|0.99995911|0.99997461|0.99998653,0.99998033|0.99973720|0.99988806|0.99998403|0.99997377|0.99995911|0.99997461|0.99998653
tr_external_uz_dvbt_f482_r09,114,8807,DVB-T,0.6936511397361755,0.6936511397361755,DVB-T,0.9999235346913338,0.9999235346913338,8,0,0,False,both_correct,DVB-T|DVB-T|DVB-T|DVB-T|DVB-T|DVB-T|DVB-T|DVB-T,0.99997056|0.99989533|0.99994230|0.99993420|0.99978369|0.99997139|0.99992335|0.99996746,0.99997056|0.99989533|0.99994230|0.99993420|0.99978369|0.99997139|0.99992335|0.99996746
tr_external_uz_dvbt_f482_r09,115,8808,LTE,0.8823038339614868,0.1145804226398468,DVB-T,0.9999255836009979,0.9999255836009979,8,0,0,False,only_512_correct,DVB-T|DVB-T|DVB-T|DVB-T|DVB-T|DVB-T|DVB-T|DVB-T,0.99987113|0.99995720|0.99987626|0.99986494|0.99994779|0.99996436|0.99997532|0.99994767,0.99987113|0.99995720|0.99987626|0.99986494|0.99994779|0.99996436|0.99997532|0.99994767
tr_external_uz_dvbt_f482_r09,116,8809,DVB-T,0.9751509428024292,0.9751509428024292,DVB-T,0.9998916238546371,0.9998916238546371,8,0,0,False,both_correct,DVB-T|DVB-T|DVB-T|DVB-T|DVB-T|DVB-T|DVB-T|DVB-T,0.99987876|0.99997079|0.99988091|0.99990392|0.99977213|0.99982506|0.99992824|0.99997318,0.99987876|0.99997079|0.99988091|0.99990392|0.99977213|0.99982506|0.99992824|0.99997318
tr_external_uz_dvbt_f482_r09,117,8810,DVB-T,0.9876965880393982,0.9876965880393982,DVB-T,0.9994625672698021,0.9994625672698021,8,0,0,False,both_correct,DVB-T|DVB-T|DVB-T|DVB-T|DVB-T|DVB-T|DVB-T|DVB-T,0.99993443|0.99980515|0.99986005|0.99997056|0.99642640|0.99981755|0.99997544|0.99991095,0.99993443|0.99980515|0.99986005|0.99997056|0.99642640|0.99981755|0.99997544|0.99991095
tr_external_uz_dvbt_f482_r09,118,8811,DVB-T,0.9798756837844849,0.9798756837844849,DVB-T,0.9998379126191139,0.9998379126191139,8,0,0,False,both_correct,DVB-T|DVB-T|DVB-T|DVB-T|DVB-T|DVB-T|DVB-T|DVB-T,0.99996233|0.99995244|0.99990737|0.99986625|0.99961406|0.99995446|0.99949169|0.99995470,0.99996233|0.99995244|0.99990737|0.99986625|0.99961406|0.99995446|0.99949169|0.99995470
tr_external_uz_dvbt_f482_r09,119,8812,DVB-T,0.9964489936828613,0.9964489936828613,DVB-T,0.9999155551195145,0.9999155551195145,8,0,0,False,both_correct,DVB-T|DVB-T|DVB-T|DVB-T|DVB-T|DVB-T|DVB-T|DVB-T,0.99992704|0.99996519|0.99984634|0.99991846|0.99990726|0.99995697|0.99992633|0.99987686,0.99992704|0.99996519|0.99984634|0.99991846|0.99990726|0.99995697|0.99992633|0.99987686
tr_external_uz_dvbt_f482_r09,120,8813,DVB-T,0.9986891150474548,0.9986891150474548,DVB-T,0.9997427836060524,0.9997427836060524,8,0,0,False,both_correct,DVB-T|DVB-T|DVB-T|DVB-T|DVB-T|DVB-T|DVB-T|DVB-T,0.99994195|0.99969161|0.99945241|0.99982256|0.99974006|0.99948454|0.99994695|0.99986219,0.99994195|0.99969161|0.99945241|0.99982256|0.99974006|0.99948454|0.99994695|0.99986219
tr_external_uz_dvbt_f482_r09,121,8814,DVB-T,0.9978634715080261,0.9978634715080261,DVB-T,0.9998511448502541,0.9998511448502541,8,0,0,False,both_correct,DVB-T|DVB-T|DVB-T|DVB-T|DVB-T|DVB-T|DVB-T|DVB-T,0.99994731|0.99988246|0.99985170|0.99990070|0.99975437|0.99987650|0.99979597|0.99980015,0.99994731|0.99988246|0.99985170|0.99990070|0.99975437|0.99987650|0.99979597|0.99980015
tr_external_uz_dvbt_f482_r09,122,8815,DVB-T,0.998228132724762,0.998228132724762,DVB-T,0.9932773262262344,0.9932773262262344,8,0,0,False,both_correct,DVB-T|DVB-T|DVB-T|DVB-T|DVB-T|DVB-T|DVB-T|DVB-T,0.99985266|0.99972028|0.99452078|0.99955207|0.99944788|0.99931276|0.99170649|0.96210569,0.99985266|0.99972028|0.99452078|0.99955207|0.99944788|0.99931276|0.99170649|0.96210569
tr_external_uz_dvbt_f482_r09,123,8816,DVB-T,0.999596893787384,0.999596893787384,DVB-T,0.9997033551335335,0.9997033551335335,8,0,0,False,both_correct,DVB-T|DVB-T|DVB-T|DVB-T|DVB-T|DVB-T|DVB-T|DVB-T,0.99991405|0.99956805|0.99969184|0.99921107|0.99971002|0.99984503|0.99971956|0.99996722,0.99991405|0.99956805|0.99969184|0.99921107|0.99971002|0.99984503|0.99971956|0.99996722
tr_external_uz_dvbt_f482_r09,124,8817,DVB-T,0.9995928406715393,0.9995928406715393,DVB-T,0.9994931668043137,0.9994931668043137,8,0,0,False,both_correct,DVB-T|DVB-T|DVB-T|DVB-T|DVB-T|DVB-T|DVB-T|DVB-T,0.99756062|0.99974710|0.99996901|0.99978107|0.99978560|0.99928707|0.99993181|0.99988306,0.99756062|0.99974710|0.99996901|0.99978107|0.99978560|0.99928707|0.99993181|0.99988306
tr_external_uz_dvbt_f482_r09,125,8818,DVB-T,0.9997026324272156,0.9997026324272156,DVB-T,0.9995936900377274,0.9995936900377274,8,0,0,False,both_correct,DVB-T|DVB-T|DVB-T|DVB-T|DVB-T|DVB-T|DVB-T|DVB-T,0.99985862|0.99975580|0.99930298|0.99957699|0.99980158|0.99996495|0.99858791|0.99990070,0.99985862|0.99975580|0.99930298|0.99957699|0.99980158|0.99996495|0.99858791|0.99990070
tr_external_uz_dvbt_f482_r09,126,8819,DVB-T,0.9996587038040161,0.9996587038040161,DVB-T,0.9998388960957527,0.9998388960957527,8,0,0,False,both_correct,DVB-T|DVB-T|DVB-T|DVB-T|DVB-T|DVB-T|DVB-T|DVB-T,0.99974054|0.99965787|0.99994266|0.99994957|0.99968135|0.99993563|0.99990320|0.99990034,0.99974054|0.99965787|0.99994266|0.99994957|0.99968135|0.99993563|0.99990320|0.99990034
tr_external_uz_dvbt_f482_r09,127,8820,DVB-T,0.9990968704223633,0.9990968704223633,DVB-T,0.9998655989766121,0.9998655989766121,8,0,0,False,both_correct,DVB-T|DVB-T|DVB-T|DVB-T|DVB-T|DVB-T|DVB-T|DVB-T,0.99993873|0.99976081|0.99989688|0.99985301|0.99995422|0.99968529|0.99991453|0.99992132,0.99993873|0.99976081|0.99989688|0.99985301|0.99995422|0.99968529|0.99991453|0.99992132
tr_external_uz_dvbt_f482_r09,128,8821,DVB-T,0.9987310767173767,0.9987310767173767,DVB-T,0.999763198196888,0.999763198196888,8,0,0,False,both_correct,DVB-T|DVB-T|DVB-T|DVB-T|DVB-T|DVB-T|DVB-T|DVB-T,0.99986744|0.99987257|0.99990678|0.99992132|0.99991322|0.99905449|0.99989915|0.99967062,0.99986744|0.99987257|0.99990678|0.99992132|0.99991322|0.99905449|0.99989915|0.99967062
tr_external_uz_dvbt_f482_r09,129,8822,DVB-T,0.9983208775520325,0.9983208775520325,DVB-T,0.9998612627387047,0.9998612627387047,8,0,0,False,both_correct,DVB-T|DVB-T|DVB-T|DVB-T|DVB-T|DVB-T|DVB-T|DVB-T,0.99996817|0.99981493|0.99974972|0.99984479|0.99982172|0.99984777|0.99986959|0.99997342,0.99996817|0.99981493|0.99974972|0.99984479|0.99982172|0.99984777|0.99986959|0.99997342
tr_external_uz_dvbt_f482_r09,130,8823,DVB-T,0.9891899824142456,0.9891899824142456,DVB-T,0.9998768270015717,0.9998768270015717,8,0,0,False,both_correct,DVB-T|DVB-T|DVB-T|DVB-T|DVB-T|DVB-T|DVB-T|DVB-T,0.99994648|0.99991512|0.99989033|0.99952900|0.99993610|0.99993169|0.99996936|0.99989653,0.99994648|0.99991512|0.99989033|0.99952900|0.99993610|0.99993169|0.99996936|0.99989653
tr_external_uz_dvbt_f482_r09,131,8824,DVB-T,0.9734163284301758,0.9734163284301758,DVB-T,0.9999314844608307,0.9999314844608307,8,0,0,False,both_correct,DVB-T|DVB-T|DVB-T|DVB-T|DVB-T|DVB-T|DVB-T|DVB-T,0.99995518|0.99995673|0.99988639|0.99997211|0.99986196|0.99993813|0.99993634|0.99994504,0.99995518|0.99995673|0.99988639|0.99997211|0.99986196|0.99993813|0.99993634|0.99994504
tr_external_uz_dvbt_f482_r09,132,8825,DVB-T,0.6940439939498901,0.6940439939498901,DVB-T,0.9997726604342461,0.9997726604342461,8,0,0,False,both_correct,DVB-T|DVB-T|DVB-T|DVB-T|DVB-T|DVB-T|DVB-T|DVB-T,0.99993110|0.99995172|0.99991894|0.99983037|0.99993968|0.99997604|0.99989116|0.99874228,0.99993110|0.99995172|0.99991894|0.99983037|0.99993968|0.99997604|0.99989116|0.99874228
tr_external_uz_dvbt_f482_r09,133,8826,DVB-T,0.8991302847862244,0.8991302847862244,DVB-T,0.9996761828660965,0.9996761828660965,8,0,0,False,both_correct,DVB-T|DVB-T|DVB-T|DVB-T|DVB-T|DVB-T|DVB-T|DVB-T,0.99975735|0.99968088|0.99969387|0.99973470|0.99994850|0.99991369|0.99880624|0.99987423,0.99975735|0.99968088|0.99969387|0.99973470|0.99994850|0.99991369|0.99880624|0.99987423
tr_external_uz_dvbt_f482_r09,134,8827,DVB-T,0.990124523639679,0.990124523639679,DVB-T,0.9997890070080757,0.9997890070080757,8,0,0,False,both_correct,DVB-T|DVB-T|DVB-T|DVB-T|DVB-T|DVB-T|DVB-T|DVB-T,0.99927825|0.99988675|0.99988091|0.99994719|0.99995387|0.99952960|0.99989700|0.99993849,0.99927825|0.99988675|0.99988091|0.99994719|0.99995387|0.99952960|0.99989700|0.99993849
tr_external_uz_dvbt_f482_r09,135,8828,DVB-T,0.7465429306030273,0.7465429306030273,DVB-T,0.9994778037071228,0.9994778037071228,8,0,0,False,both_correct,DVB-T|DVB-T|DVB-T|DVB-T|DVB-T|DVB-T|DVB-T|DVB-T,0.99990332|0.99985123|0.99971980|0.99988329|0.99995160|0.99672168|0.99991715|0.99987435,0.99990332|0.99985123|0.99971980|0.99988329|0.99995160|0.99672168|0.99991715|0.99987435
tr_external_uz_dvbt_f482_r09,136,8829,DVB-T,0.9469760060310364,0.9469760060310364,DVB-T,0.9998083040118217,0.9998083040118217,8,0,0,False,both_correct,DVB-T|DVB-T|DVB-T|DVB-T|DVB-T|DVB-T|DVB-T|DVB-T,0.99934226|0.99977499|0.99987030|0.99982446|0.99987781|0.99995422|0.99998069|0.99984169,0.99934226|0.99977499|0.99987030|0.99982446|0.99987781|0.99995422|0.99998069|0.99984169
tr_external_uz_dvbt_f482_r09,137,8830,DVB-T,0.984032928943634,0.984032928943634,DVB-T,0.9999006539583206,0.9999006539583206,8,0,0,False,both_correct,DVB-T|DVB-T|DVB-T|DVB-T|DVB-T|DVB-T|DVB-T|DVB-T,0.99984622|0.99998426|0.99992013|0.99984062|0.99992108|0.99989092|0.99995494|0.99984705,0.99984622|0.99998426|0.99992013|0.99984062|0.99992108|0.99989092|0.99995494|0.99984705
tr_external_uz_dvbt_f482_r09,138,8831,DVB-T,0.9934114813804626,0.9934114813804626,DVB-T,0.999938502907753,0.999938502907753,8,0,0,False,both_correct,DVB-T|DVB-T|DVB-T|DVB-T|DVB-T|DVB-T|DVB-T|DVB-T,0.99997413|0.99996197|0.99989653|0.99996531|0.99987257|0.99993074|0.99993563|0.99997115,0.99997413|0.99996197|0.99989653|0.99996531|0.99987257|0.99993074|0.99993563|0.99997115
tr_external_uz_dvbt_f482_r09,139,8832,DVB-T,0.7860367894172668,0.7860367894172668,DVB-T,0.9993836432695389,0.9993836432695389,8,0,0,False,both_correct,DVB-T|DVB-T|DVB-T|DVB-T|DVB-T|DVB-T|DVB-T|DVB-T,0.99996388|0.99996090|0.99994791|0.99997067|0.99987721|0.99618584|0.99988544|0.99927729,0.99996388|0.99996090|0.99994791|0.99997067|0.99987721|0.99618584|0.99988544|0.99927729
tr_external_uz_dvbt_f482_r09,140,8833,DVB-T,0.7353911995887756,0.7353911995887756,DVB-T,0.9998701512813568,0.9998701512813568,8,0,0,False,both_correct,DVB-T|DVB-T|DVB-T|DVB-T|DVB-T|DVB-T|DVB-T|DVB-T,0.99981505|0.99992609|0.99965143|0.99993849|0.99980623|0.99993837|0.99995172|0.99993384,0.99981505|0.99992609|0.99965143|0.99993849|0.99980623|0.99993837|0.99995172|0.99993384
tr_external_uz_dvbt_f482_r09,141,8834,DVB-T,0.8029879331588745,0.8029879331588745,DVB-T,0.9990329518914223,0.9990329518914223,8,0,0,False,both_correct,DVB-T|DVB-T|DVB-T|DVB-T|DVB-T|DVB-T|DVB-T|DVB-T,0.99757642|0.99929869|0.99982113|0.99791437|0.99989748|0.99945635|0.99898809|0.99931109,0.99757642|0.99929869|0.99982113|0.99791437|0.99989748|0.99945635|0.99898809|0.99931109
tr_external_uz_dvbt_f482_r09,142,8835,DVB-T,0.751981258392334,0.751981258392334,DVB-T,0.9997537210583687,0.9997537210583687,8,0,0,False,both_correct,DVB-T|DVB-T|DVB-T|DVB-T|DVB-T|DVB-T|DVB-T|DVB-T,0.99888903|0.99970561|0.99994791|0.99989486|0.99987364|0.99995720|0.99981576|0.99994576,0.99888903|0.99970561|0.99994791|0.99989486|0.99987364|0.99995720|0.99981576|0.99994576
tr_external_uz_dvbt_f482_r09,143,8836,DVB-T,0.9931375980377197,0.9931375980377197,DVB-T,0.9995554909110069,0.9995554909110069,8,0,0,False,both_correct,DVB-T|DVB-T|DVB-T|DVB-T|DVB-T|DVB-T|DVB-T|DVB-T,0.99986351|0.99975175|0.99972957|0.99959654|0.99981457|0.99922717|0.99882120|0.99963963,0.99986351|0.99975175|0.99972957|0.99959654|0.99981457|0.99922717|0.99882120|0.99963963
tr_external_uz_dvbt_f482_r09,144,8837,DVB-T,0.9977341890335083,0.9977341890335083,DVB-T,0.9998495429754257,0.9998495429754257,8,0,0,False,both_correct,DVB-T|DVB-T|DVB-T|DVB-T|DVB-T|DVB-T|DVB-T|DVB-T,0.99994087|0.99992836|0.99974376|0.99975866|0.99997520|0.99988735|0.99962485|0.99993730,0.99994087|0.99992836|0.99974376|0.99975866|0.99997520|0.99988735|0.99962485|0.99993730
tr_external_uz_dvbt_f482_r09,145,8838,DVB-T,0.9972921013832092,0.9972921013832092,DVB-T,0.9998789057135582,0.9998789057135582,8,0,0,False,both_correct,DVB-T|DVB-T|DVB-T|DVB-T|DVB-T|DVB-T|DVB-T|DVB-T,0.99976856|0.99995279|0.99977785|0.99981982|0.99984431|0.99997962|0.99994266|0.99994564,0.99976856|0.99995279|0.99977785|0.99981982|0.99984431|0.99997962|0.99994266|0.99994564
tr_external_uz_dvbt_f482_r09,146,8839,DVB-T,0.9982201457023621,0.9982201457023621,DVB-T,0.9994968175888062,0.9994968175888062,8,0,0,False,both_correct,DVB-T|DVB-T|DVB-T|DVB-T|DVB-T|DVB-T|DVB-T|DVB-T,0.99801755|0.99990594|0.99996078|0.99957353|0.99959594|0.99995959|0.99900985|0.99995136,0.99801755|0.99990594|0.99996078|0.99957353|0.99959594|0.99995959|0.99900985|0.99995136
tr_external_uz_dvbt_f482_r09,147,8840,DVB-T,0.9958827495574951,0.9958827495574951,DVB-T,0.999815821647644,0.999815821647644,8,0,0,False,both_correct,DVB-T|DVB-T|DVB-T|DVB-T|DVB-T|DVB-T|DVB-T|DVB-T,0.99985492|0.99974924|0.99980289|0.99983609|0.99984241|0.99966168|0.99995029|0.99982905,0.99985492|0.99974924|0.99980289|0.99983609|0.99984241|0.99966168|0.99995029|0.99982905
tr_external_uz_dvbt_f482_r09,148,8841,DVB-T,0.9778928160667419,0.9778928160667419,DVB-T,0.9998582080006599,0.9998582080006599,8,0,0,False,both_correct,DVB-T|DVB-T|DVB-T|DVB-T|DVB-T|DVB-T|DVB-T|DVB-T,0.99971277|0.99959749|0.99996674|0.99995685|0.99994683|0.99995530|0.99996781|0.99976188,0.99971277|0.99959749|0.99996674|0.99995685|0.99994683|0.99995530|0.99996781|0.99976188
tr_external_uz_dvbt_f482_r09,149,8842,LTE,0.5178520679473877,0.4771658778190613,DVB-T,0.9997715577483177,0.9997715577483177,8,0,0,False,only_512_correct,DVB-T|DVB-T|DVB-T|DVB-T|DVB-T|DVB-T|DVB-T|DVB-T,0.99997389|0.99993575|0.99981266|0.99960309|0.99998260|0.99995291|0.99930573|0.99960583,0.99997389|0.99993575|0.99981266|0.99960309|0.99998260|0.99995291|0.99930573|0.99960583
tr_external_uz_dvbt_f482_r09,150,8843,LTE,0.5914083123207092,0.4036389887332916,DVB-T,0.9999000355601311,0.9999000355601311,8,0,0,False,only_512_correct,DVB-T|DVB-T|DVB-T|DVB-T|DVB-T|DVB-T|DVB-T|DVB-T,0.99993062|0.99993110|0.99987566|0.99997985|0.99997461|0.99974793|0.99985719|0.99990332,0.99993062|0.99993110|0.99987566|0.99997985|0.99997461|0.99974793|0.99985719|0.99990332
tr_external_uz_dvbt_f482_r09,151,8844,LTE,0.9637655019760132,0.034641657024621964,DVB-T,0.9995091781020164,0.9995091781020164,8,0,0,False,only_512_correct,DVB-T|DVB-T|DVB-T|DVB-T|DVB-T|DVB-T|DVB-T|DVB-T,0.99981648|0.99976915|0.99975187|0.99825031|0.99981850|0.99966395|0.99954921|0.99945396,0.99981648|0.99976915|0.99975187|0.99825031|0.99981850|0.99966395|0.99954921|0.99945396
tr_external_uz_dvbt_f482_r09,152,8845,DVB-T,0.9451931118965149,0.9451931118965149,DVB-T,0.9984765350818634,0.9984765350818634,8,0,0,False,both_correct,DVB-T|DVB-T|DVB-T|DVB-T|DVB-T|DVB-T|DVB-T|DVB-T,0.99977046|0.99992251|0.99761981|0.99997282|0.99923790|0.99982363|0.99160141|0.99986374,0.99977046|0.99992251|0.99761981|0.99997282|0.99923790|0.99982363|0.99160141|0.99986374
tr_external_uz_dvbt_f482_r09,153,8846,LTE,0.9590036273002625,0.03914494067430496,DVB-T,0.9986596331000328,0.9986596331000328,8,0,0,False,only_512_correct,DVB-T|DVB-T|DVB-T|DVB-T|DVB-T|DVB-T|DVB-T|DVB-T,0.99996459|0.99992001|0.99912280|0.99939775|0.99975461|0.99231017|0.99907374|0.99973339,0.99996459|0.99992001|0.99912280|0.99939775|0.99975461|0.99231017|0.99907374|0.99973339
tr_external_uz_dvbt_f482_r09,154,8847,DVB-T,0.9414093494415283,0.9414093494415283,DVB-T,0.9968235045671463,0.9968235045671463,8,0,0,False,both_correct,DVB-T|DVB-T|DVB-T|DVB-T|DVB-T|DVB-T|DVB-T|DVB-T,0.99931729|0.99996138|0.99972981|0.99963236|0.97621876|0.99997246|0.99986959|0.99988639,0.99931729|0.99996138|0.99972981|0.99963236|0.97621876|0.99997246|0.99986959|0.99988639
tr_external_uz_dvbt_f482_r09,155,8848,DVB-T,0.9256084561347961,0.9256084561347961,DVB-T,0.9999258518218994,0.9999258518218994,8,0,0,False,both_correct,DVB-T|DVB-T|DVB-T|DVB-T|DVB-T|DVB-T|DVB-T|DVB-T,0.99994969|0.99996209|0.99989963|0.99988544|0.99992990|0.99989319|0.99991322|0.99997365,0.99994969|0.99996209|0.99989963|0.99988544|0.99992990|0.99989319|0.99991322|0.99997365
tr_external_uz_dvbt_f482_r09,156,8849,DVB-T,0.9951575398445129,0.9951575398445129,DVB-T,0.9991399496793747,0.9991399496793747,8,0,0,False,both_correct,DVB-T|DVB-T|DVB-T|DVB-T|DVB-T|DVB-T|DVB-T|DVB-T,0.99903858|0.99989831|0.99993229|0.99697733|0.99959332|0.99945670|0.99969280|0.99853027,0.99903858|0.99989831|0.99993229|0.99697733|0.99959332|0.99945670|0.99969280|0.99853027
tr_external_uz_dvbt_f482_r09,157,8850,DVB-T,0.9988073110580444,0.9988073110580444,DVB-T,0.9998759478330612,0.9998759478330612,8,0,0,False,both_correct,DVB-T|DVB-T|DVB-T|DVB-T|DVB-T|DVB-T|DVB-T|DVB-T,0.99975449|0.99993098|0.99995375|0.99994063|0.99982518|0.99988294|0.99985993|0.99985969,0.99975449|0.99993098|0.99995375|0.99994063|0.99982518|0.99988294|0.99985993|0.99985969
tr_external_uz_dvbt_f482_r09,158,8851,DVB-T,0.9951689839363098,0.9951689839363098,DVB-T,0.9998709708452225,0.9998709708452225,8,0,0,False,both_correct,DVB-T|DVB-T|DVB-T|DVB-T|DVB-T|DVB-T|DVB-T|DVB-T,0.99993646|0.99997509|0.99994206|0.99994791|0.99992692|0.99990475|0.99955159|0.99978298,0.99993646|0.99997509|0.99994206|0.99994791|0.99992692|0.99990475|0.99955159|0.99978298
tr_external_uz_dvbt_f482_r09,159,8852,DVB-T,0.9762099385261536,0.9762099385261536,DVB-T,0.9993255138397217,0.9993255138397217,8,0,0,False,both_correct,DVB-T|DVB-T|DVB-T|DVB-T|DVB-T|DVB-T|DVB-T|DVB-T,0.99996924|0.99550432|0.99995339|0.99965775|0.99988270|0.99996054|0.99980706|0.99986911,0.99996924|0.99550432|0.99995339|0.99965775|0.99988270|0.99996054|0.99980706|0.99986911
tr_external_uz_dvbt_f482_r09,160,8853,DVB-T,0.9914321899414062,0.9914321899414062,DVB-T,0.9998555108904839,0.9998555108904839,8,0,0,False,both_correct,DVB-T|DVB-T|DVB-T|DVB-T|DVB-T|DVB-T|DVB-T|DVB-T,0.99992228|0.99987519|0.99994016|0.99997723|0.99989903|0.99967289|0.99995005|0.99960726,0.99992228|0.99987519|0.99994016|0.99997723|0.99989903|0.99967289|0.99995005|0.99960726
tr_external_uz_dvbt_f482_r09,161,8854,DVB-T,0.9966773986816406,0.9966773986816406,DVB-T,0.9997425600886345,0.9997425600886345,8,0,0,False,both_correct,DVB-T|DVB-T|DVB-T|DVB-T|DVB-T|DVB-T|DVB-T|DVB-T,0.99995136|0.99975330|0.99971312|0.99993420|0.99964583|0.99983716|0.99992645|0.99917907,0.99995136|0.99975330|0.99971312|0.99993420|0.99964583|0.99983716|0.99992645|0.99917907
tr_external_uz_dvbt_f482_r09,162,8855,DVB-T,0.8967902064323425,0.8967902064323425,DVB-T,0.997671015560627,0.997671015560627,8,0,0,False,both_correct,DVB-T|DVB-T|DVB-T|DVB-T|DVB-T|DVB-T|DVB-T|DVB-T,0.99970824|0.99984729|0.99966979|0.99702841|0.99724650|0.98819494|0.99975926|0.99991369,0.99970824|0.99984729|0.99966979|0.99702841|0.99724650|0.98819494|0.99975926|0.99991369
tr_external_uz_dvbt_f482_r09,163,8856,DVB-T,0.9860072135925293,0.9860072135925293,DVB-T,0.9173126555979252,0.9173126555979252,7,1,0,False,both_correct,LTE|DVB-T|DVB-T|DVB-T|DVB-T|DVB-T|DVB-T|DVB-T,0.64638078|0.99773103|0.99921334|0.99960226|0.99752265|0.99986207|0.99976295|0.99992394,0.34488299|0.99773103|0.99921334|0.99960226|0.99752265|0.99986207|0.99976295|0.99992394
tr_external_uz_dvbt_f482_r09,164,8857,DVB-T,0.7472986578941345,0.7472986578941345,DVB-T,0.9985076636075974,0.9985076636075974,8,0,0,False,both_correct,DVB-T|DVB-T|DVB-T|DVB-T|DVB-T|DVB-T|DVB-T|DVB-T,0.99909055|0.99978048|0.99140012|0.99980396|0.99961072|0.99963808|0.99937856|0.99935883,0.99909055|0.99978048|0.99140012|0.99980396|0.99961072|0.99963808|0.99937856|0.99935883
tr_external_uz_dvbt_f482_r09,165,8858,DVB-T,0.9933131337165833,0.9933131337165833,DVB-T,0.9836500361561775,0.9836500361561775,8,0,0,False,both_correct,DVB-T|DVB-T|DVB-T|DVB-T|DVB-T|DVB-T|DVB-T|DVB-T,0.99994612|0.99927074|0.87124473|0.99991620|0.99969864|0.99938512|0.99996293|0.99977583,0.99994612|0.99927074|0.87124473|0.99991620|0.99969864|0.99938512|0.99996293|0.99977583
tr_external_uz_dvbt_f482_r09,166,8859,DVB-T,0.9485712051391602,0.9485712051391602,DVB-T,0.9997460916638374,0.9997460916638374,8,0,0,False,both_correct,DVB-T|DVB-T|DVB-T|DVB-T|DVB-T|DVB-T|DVB-T|DVB-T,0.99943298|0.99894172|0.99994874|0.99996936|0.99995399|0.99993312|0.99997497|0.99981385,0.99943298|0.99894172|0.99994874|0.99996936|0.99995399|0.99993312|0.99997497|0.99981385
tr_external_uz_dvbt_f482_r09,167,8860,DVB-T,0.9892064332962036,0.9892064332962036,DVB-T,0.9996188655495644,0.9996188655495644,8,0,0,False,both_correct,DVB-T|DVB-T|DVB-T|DVB-T|DVB-T|DVB-T|DVB-T|DVB-T,0.99997544|0.99985611|0.99912637|0.99998474|0.99994087|0.99996364|0.99983561|0.99826813,0.99997544|0.99985611|0.99912637|0.99998474|0.99994087|0.99996364|0.99983561|0.99826813
tr_external_uz_dvbt_f482_r09,168,8861,DVB-T,0.9906899929046631,0.9906899929046631,DVB-T,0.9998961836099625,0.9998961836099625,8,0,0,False,both_correct,DVB-T|DVB-T|DVB-T|DVB-T|DVB-T|DVB-T|DVB-T|DVB-T,0.99996531|0.99999166|0.99994433|0.99996340|0.99959356|0.99996030|0.99997461|0.99977630,0.99996531|0.99999166|0.99994433|0.99996340|0.99959356|0.99996030|0.99997461|0.99977630
tr_external_uz_dvbt_f482_r09,169,8862,DVB-T,0.9638987183570862,0.9638987183570862,DVB-T,0.9999213069677353,0.9999213069677353,8,0,0,False,both_correct,DVB-T|DVB-T|DVB-T|DVB-T|DVB-T|DVB-T|DVB-T|DVB-T,0.99991941|0.99996471|0.99994433|0.99996424|0.99998832|0.99964154|0.99998689|0.99996102,0.99991941|0.99996471|0.99994433|0.99996424|0.99998832|0.99964154|0.99998689|0.99996102
tr_external_uz_dvbt_f482_r09,170,8863,LTE,0.5123726725578308,0.48252296447753906,DVB-T,0.9999652206897736,0.9999652206897736,8,0,0,False,only_512_correct,DVB-T|DVB-T|DVB-T|DVB-T|DVB-T|DVB-T|DVB-T|DVB-T,0.99997020|0.99995482|0.99997246|0.99997842|0.99997163|0.99993646|0.99996650|0.99997127,0.99997020|0.99995482|0.99997246|0.99997842|0.99997163|0.99993646|0.99996650|0.99997127
tr_external_uz_dvbt_f482_r09,171,8864,LTE,0.7051681876182556,0.2903531491756439,DVB-T,0.999928429722786,0.999928429722786,8,0,0,False,only_512_correct,DVB-T|DVB-T|DVB-T|DVB-T|DVB-T|DVB-T|DVB-T|DVB-T,0.99997711|0.99997437|0.99997413|0.99987388|0.99999189|0.99993956|0.99982762|0.99986887,0.99997711|0.99997437|0.99997413|0.99987388|0.99999189|0.99993956|0.99982762|0.99986887
tr_external_uz_dvbt_f482_r09,172,8865,LTE,0.9878886342048645,0.011213669553399086,DVB-T,0.9998743012547493,0.9998743012547493,8,0,0,False,only_512_correct,DVB-T|DVB-T|DVB-T|DVB-T|DVB-T|DVB-T|DVB-T|DVB-T,0.99989891|0.99999249|0.99984086|0.99992955|0.99995744|0.99977297|0.99994326|0.99965894,0.99989891|0.99999249|0.99984086|0.99992955|0.99995744|0.99977297|0.99994326|0.99965894
tr_external_uz_dvbt_f482_r09,173,8866,LTE,0.7529513239860535,0.24290192127227783,DVB-T,0.9997820183634758,0.9997820183634758,8,0,0,False,only_512_correct,DVB-T|DVB-T|DVB-T|DVB-T|DVB-T|DVB-T|DVB-T|DVB-T,0.99978918|0.99976343|0.99990714|0.99943405|0.99988842|0.99980468|0.99987745|0.99979180,0.99978918|0.99976343|0.99990714|0.99943405|0.99988842|0.99980468|0.99987745|0.99979180
tr_external_uz_dvbt_f482_r09,174,8867,LTE,0.8633255362510681,0.13343027234077454,DVB-T,0.9990635737776756,0.9990635737776756,8,0,0,False,only_512_correct,DVB-T|DVB-T|DVB-T|DVB-T|DVB-T|DVB-T|DVB-T|DVB-T,0.99545717|0.99982917|0.99782157|0.99987471|0.99988031|0.99976724|0.99992085|0.99995756,0.99545717|0.99982917|0.99782157|0.99987471|0.99988031|0.99976724|0.99992085|0.99995756
tr_external_uz_dvbt_f482_r09,175,8868,LTE,0.5259317755699158,0.4688367247581482,DVB-T,0.9989506676793098,0.9989506676793098,8,0,0,False,only_512_correct,DVB-T|DVB-T|DVB-T|DVB-T|DVB-T|DVB-T|DVB-T|DVB-T,0.99375558|0.99877125|0.99982870|0.99969435|0.99991381|0.99991858|0.99984312|0.99987996,0.99375558|0.99877125|0.99982870|0.99969435|0.99991381|0.99991858|0.99984312|0.99987996
tr_external_uz_dvbt_f482_r09,176,8869,DVB-T,0.4989336133003235,0.4989336133003235,DVB-T,0.9961867704987526,0.9961867704987526,8,0,0,False,both_correct,DVB-T|DVB-T|DVB-T|DVB-T|DVB-T|DVB-T|DVB-T|DVB-T,0.99994767|0.99944395|0.99823260|0.99992371|0.99974424|0.99963593|0.99996245|0.97260362,0.99994767|0.99944395|0.99823260|0.99992371|0.99974424|0.99963593|0.99996245|0.97260362
tr_external_uz_dvbt_f482_r09,177,8870,DVB-T,0.9379758834838867,0.9379758834838867,DVB-T,0.999894879758358,0.999894879758358,8,0,0,False,both_correct,DVB-T|DVB-T|DVB-T|DVB-T|DVB-T|DVB-T|DVB-T|DVB-T,0.99997067|0.99973387|0.99992418|0.99992383|0.99984968|0.99996650|0.99995542|0.99983490,0.99997067|0.99973387|0.99992418|0.99992383|0.99984968|0.99996650|0.99995542|0.99983490
tr_external_uz_dvbt_f482_r09,178,8871,DVB-T,0.9944366216659546,0.9944366216659546,DVB-T,0.9997159987688065,0.9997159987688065,8,0,0,False,both_correct,DVB-T|DVB-T|DVB-T|DVB-T|DVB-T|DVB-T|DVB-T|DVB-T,0.99984658|0.99994707|0.99933821|0.99973935|0.99965227|0.99956900|0.99992812|0.99970740,0.99984658|0.99994707|0.99933821|0.99973935|0.99965227|0.99956900|0.99992812|0.99970740
tr_external_uz_dvbt_f482_r09,179,8872,DVB-T,0.9954931735992432,0.9954931735992432,DVB-T,0.9996747002005577,0.9996747002005577,8,0,0,False,both_correct,DVB-T|DVB-T|DVB-T|DVB-T|DVB-T|DVB-T|DVB-T|DVB-T,0.99861479|0.99957937|0.99990618|0.99984634|0.99996865|0.99995244|0.99973887|0.99979097,0.99861479|0.99957937|0.99990618|0.99984634|0.99996865|0.99995244|0.99973887|0.99979097
tr_external_uz_dvbt_f482_r09,180,8873,DVB-T,0.9946050047874451,0.9946050047874451,DVB-T,0.9990424662828445,0.9990424662828445,8,0,0,False,both_correct,DVB-T|DVB-T|DVB-T|DVB-T|DVB-T|DVB-T|DVB-T|DVB-T,0.99996877|0.99587834|0.99985492|0.99981409|0.99713361|0.99981433|0.99992812|0.99994755,0.99996877|0.99587834|0.99985492|0.99981409|0.99713361|0.99981433|0.99992812|0.99994755
tr_external_uz_dvbt_f482_r09,181,8874,DVB-T,0.9701266884803772,0.9701266884803772,DVB-T,0.9998368546366692,0.9998368546366692,8,0,0,False,both_correct,DVB-T|DVB-T|DVB-T|DVB-T|DVB-T|DVB-T|DVB-T|DVB-T,0.99936801|0.99987602|0.99990118|0.99991679|0.99990809|0.99995279|0.99985361|0.99991834,0.99936801|0.99987602|0.99990118|0.99991679|0.99990809|0.99995279|0.99985361|0.99991834
tr_external_uz_dvbt_f482_r09,182,8875,DVB-T,0.9925791621208191,0.9925791621208191,DVB-T,0.9998564645648003,0.9998564645648003,8,0,0,False,both_correct,DVB-T|DVB-T|DVB-T|DVB-T|DVB-T|DVB-T|DVB-T|DVB-T,0.99952412|0.99993622|0.99988449|0.99980813|0.99995291|0.99989378|0.99992263|0.99992943,0.99952412|0.99993622|0.99988449|0.99980813|0.99995291|0.99989378|0.99992263|0.99992943
tr_external_uz_dvbt_f482_r09,183,8876,DVB-T,0.9585062265396118,0.9585062265396118,DVB-T,0.9996871054172516,0.9996871054172516,8,0,0,False,both_correct,DVB-T|DVB-T|DVB-T|DVB-T|DVB-T|DVB-T|DVB-T|DVB-T,0.99996662|0.99980825|0.99990737|0.99995387|0.99958140|0.99979192|0.99860412|0.99988329,0.99996662|0.99980825|0.99990737|0.99995387|0.99958140|0.99979192|0.99860412|0.99988329
tr_external_uz_dvbt_f482_r09,184,8877,DVB-T,0.9892053604125977,0.9892053604125977,DVB-T,0.9991069138050079,0.9991069138050079,8,0,0,False,both_correct,DVB-T|DVB-T|DVB-T|DVB-T|DVB-T|DVB-T|DVB-T|DVB-T,0.99897999|0.99988461|0.99468189|0.99989283|0.99977595|0.99991465|0.99978691|0.99993849,0.99897999|0.99988461|0.99468189|0.99989283|0.99977595|0.99991465|0.99978691|0.99993849
tr_external_uz_dvbt_f482_r09,185,8878,DVB-T,0.9477842450141907,0.9477842450141907,DVB-T,0.9996834993362427,0.9996834993362427,8,0,0,False,both_correct,DVB-T|DVB-T|DVB-T|DVB-T|DVB-T|DVB-T|DVB-T|DVB-T,0.99983513|0.99993479|0.99975294|0.99995267|0.99845529|0.99985945|0.99991906|0.99975866,0.99983513|0.99993479|0.99975294|0.99995267|0.99845529|0.99985945|0.99991906|0.99975866
tr_external_uz_dvbt_f482_r09,186,8879,DVB-T,0.8623176217079163,0.8623176217079163,DVB-T,0.9959989562630653,0.9959989562630653,8,0,0,False,both_correct,DVB-T|DVB-T|DVB-T|DVB-T|DVB-T|DVB-T|DVB-T|DVB-T,0.99951577|0.99770325|0.99959487|0.98223567|0.99483103|0.99972147|0.99482548|0.99956411,0.99951577|0.99770325|0.99959487|0.98223567|0.99483103|0.99972147|0.99482548|0.99956411
tr_external_uz_dvbt_f482_r09,187,8880,DVB-T,0.7782416939735413,0.7782416939735413,DVB-T,0.9243244342505932,0.9243244342505932,7,1,0,False,both_correct,DVB-T|DVB-T|DVB-T|DVB-T|DVB-T|DVB-T|LTE|DVB-T,0.99725050|0.99961746|0.99952137|0.99867707|0.99931324|0.99991190|0.59395981|0.99995446,0.99725050|0.99961746|0.99952137|0.99867707|0.99931324|0.99991190|0.40034947|0.99995446
tr_external_uz_dvbt_f482_r09,188,8881,LTE,0.5214143395423889,0.4731617271900177,DVB-T,0.9993686825037003,0.9993686825037003,8,0,0,False,only_512_correct,DVB-T|DVB-T|DVB-T|DVB-T|DVB-T|DVB-T|DVB-T|DVB-T,0.99965370|0.99997032|0.99993253|0.99866331|0.99769020|0.99991465|0.99914432|0.99998045,0.99965370|0.99997032|0.99993253|0.99866331|0.99769020|0.99991465|0.99914432|0.99998045
tr_external_uz_dvbt_f482_r09,189,8882,LTE,0.8809674382209778,0.1159355416893959,DVB-T,0.9695843234658241,0.9695843234658241,8,0,0,False,only_512_correct,DVB-T|DVB-T|DVB-T|DVB-T|DVB-T|DVB-T|DVB-T|DVB-T,0.99077505|0.99964833|0.99763203|0.99841321|0.99984479|0.99959725|0.99981433|0.77094960,0.99077505|0.99964833|0.99763203|0.99841321|0.99984479|0.99959725|0.99981433|0.77094960
tr_external_uz_dvbt_f482_r09,190,8883,LTE,0.8774674534797668,0.11927935481071472,DVB-T,0.9349277466535568,0.9349277466535568,8,0,0,False,only_512_correct,DVB-T|DVB-T|DVB-T|DVB-T|DVB-T|DVB-T|DVB-T|DVB-T,0.99987662|0.98502862|0.99368095|0.97488225|0.99637467|0.98521948|0.54584360|0.99851578,0.99987662|0.98502862|0.99368095|0.97488225|0.99637467|0.98521948|0.54584360|0.99851578
tr_external_uz_dvbt_f482_r09,191,8884,LTE,0.9896324872970581,0.009610007517039776,LTE,0.6013940046541393,0.39645972015932784,3,5,0,False,both_wrong,DVB-T|LTE|LTE|DVB-T|LTE|LTE|DVB-T|LTE,0.88956541|0.82150429|0.98827374|0.94280815|0.90201038|0.88551992|0.95002526|0.99930835,0.88956541|0.17599097|0.00970472|0.94280815|0.09157740|0.11152785|0.95002526|0.00047800
tr_external_uz_dvbt_f482_r09,192,8885,LTE,0.8896353840827942,0.10727053135633469,LTE,0.7329657711088657,0.26327188577488414,1,7,0,False,both_wrong,LTE|LTE|DVB-T|LTE|LTE|LTE|LTE|LTE,0.94286728|0.52674848|0.78760332|0.58606511|0.95053667|0.99957854|0.99948645|0.64787447,0.05162283|0.46991009|0.78760332|0.40358698|0.04618717|0.00027301|0.00034401|0.34664768
tr_external_uz_dvbt_f482_r09,193,8886,LTE,0.9916443228721619,0.0075851669535040855,LTE,0.9529556035995483,0.04599957982645719,0,8,0,False,both_wrong,LTE|LTE|LTE|LTE|LTE|LTE|LTE|LTE,0.62904555|0.99891663|0.99935728|0.99951184|0.99907100|0.99966502|0.99858594|0.99949157,0.36411282|0.00081229|0.00043254|0.00031861|0.00069383|0.00021761|0.00106501|0.00034393
tr_external_uz_dvbt_f482_r09,194,8887,DVB-T,0.752828061580658,0.752828061580658,LTE,0.994880199432373,0.004282928066459135,0,8,0,False,only_4096_correct,LTE|LTE|LTE|LTE|LTE|LTE|LTE|LTE,0.99932909|0.99701297|0.99693346|0.99939203|0.99601799|0.99810910|0.97242367|0.99982327,0.00045917|0.00233412|0.00240673|0.00040892|0.00312517|0.00145093|0.02397099|0.00010738
tr_external_uz_dvbt_f482_r09,195,8888,LTE,0.5173004865646362,0.47783881425857544,LTE,0.9924554377794266,0.00684610778989736,0,8,0,False,both_wrong,LTE|LTE|LTE|LTE|LTE|LTE|LTE|LTE,0.99870241|0.99937230|0.99945933|0.99899095|0.99935693|0.94504547|0.99910718|0.99960893,0.00096711|0.00042520|0.00036359|0.00072438|0.00045318|0.05095321|0.00062270|0.00025950
tr_external_uz_dvbt_f482_r09,196,8889,DVB-T,0.9779247045516968,0.9779247045516968,LTE,0.8482748195528984,0.14843667341483524,1,7,0,False,only_4096_correct,LTE|LTE|LTE|LTE|LTE|DVB-T|LTE|LTE,0.78720671|0.78707147|0.99619067|0.98903042|0.97891611|0.73648649|0.99928790|0.98766309,0.20877142|0.20011188|0.00312569|0.00871146|0.01875708|0.73648649|0.00049767|0.01103168
tr_external_uz_dvbt_f482_r09,197,8890,LTE,0.9259109497070312,0.0713878646492958,LTE,0.5870549040555488,0.4104680953641946,3,5,0,False,both_wrong,LTE|LTE|LTE|DVB-T|DVB-T|LTE|LTE|DVB-T,0.99939454|0.92680687|0.97968662|0.94170010|0.99572778|0.73156768|0.99563807|0.99763417,0.00041422|0.07096910|0.01824667|0.94170010|0.99572778|0.25570238|0.00335036|0.99763417
tr_external_uz_dvbt_f482_r09,198,8891,DVB-T,0.8436292409896851,0.8436292409896851,DVB-T,0.8505357909016311,0.8505357909016311,7,1,0,False,both_correct,LTE|DVB-T|DVB-T|DVB-T|DVB-T|DVB-T|DVB-T|DVB-T,0.96177489|0.99094909|0.98678118|0.98971689|0.94801176|0.99845278|0.99575788|0.86015999,0.03445676|0.99094909|0.98678118|0.98971689|0.94801176|0.99845278|0.99575788|0.86015999
tr_external_uz_dvbt_f482_r09,199,8892,DVB-T,0.5940476655960083,0.5940476655960083,DVB-T,0.9756229966878891,0.9756229966878891,8,0,0,False,both_correct,DVB-T|DVB-T|DVB-T|DVB-T|DVB-T|DVB-T|DVB-T|DVB-T,0.90604043|0.92784053|0.99938917|0.97593099|0.99909222|0.99713022|0.99983966|0.99972075,0.90604043|0.92784053|0.99938917|0.97593099|0.99909222|0.99713022|0.99983966|0.99972075
tr_external_uz_dvbt_f482_r09,200,8893,LTE,0.9704790115356445,0.028128277510404587,DVB-T,0.9997846931219101,0.9997846931219101,8,0,0,False,only_512_correct,DVB-T|DVB-T|DVB-T|DVB-T|DVB-T|DVB-T|DVB-T|DVB-T,0.99955517|0.99994528|0.99975675|0.99978024|0.99966323|0.99986768|0.99994493|0.99976426,0.99955517|0.99994528|0.99975675|0.99978024|0.99966323|0.99986768|0.99994493|0.99976426
tr_external_uz_dvbt_f482_r09,201,8894,LTE,0.8835521936416626,0.11327590048313141,DVB-T,0.9999054446816444,0.9999054446816444,8,0,0,False,only_512_correct,DVB-T|DVB-T|DVB-T|DVB-T|DVB-T|DVB-T|DVB-T|DVB-T,0.99992478|0.99996233|0.99982941|0.99996090|0.99985588|0.99998605|0.99974638|0.99997783,0.99992478|0.99996233|0.99982941|0.99996090|0.99985588|0.99998605|0.99974638|0.99997783
tr_external_uz_dvbt_f482_r09,202,8895,LTE,0.6765871047973633,0.31867876648902893,DVB-T,0.99998340010643,0.99998340010643,8,0,0,False,only_512_correct,DVB-T|DVB-T|DVB-T|DVB-T|DVB-T|DVB-T|DVB-T|DVB-T,0.99996996|0.99998379|0.99998546|0.99998951|0.99998987|0.99998868|0.99998248|0.99997747,0.99996996|0.99998379|0.99998546|0.99998951|0.99998987|0.99998868|0.99998248|0.99997747
tr_external_uz_dvbt_f482_r09,203,8896,LTE,0.9904316067695618,0.008806993253529072,DVB-T,0.9999500438570976,0.9999500438570976,8,0,0,False,only_512_correct,DVB-T|DVB-T|DVB-T|DVB-T|DVB-T|DVB-T|DVB-T|DVB-T,0.99996507|0.99978775|0.99999261|0.99995625|0.99998426|0.99998069|0.99998224|0.99995148,0.99996507|0.99978775|0.99999261|0.99995625|0.99998426|0.99998069|0.99998224|0.99995148
tr_external_uz_dvbt_f482_r09,204,8897,LTE,0.9797921180725098,0.019053854048252106,DVB-T,0.9999904334545135,0.9999904334545135,8,0,0,False,only_512_correct,DVB-T|DVB-T|DVB-T|DVB-T|DVB-T|DVB-T|DVB-T|DVB-T,0.99999499|0.99999189|0.99999368|0.99999428|0.99998331|0.99998808|0.99998760|0.99998963,0.99999499|0.99999189|0.99999368|0.99999428|0.99998331|0.99998808|0.99998760|0.99998963
tr_external_uz_dvbt_f482_r09,205,8898,LTE,0.9917857050895691,0.00761434156447649,DVB-T,0.9999430105090141,0.9999430105090141,8,0,0,False,only_512_correct,DVB-T|DVB-T|DVB-T|DVB-T|DVB-T|DVB-T|DVB-T|DVB-T,0.99994755|0.99971908|0.99992955|0.99998951|0.99999559|0.99998093|0.99999034|0.99999154,0.99994755|0.99971908|0.99992955|0.99998951|0.99999559|0.99998093|0.99999034|0.99999154
tr_external_uz_dvbt_f482_r09,206,8899,LTE,0.901338517665863,0.09584081918001175,DVB-T,0.9999482333660126,0.9999482333660126,8,0,0,False,only_512_correct,DVB-T|DVB-T|DVB-T|DVB-T|DVB-T|DVB-T|DVB-T|DVB-T,0.99999022|0.99999368|0.99983859|0.99997616|0.99988115|0.99995935|0.99997663|0.99997008,0.99999022|0.99999368|0.99983859|0.99997616|0.99988115|0.99995935|0.99997663|0.99997008
tr_external_uz_dvbt_f482_r09,207,8900,LTE,0.5605413913726807,0.4345492720603943,DVB-T,0.999863974750042,0.999863974750042,8,0,0,False,only_512_correct,DVB-T|DVB-T|DVB-T|DVB-T|DVB-T|DVB-T|DVB-T|DVB-T,0.99931026|0.99998724|0.99998009|0.99972194|0.99998581|0.99996543|0.99998105|0.99997997,0.99931026|0.99998724|0.99998009|0.99972194|0.99998581|0.99996543|0.99998105|0.99997997
tr_external_uz_dvbt_f482_r09,208,8901,DVB-T,0.8741216659545898,0.8741216659545898,DVB-T,0.9999626725912094,0.9999626725912094,8,0,0,False,both_correct,DVB-T|DVB-T|DVB-T|DVB-T|DVB-T|DVB-T|DVB-T|DVB-T,0.99998808|0.99998784|0.99997401|0.99997377|0.99997830|0.99994802|0.99998355|0.99986780,0.99998808|0.99998784|0.99997401|0.99997377|0.99997830|0.99994802|0.99998355|0.99986780
tr_external_uz_dvbt_f482_r09,209,8902,DVB-T,0.9646402597427368,0.9646402597427368,DVB-T,0.9999485909938812,0.9999485909938812,8,0,0,False,both_correct,DVB-T|DVB-T|DVB-T|DVB-T|DVB-T|DVB-T|DVB-T|DVB-T,0.99985778|0.99998033|0.99996459|0.99989080|0.99997950|0.99997067|0.99998128|0.99996376,0.99985778|0.99998033|0.99996459|0.99989080|0.99997950|0.99997067|0.99998128|0.99996376
tr_external_uz_dvbt_f482_r09,210,8903,DVB-T,0.6757093071937561,0.6757093071937561,DVB-T,0.9999660402536392,0.9999660402536392,8,0,0,False,both_correct,DVB-T|DVB-T|DVB-T|DVB-T|DVB-T|DVB-T|DVB-T|DVB-T,0.99997759|0.99988246|0.99997926|0.99997520|0.99998105|0.99996090|0.99998343|0.99998844,0.99997759|0.99988246|0.99997926|0.99997520|0.99998105|0.99996090|0.99998343|0.99998844
tr_external_uz_dvbt_f482_r09,211,8904,DVB-T,0.9298167824745178,0.9298167824745178,DVB-T,0.9999766200780869,0.9999766200780869,8,0,0,False,both_correct,DVB-T|DVB-T|DVB-T|DVB-T|DVB-T|DVB-T|DVB-T|DVB-T,0.99998879|0.99996269|0.99998891|0.99996448|0.99998999|0.99997377|0.99997985|0.99996448,0.99998879|0.99996269|0.99998891|0.99996448|0.99998999|0.99997377|0.99997985|0.99996448
tr_external_uz_dvbt_f482_r09,212,8905,DVB-T,0.6872885823249817,0.6872885823249817,DVB-T,0.999976709485054,0.999976709485054,8,0,0,False,both_correct,DVB-T|DVB-T|DVB-T|DVB-T|DVB-T|DVB-T|DVB-T|DVB-T,0.99998820|0.99997520|0.99993932|0.99999380|0.99997115|0.99997580|0.99997985|0.99999034,0.99998820|0.99997520|0.99993932|0.99999380|0.99997115|0.99997580|0.99997985|0.99999034
tr_external_uz_dvbt_f482_r09,213,8906,LTE,0.917253315448761,0.0801464393734932,DVB-T,0.99997778236866,0.99997778236866,8,0,0,False,only_512_correct,DVB-T|DVB-T|DVB-T|DVB-T|DVB-T|DVB-T|DVB-T|DVB-T,0.99994528|0.99998319|0.99998963|0.99999499|0.99998355|0.99998248|0.99995697|0.99998617,0.99994528|0.99998319|0.99998963|0.99999499|0.99998355|0.99998248|0.99995697|0.99998617
tr_external_uz_dvbt_f482_r09,214,8907,LTE,0.9626531004905701,0.035654451698064804,DVB-T,0.9999537691473961,0.9999537691473961,8,0,0,False,only_512_correct,DVB-T|DVB-T|DVB-T|DVB-T|DVB-T|DVB-T|DVB-T|DVB-T,0.99974960|0.99999154|0.99998915|0.99996054|0.99999142|0.99997365|0.99999332|0.99998093,0.99974960|0.99999154|0.99998915|0.99996054|0.99999142|0.99997365|0.99999332|0.99998093
tr_external_uz_dvbt_f482_r09,215,8908,LTE,0.9929261207580566,0.006435845047235489,DVB-T,0.9999446123838425,0.9999446123838425,8,0,0,False,only_512_correct,DVB-T|DVB-T|DVB-T|DVB-T|DVB-T|DVB-T|DVB-T|DVB-T,0.99998689|0.99996448|0.99999571|0.99985087|0.99999273|0.99986422|0.99993026|0.99997175,0.99998689|0.99996448|0.99999571|0.99985087|0.99999273|0.99986422|0.99993026|0.99997175
tr_external_uz_dvbt_f482_r09,216,8909,LTE,0.9559997320175171,0.04226483777165413,DVB-T,0.997426800429821,0.997426800429821,8,0,0,False,only_512_correct,DVB-T|DVB-T|DVB-T|DVB-T|DVB-T|DVB-T|DVB-T|DVB-T,0.99997365|0.99974030|0.98068893|0.99991345|0.99981326|0.99998057|0.99944764|0.99985659,0.99997365|0.99974030|0.98068893|0.99991345|0.99981326|0.99998057|0.99944764|0.99985659
tr_external_uz_dvbt_f482_r09,217,8910,LTE,0.9942052960395813,0.0052194795571267605,DVB-T,0.9982381761074066,0.9982381761074066,8,0,0,False,only_512_correct,DVB-T|DVB-T|DVB-T|DVB-T|DVB-T|DVB-T|DVB-T|DVB-T,0.99999142|0.98661196|0.99993455|0.99995542|0.99951422|0.99995637|0.99996459|0.99997687,0.99999142|0.98661196|0.99993455|0.99995542|0.99951422|0.99995637|0.99996459|0.99997687
tr_external_uz_dvbt_f482_r09,218,8911,LTE,0.8535103797912598,0.14300118386745453,DVB-T,0.9999416843056679,0.9999416843056679,8,0,0,False,only_512_correct,DVB-T|DVB-T|DVB-T|DVB-T|DVB-T|DVB-T|DVB-T|DVB-T,0.99998116|0.99975032|0.99994612|0.99997485|0.99996960|0.99994993|0.99998295|0.99997854,0.99998116|0.99975032|0.99994612|0.99997485|0.99996960|0.99994993|0.99998295|0.99997854
tr_external_uz_dvbt_f482_r09,219,8912,LTE,0.7299385070800781,0.26559555530548096,DVB-T,0.9999727308750153,0.9999727308750153,8,0,0,False,only_512_correct,DVB-T|DVB-T|DVB-T|DVB-T|DVB-T|DVB-T|DVB-T|DVB-T,0.99995649|0.99999201|0.99997592|0.99995315|0.99997914|0.99996805|0.99997127|0.99998581,0.99995649|0.99999201|0.99997592|0.99995315|0.99997914|0.99996805|0.99997127|0.99998581
tr_external_uz_dvbt_f482_r09,220,8913,LTE,0.5608133673667908,0.43409398198127747,DVB-T,0.9999838173389435,0.9999838173389435,8,0,0,False,only_512_correct,DVB-T|DVB-T|DVB-T|DVB-T|DVB-T|DVB-T|DVB-T|DVB-T,0.99999237|0.99997985|0.99995530|0.99999082|0.99999332|0.99999034|0.99999070|0.99997783,0.99999237|0.99997985|0.99995530|0.99999082|0.99999332|0.99999034|0.99999070|0.99997783
tr_external_uz_dvbt_f482_r09,221,8914,LTE,0.9244330525398254,0.07303670793771744,DVB-T,0.9999829679727554,0.9999829679727554,8,0,0,False,only_512_correct,DVB-T|DVB-T|DVB-T|DVB-T|DVB-T|DVB-T|DVB-T|DVB-T,0.99999166|0.99996161|0.99996793|0.99999285|0.99998331|0.99998689|0.99998665|0.99999285,0.99999166|0.99996161|0.99996793|0.99999285|0.99998331|0.99998689|0.99998665|0.99999285
tr_external_uz_dvbt_f482_r09,222,8915,LTE,0.9319635629653931,0.06570988893508911,DVB-T,0.9999908953905106,0.9999908953905106,8,0,0,False,only_512_correct,DVB-T|DVB-T|DVB-T|DVB-T|DVB-T|DVB-T|DVB-T|DVB-T,0.99999535|0.99998808|0.99998045|0.99999368|0.99999595|0.99998689|0.99999213|0.99999464,0.99999535|0.99998808|0.99998045|0.99999368|0.99999595|0.99998689|0.99999213|0.99999464
tr_external_uz_dvbt_f482_r09,223,8916,LTE,0.9441114664077759,0.05376459285616875,DVB-T,0.9999798089265823,0.9999798089265823,8,0,0,False,only_512_correct,DVB-T|DVB-T|DVB-T|DVB-T|DVB-T|DVB-T|DVB-T|DVB-T,0.99997473|0.99999285|0.99999154|0.99998975|0.99996758|0.99999058|0.99999392|0.99993753,0.99997473|0.99999285|0.99999154|0.99998975|0.99996758|0.99999058|0.99999392|0.99993753
tr_external_uz_dvbt_f482_r09,224,8917,LTE,0.9943482279777527,0.005119784269481897,DVB-T,0.9999731630086899,0.9999731630086899,8,0,0,False,only_512_correct,DVB-T|DVB-T|DVB-T|DVB-T|DVB-T|DVB-T|DVB-T|DVB-T,0.99999666|0.99998331|0.99999595|0.99998569|0.99994624|0.99996638|0.99999332|0.99991775,0.99999666|0.99998331|0.99999595|0.99998569|0.99994624|0.99996638|0.99999332|0.99991775
tr_external_uz_dvbt_f482_r09,225,8918,LTE,0.9948433637619019,0.004643821157515049,DVB-T,0.99989815056324,0.99989815056324,8,0,0,False,only_512_correct,DVB-T|DVB-T|DVB-T|DVB-T|DVB-T|DVB-T|DVB-T|DVB-T,0.99999416|0.99981612|0.99998927|0.99993360|0.99954468|0.99998522|0.99996436|0.99995780,0.99999416|0.99981612|0.99998927|0.99993360|0.99954468|0.99998522|0.99996436|0.99995780
tr_external_uz_dvbt_f482_r09,226,8919,LTE,0.7953864932060242,0.20077408850193024,DVB-T,0.9999313428997993,0.9999313428997993,8,0,0,False,only_512_correct,DVB-T|DVB-T|DVB-T|DVB-T|DVB-T|DVB-T|DVB-T|DVB-T,0.99973565|0.99989986|0.99997532|0.99999297|0.99991763|0.99998736|0.99998689|0.99995506,0.99973565|0.99989986|0.99997532|0.99999297|0.99991763|0.99998736|0.99998689|0.99995506
tr_external_uz_dvbt_f482_r09,227,8920,LTE,0.5605599284172058,0.43445977568626404,DVB-T,0.9999518692493439,0.9999518692493439,8,0,0,False,only_512_correct,DVB-T|DVB-T|DVB-T|DVB-T|DVB-T|DVB-T|DVB-T|DVB-T,0.99998343|0.99996996|0.99998426|0.99996841|0.99995744|0.99992859|0.99998653|0.99983633,0.99998343|0.99996996|0.99998426|0.99996841|0.99995744|0.99992859|0.99998653|0.99983633
tr_external_uz_dvbt_f482_r09,228,8921,DVB-T,0.7022652626037598,0.7022652626037598,DVB-T,0.9999502524733543,0.9999502524733543,8,0,0,False,both_correct,DVB-T|DVB-T|DVB-T|DVB-T|DVB-T|DVB-T|DVB-T|DVB-T,0.99996221|0.99998009|0.99996269|0.99996960|0.99997663|0.99998140|0.99998844|0.99978095,0.99996221|0.99998009|0.99996269|0.99996960|0.99997663|0.99998140|0.99998844|0.99978095
tr_external_uz_dvbt_f482_r09,229,8922,DVB-T,0.9432148933410645,0.9432148933410645,DVB-T,0.999975398182869,0.999975398182869,8,0,0,False,both_correct,DVB-T|DVB-T|DVB-T|DVB-T|DVB-T|DVB-T|DVB-T|DVB-T,0.99998915|0.99996698|0.99997103|0.99997985|0.99996614|0.99998116|0.99996579|0.99998307,0.99998915|0.99996698|0.99997103|0.99997985|0.99996614|0.99998116|0.99996579|0.99998307
tr_external_uz_dvbt_f482_r09,230,8923,DVB-T,0.9015427231788635,0.9015427231788635,DVB-T,0.99996717274189,0.99996717274189,8,0,0,False,both_correct,DVB-T|DVB-T|DVB-T|DVB-T|DVB-T|DVB-T|DVB-T|DVB-T,0.99997628|0.99996638|0.99998736|0.99998522|0.99998987|0.99999130|0.99986672|0.99997425,0.99997628|0.99996638|0.99998736|0.99998522|0.99998987|0.99999130|0.99986672|0.99997425
tr_external_uz_dvbt_f482_r09,231,8924,DVB-T,0.7955317497253418,0.7955317497253418,DVB-T,0.9999144896864891,0.9999144896864891,8,0,0,False,both_correct,DVB-T|DVB-T|DVB-T|DVB-T|DVB-T|DVB-T|DVB-T|DVB-T,0.99995720|0.99997962|0.99957091|0.99999022|0.99993527|0.99998641|0.99998617|0.99991012,0.99995720|0.99997962|0.99957091|0.99999022|0.99993527|0.99998641|0.99998617|0.99991012
tr_external_uz_dvbt_f482_r09,232,8925,DVB-T,0.5576727390289307,0.5576727390289307,DVB-T,0.9999771118164062,0.9999771118164062,8,0,0,False,both_correct,DVB-T|DVB-T|DVB-T|DVB-T|DVB-T|DVB-T|DVB-T|DVB-T,0.99998152|0.99996674|0.99998403|0.99998629|0.99996150|0.99998569|0.99996710|0.99998403,0.99998152|0.99996674|0.99998403|0.99998629|0.99996150|0.99998569|0.99996710|0.99998403
tr_external_uz_dvbt_f482_r09,233,8926,LTE,0.6707234978675842,0.32470256090164185,DVB-T,0.9999637752771378,0.9999637752771378,8,0,0,False,only_512_correct,DVB-T|DVB-T|DVB-T|DVB-T|DVB-T|DVB-T|DVB-T|DVB-T,0.99996316|0.99997914|0.99993420|0.99998689|0.99992490|0.99995613|0.99999356|0.99997222,0.99996316|0.99997914|0.99993420|0.99998689|0.99992490|0.99995613|0.99999356|0.99997222
tr_external_uz_dvbt_f482_r09,234,8927,DVB-T,0.533258318901062,0.533258318901062,DVB-T,0.9999004900455475,0.9999004900455475,8,0,0,False,both_correct,DVB-T|DVB-T|DVB-T|DVB-T|DVB-T|DVB-T|DVB-T|DVB-T,0.99998939|0.99993742|0.99998963|0.99995899|0.99997914|0.99986196|0.99985147|0.99963593,0.99998939|0.99993742|0.99998963|0.99995899|0.99997914|0.99986196|0.99985147|0.99963593
tr_external_uz_dvbt_f482_r09,235,8928,DVB-T,0.7846021056175232,0.7846021056175232,DVB-T,0.8836505189538002,0.8836505189538002,7,1,0,False,both_correct,DVB-T|DVB-T|DVB-T|DVB-T|DVB-T|LTE|DVB-T|DVB-T,0.99995852|0.99936587|0.99947280|0.98747116|0.99995172|0.91336578|0.99998760|0.99899513,0.99995852|0.99936587|0.99947280|0.98747116|0.99995172|0.08400136|0.99998760|0.99899513
tr_external_uz_dvbt_f482_r09,236,8929,DVB-T,0.9511801600456238,0.9511801600456238,DVB-T,0.877595130354166,0.877595130354166,7,1,0,False,both_correct,DVB-T|DVB-T|DVB-T|LTE|DVB-T|DVB-T|DVB-T|DVB-T,0.99983203|0.99595720|0.99993205|0.96014607|0.99993217|0.99779236|0.99309385|0.99782538,0.99983203|0.99595720|0.99993205|0.03639600|0.99993217|0.99779236|0.99309385|0.99782538
tr_external_uz_dvbt_f482_r09,237,8930,DVB-T,0.9085127711296082,0.9085127711296082,DVB-T,0.872226431267336,0.872226431267336,7,1,0,False,both_correct,DVB-T|LTE|DVB-T|DVB-T|DVB-T|DVB-T|DVB-T|DVB-T,0.98666787|0.98484451|0.99991620|0.99979681|0.99768233|0.99975628|0.98194593|0.99962282,0.98666787|0.01242321|0.99991620|0.99979681|0.99768233|0.99975628|0.98194593|0.99962282
tr_external_uz_dvbt_f482_r09,238,8931,DVB-T,0.9780423045158386,0.9780423045158386,DVB-T,0.9990781471133232,0.9990781471133232,8,0,0,False,both_correct,DVB-T|DVB-T|DVB-T|DVB-T|DVB-T|DVB-T|DVB-T|DVB-T,0.99993753|0.99990690|0.99795747|0.99991465|0.99995518|0.99712795|0.99989605|0.99792945,0.99993753|0.99990690|0.99795747|0.99991465|0.99995518|0.99712795|0.99989605|0.99792945
tr_external_uz_dvbt_f482_r09,239,8932,DVB-T,0.9431785345077515,0.9431785345077515,DVB-T,0.9946775436401367,0.9946775436401367,8,0,0,False,both_correct,DVB-T|DVB-T|DVB-T|DVB-T|DVB-T|DVB-T|DVB-T|DVB-T,0.96237862|0.99953437|0.99756950|0.99965596|0.99888617|0.99987197|0.99976331|0.99976045,0.96237862|0.99953437|0.99756950|0.99965596|0.99888617|0.99987197|0.99976331|0.99976045
tr_external_uz_dvbt_f482_r09,240,8933,DVB-T,0.8958202600479126,0.8958202600479126,DVB-T,0.999265156686306,0.999265156686306,8,0,0,False,both_correct,DVB-T|DVB-T|DVB-T|DVB-T|DVB-T|DVB-T|DVB-T|DVB-T,0.99984539|0.99992943|0.99802470|0.99830389|0.99965119|0.99977666|0.99889529|0.99969471,0.99984539|0.99992943|0.99802470|0.99830389|0.99965119|0.99977666|0.99889529|0.99969471
tr_external_uz_dvbt_f482_r09,241,8934,LTE,0.7453317046165466,0.2505185902118683,DVB-T,0.8338811174035072,0.8338811174035072,7,1,0,False,only_512_correct,LTE|DVB-T|DVB-T|DVB-T|DVB-T|DVB-T|DVB-T|DVB-T,0.63689369|0.80859298|0.99983621|0.61810154|0.99981230|0.95802402|0.92683935|0.99995255,0.35988998|0.80859298|0.99983621|0.61810154|0.99981230|0.95802402|0.92683935|0.99995255
tr_external_uz_dvbt_f482_r09,242,8935,LTE,0.9402199983596802,0.05789726600050926,DVB-T,0.8663928308524191,0.8663928308524191,7,1,0,False,only_512_correct,DVB-T|DVB-T|DVB-T|DVB-T|DVB-T|DVB-T|DVB-T|LTE,0.99848026|0.93454170|0.99892360|0.99964130|0.99845254|0.99995565|0.95847416|0.95480919,0.99848026|0.93454170|0.99892360|0.99964130|0.99845254|0.99995565|0.95847416|0.04267343
tr_external_uz_dvbt_f482_r09,243,8936,LTE,0.6650773286819458,0.3301383852958679,DVB-T,0.9110000878572464,0.9110000878572464,8,0,0,False,only_512_correct,DVB-T|DVB-T|DVB-T|DVB-T|DVB-T|DVB-T|DVB-T|DVB-T,0.99581909|0.99261028|0.77158833|0.82779890|0.99976534|0.99916899|0.70145941|0.99979037,0.99581909|0.99261028|0.77158833|0.82779890|0.99976534|0.99916899|0.70145941|0.99979037
tr_external_uz_dvbt_f482_r09,244,8937,DVB-T,0.7160648107528687,0.7160648107528687,DVB-T,0.7897204852197319,0.7897204852197319,6,2,0,False,both_correct,DVB-T|DVB-T|DVB-T|DVB-T|DVB-T|LTE|LTE|DVB-T,0.98462427|0.98400879|0.99718636|0.99780756|0.99606776|0.64352030|0.98695779|0.99536252,0.98462427|0.98400879|0.99718636|0.99780756|0.99606776|0.35158181|0.01112481|0.99536252
tr_external_uz_dvbt_f482_r09,245,8938,LTE,0.8638756275177002,0.13304150104522705,DVB-T,0.8630284145474434,0.8630284145474434,8,0,0,False,only_512_correct,DVB-T|DVB-T|DVB-T|DVB-T|DVB-T|DVB-T|DVB-T|DVB-T,0.93713319|0.51002032|0.93132424|0.52935690|0.99766076|0.99983764|0.99972934|0.99916494,0.93713319|0.51002032|0.93132424|0.52935690|0.99766076|0.99983764|0.99972934|0.99916494
tr_external_uz_dvbt_f482_r09,246,8939,DVB-T,0.8097831606864929,0.8097831606864929,DVB-T,0.996922641992569,0.996922641992569,8,0,0,False,both_correct,DVB-T|DVB-T|DVB-T|DVB-T|DVB-T|DVB-T|DVB-T|DVB-T,0.98420930|0.99984419|0.99960166|0.99983394|0.99967051|0.99889392|0.99393106|0.99939656,0.98420930|0.99984419|0.99960166|0.99983394|0.99967051|0.99889392|0.99393106|0.99939656
tr_external_uz_dvbt_f482_r09,247,8940,DVB-T,0.9686170220375061,0.9686170220375061,DVB-T,0.9938647598028183,0.9938647598028183,8,0,0,False,both_correct,DVB-T|DVB-T|DVB-T|DVB-T|DVB-T|DVB-T|DVB-T|DVB-T,0.99925560|0.97538394|0.97784001|0.99988592|0.99986839|0.99955457|0.99935311|0.99977654,0.99925560|0.97538394|0.97784001|0.99988592|0.99986839|0.99955457|0.99935311|0.99977654
tr_external_uz_dvbt_f482_r09,248,8941,DVB-T,0.8754120469093323,0.8754120469093323,DVB-T,0.922524455934763,0.922524455934763,7,1,0,False,both_correct,DVB-T|DVB-T|DVB-T|DVB-T|LTE|DVB-T|DVB-T|DVB-T,0.99995708|0.99825400|0.99909770|0.99992752|0.61026406|0.99979657|0.99878854|0.99987590,0.99995708|0.99825400|0.99909770|0.99992752|0.38449833|0.99979657|0.99878854|0.99987590
tr_external_uz_dvbt_f482_r09,249,8942,DVB-T,0.9692896604537964,0.9692896604537964,DVB-T,0.9998222514986992,0.9998222514986992,8,0,0,False,both_correct,DVB-T|DVB-T|DVB-T|DVB-T|DVB-T|DVB-T|DVB-T|DVB-T,0.99996495|0.99987161|0.99996912|0.99988949|0.99994159|0.99959403|0.99985111|0.99949610,0.99996495|0.99987161|0.99996912|0.99988949|0.99994159|0.99959403|0.99985111|0.99949610
tr_external_uz_dvbt_f482_r09,250,8943,DVB-T,0.9931933283805847,0.9931933283805847,DVB-T,0.9999318793416023,0.9999318793416023,8,0,0,False,both_correct,DVB-T|DVB-T|DVB-T|DVB-T|DVB-T|DVB-T|DVB-T|DVB-T,0.99997234|0.99971479|0.99995947|0.99997425|0.99996603|0.99991858|0.99997532|0.99997425,0.99997234|0.99971479|0.99995947|0.99997425|0.99996603|0.99991858|0.99997532|0.99997425
tr_external_uz_dvbt_f482_r09,251,8944,DVB-T,0.9048428535461426,0.9048428535461426,DVB-T,0.9999591708183289,0.9999591708183289,8,0,0,False,both_correct,DVB-T|DVB-T|DVB-T|DVB-T|DVB-T|DVB-T|DVB-T|DVB-T,0.99987388|0.99998653|0.99996912|0.99998963|0.99995208|0.99998057|0.99997234|0.99994922,0.99987388|0.99998653|0.99996912|0.99998963|0.99995208|0.99998057|0.99997234|0.99994922
tr_external_uz_dvbt_f482_r09,252,8945,DVB-T,0.7923350930213928,0.7923350930213928,DVB-T,0.9999647736549377,0.9999647736549377,8,0,0,False,both_correct,DVB-T|DVB-T|DVB-T|DVB-T|DVB-T|DVB-T|DVB-T|DVB-T,0.99997950|0.99998748|0.99996364|0.99998534|0.99998248|0.99999464|0.99987352|0.99995160,0.99997950|0.99998748|0.99996364|0.99998534|0.99998248|0.99999464|0.99987352|0.99995160
tr_external_uz_dvbt_f482_r09,253,8946,DVB-T,0.8130365610122681,0.8130365610122681,DVB-T,0.9999750852584839,0.9999750852584839,8,0,0,False,both_correct,DVB-T|DVB-T|DVB-T|DVB-T|DVB-T|DVB-T|DVB-T|DVB-T,0.99998772|0.99997115|0.99995637|0.99999261|0.99994576|0.99998701|0.99998295|0.99997711,0.99998772|0.99997115|0.99995637|0.99999261|0.99994576|0.99998701|0.99998295|0.99997711
tr_external_uz_dvbt_f482_r09,254,8947,DVB-T,0.5151774883270264,0.5151774883270264,DVB-T,0.9999688416719437,0.9999688416719437,8,0,0,False,both_correct,DVB-T|DVB-T|DVB-T|DVB-T|DVB-T|DVB-T|DVB-T|DVB-T,0.99998081|0.99997985|0.99992847|0.99998951|0.99998641|0.99992120|0.99998593|0.99997854,0.99998081|0.99997985|0.99992847|0.99998951|0.99998641|0.99992120|0.99998593|0.99997854
tr_external_uz_dvbt_f482_r09,255,8948,DVB-T,0.9234983921051025,0.9234983921051025,DVB-T,0.9999681562185287,0.9999681562185287,8,0,0,False,both_correct,DVB-T|DVB-T|DVB-T|DVB-T|DVB-T|DVB-T|DVB-T|DVB-T,0.99998021|0.99995458|0.99998093|0.99996006|0.99999285|0.99992573|0.99995816|0.99999273,0.99998021|0.99995458|0.99998093|0.99996006|0.99999285|0.99992573|0.99995816|0.99999273
tr_external_uz_dvbt_f482_r09,256,8949,DVB-T,0.6919071674346924,0.6919071674346924,DVB-T,0.9998139068484306,0.9998139068484306,8,0,0,False,both_correct,DVB-T|DVB-T|DVB-T|DVB-T|DVB-T|DVB-T|DVB-T|DVB-T,0.99997628|0.99998212|0.99888331|0.99995017|0.99996102|0.99993491|0.99990404|0.99991941,0.99997628|0.99998212|0.99888331|0.99995017|0.99996102|0.99993491|0.99990404|0.99991941
tr_external_uz_dvbt_f482_r09,257,8950,DVB-T,0.8670640587806702,0.8670640587806702,DVB-T,0.8930368237197399,0.8930368237197399,7,1,0,False,both_correct,DVB-T|LTE|DVB-T|DVB-T|DVB-T|DVB-T|DVB-T|DVB-T,0.99993944|0.85142761|0.99997866|0.99995267|0.99995291|0.99969554|0.99973410|0.99994874,0.99993944|0.14509252|0.99997866|0.99995267|0.99995291|0.99969554|0.99973410|0.99994874
tr_external_uz_dvbt_f482_r09,258,8951,DVB-T,0.9434302449226379,0.9434302449226379,DVB-T,0.9988410472869873,0.9988410472869873,8,0,0,False,both_correct,DVB-T|DVB-T|DVB-T|DVB-T|DVB-T|DVB-T|DVB-T|DVB-T,0.99992025|0.99994385|0.99230862|0.99982977|0.99901664|0.99984312|0.99998283|0.99988329,0.99992025|0.99994385|0.99230862|0.99982977|0.99901664|0.99984312|0.99998283|0.99988329
tr_external_uz_dvbt_f482_r09,259,8952,DVB-T,0.9671151638031006,0.9671151638031006,DVB-T,0.9994576349854469,0.9994576349854469,8,0,0,False,both_correct,DVB-T|DVB-T|DVB-T|DVB-T|DVB-T|DVB-T|DVB-T|DVB-T,0.99980313|0.99997199|0.99965298|0.99968290|0.99994576|0.99994385|0.99996424|0.99669623,0.99980313|0.99997199|0.99965298|0.99968290|0.99994576|0.99994385|0.99996424|0.99669623
tr_external_uz_dvbt_f482_r09,260,8953,DVB-T,0.9747568368911743,0.9747568368911743,DVB-T,0.9936510995030403,0.9936510995030403,8,0,0,False,both_correct,DVB-T|DVB-T|DVB-T|DVB-T|DVB-T|DVB-T|DVB-T|DVB-T,0.99992657|0.99996126|0.99995542|0.99988103|0.99979645|0.99997318|0.94976783|0.99994707,0.99992657|0.99996126|0.99995542|0.99988103|0.99979645|0.99997318|0.94976783|0.99994707
tr_external_uz_dvbt_f482_r09,261,8954,DVB-T,0.9867804646492004,0.9867804646492004,DVB-T,0.9926780462265015,0.9926780462265015,8,0,0,False,both_correct,DVB-T|DVB-T|DVB-T|DVB-T|DVB-T|DVB-T|DVB-T|DVB-T,0.94825405|0.99913555|0.99980205|0.99996424|0.99485981|0.99996400|0.99965024|0.99979442,0.94825405|0.99913555|0.99980205|0.99996424|0.99485981|0.99996400|0.99965024|0.99979442
tr_external_uz_dvbt_f482_r09,262,8955,LTE,0.8486278057098389,0.14791364967823029,DVB-T,0.9987287819385529,0.9987287819385529,8,0,0,False,only_512_correct,DVB-T|DVB-T|DVB-T|DVB-T|DVB-T|DVB-T|DVB-T|DVB-T,0.99971515|0.99980766|0.99992585|0.99994183|0.99387592|0.99989593|0.99874473|0.99792320,0.99971515|0.99980766|0.99992585|0.99994183|0.99387592|0.99989593|0.99874473|0.99792320
tr_external_uz_dvbt_f482_r09,263,8956,DVB-T,0.9435486793518066,0.9435486793518066,DVB-T,0.9996154233813286,0.9996154233813286,8,0,0,False,both_correct,DVB-T|DVB-T|DVB-T|DVB-T|DVB-T|DVB-T|DVB-T|DVB-T,0.99961096|0.99995494|0.99998546|0.99787700|0.99981707|0.99979967|0.99991560|0.99996269,0.99961096|0.99995494|0.99998546|0.99787700|0.99981707|0.99979967|0.99991560|0.99996269
tr_external_uz_dvbt_f482_r09,264,8957,LTE,0.7301322221755981,0.2654586136341095,DVB-T,0.9996519982814789,0.9996519982814789,8,0,0,False,only_512_correct,DVB-T|DVB-T|DVB-T|DVB-T|DVB-T|DVB-T|DVB-T|DVB-T,0.99980122|0.99958831|0.99849463|0.99996400|0.99978894|0.99991262|0.99970728|0.99995899,0.99980122|0.99958831|0.99849463|0.99996400|0.99978894|0.99991262|0.99970728|0.99995899
tr_external_uz_dvbt_f482_r09,265,8958,LTE,0.9613956809043884,0.036893993616104126,DVB-T,0.9988110959529877,0.9988110959529877,8,0,0,False,only_512_correct,DVB-T|DVB-T|DVB-T|DVB-T|DVB-T|DVB-T|DVB-T|DVB-T,0.99990523|0.99985456|0.99968183|0.99995995|0.99998999|0.99980658|0.99994361|0.99134701,0.99990523|0.99985456|0.99968183|0.99995995|0.99998999|0.99980658|0.99994361|0.99134701
tr_external_uz_dvbt_f482_r09,266,8959,DVB-T,0.5918473601341248,0.5918473601341248,DVB-T,0.9999389797449112,0.9999389797449112,8,0,0,False,both_correct,DVB-T|DVB-T|DVB-T|DVB-T|DVB-T|DVB-T|DVB-T|DVB-T,0.99993789|0.99999022|0.99991655|0.99992836|0.99990046|0.99994135|0.99998236|0.99991465,0.99993789|0.99999022|0.99991655|0.99992836|0.99990046|0.99994135|0.99998236|0.99991465
tr_external_uz_dvbt_f482_r09,267,8960,LTE,0.5264371037483215,0.46857407689094543,DVB-T,0.9999224618077278,0.9999224618077278,8,0,0,False,only_512_correct,DVB-T|DVB-T|DVB-T|DVB-T|DVB-T|DVB-T|DVB-T|DVB-T,0.99985611|0.99997723|0.99997795|0.99993157|0.99973804|0.99998772|0.99992096|0.99999011,0.99985611|0.99997723|0.99997795|0.99993157|0.99973804|0.99998772|0.99992096|0.99999011
